id,materiau_famille,materiau,diametre,longueur,annee_pose,x1,y1,x2,y2
SYN000000,Plastique,PVC,200,6.1,2005,0.0,0.0,-0.2,-6.1
SYN000001,Fonte,Fonte ductile,200,203.2,1988,-0.2,-6.1,178.2,91.2
SYN000002,Plastique,PEHD,200,76.6,2009,-1656.5,3114.4,-1676.1,3040.3
SYN000003,Plastique,PVC,100,7.3,1997,-3267.5,-1390.7,-3274.7,-1389.5
SYN000004,Fonte,Fonte grise,40,63.3,1938,-3274.7,-1389.5,-3234.5,-1438.4
SYN000005,Ciment,Amiante-ciment,125,30.3,1971,-3234.5,-1438.4,-3235.2,-1408.1
SYN000006,Plastique,PVC,250,277.3,1986,-3235.2,-1408.1,-2958.1,-1399.4
SYN000007,Plastique,PVC,150,34.2,2003,-2958.1,-1399.4,-2954.9,-1433.5
SYN000008,Fonte,Fonte grise,500,29.2,1947,-2954.9,-1433.5,-2973.1,-1456.2
SYN000009,Fonte,Fonte ductile,80,67.2,1992,-2010.6,3092.5,-2061.1,3048.1
SYN000010,Fonte,Fonte ductile,150,194.2,1991,-2061.1,3048.1,-2085.3,3240.8
SYN000011,Acier,Acier,125,52.1,1982,-2085.3,3240.8,-2121.9,3277.9
SYN000012,Plastique,PVC collé,125,352.4,1983,-2121.9,3277.9,-2456.0,3390.1
SYN000013,Plastique,PEHD,250,263.2,2010,-2456.0,3390.1,-2276.9,3197.2
SYN000014,Fonte,Fonte ductile,150,98.7,1974,-1300.1,887.7,-1225.6,952.4
SYN000015,Fonte,Fonte ductile,200,120.3,1983,-1225.6,952.4,-1192.2,1068.0
SYN000016,Plastique,PVC collé,500,10.6,1979,-1192.2,1068.0,-1181.9,1065.7
SYN000017,Fonte,Fonte grise,32,47.6,1971,-1181.9,1065.7,-1184.2,1113.2
SYN000018,Plastique,PEHD,250,27.9,2023,-1184.2,1113.2,-1182.3,1085.4
SYN000019,Plastique,PVC collé,200,72.7,1961,-1182.3,1085.4,-1154.1,1152.4
SYN000020,Plastique,PVC,200,149.6,1995,-1585.7,-1958.5,-1686.4,-2069.1
SYN000021,Fonte,Fonte ductile,200,40.5,2005,-1686.4,-2069.1,-1665.1,-2034.6
SYN000022,Ciment,Amiante-ciment,100,121.1,1975,-1665.1,-2034.6,-1622.7,-1921.2
SYN000023,Plastique,PEHD,80,22.0,2002,-1622.7,-1921.2,-1642.4,-1911.4
SYN000024,Plastique,PVC,200,394.4,1991,-3213.5,-3656.3,-2843.9,-3518.5
SYN000025,Fonte,Fonte grise,300,27.8,1957,-987.7,-1573.3,-974.8,-1597.9
SYN000026,Fonte,Fonte ductile,200,150.5,1971,-974.8,-1597.9,-913.9,-1460.2
SYN000027,Fonte,Fonte grise,150,126.3,1937,-913.9,-1460.2,-864.6,-1344.0
SYN000028,Fonte,Fonte grise,32,37.5,1932,-864.6,-1344.0,-878.9,-1309.3
SYN000029,Plastique,PVC,200,32.1,1982,3714.9,-2859.4,3741.3,-2841.2
SYN000030,Plastique,PVC,80,158.0,2002,3741.3,-2841.2,3667.0,-2980.6
SYN000031,Acier,Acier,80,126.7,1963,3876.7,1424.1,4003.3,1427.6
SYN000032,Fonte,Fonte ductile,250,19.4,1998,4003.3,1427.6,4012.3,1444.8
SYN000033,Fonte,Fonte ductile,80,101.9,2015,4012.3,1444.8,4075.6,1524.6
SYN000034,Fonte,Fonte ductile,32,28.2,1983,4075.6,1524.6,4066.9,1497.8
SYN000035,Fonte,Fonte grise,125,84.5,1964,4066.9,1497.8,4114.7,1567.5
SYN000036,Fonte,Fonte grise,250,93.2,1967,2092.1,3381.9,2011.3,3428.5
SYN000037,Fonte,Fonte ductile,32,22.2,1980,2011.3,3428.5,1998.1,3446.3
SYN000038,Fonte,Fonte ductile,80,29.0,2000,2325.2,721.7,2354.1,724.1
SYN000039,Plastique,PVC collé,100,106.5,1961,2354.1,724.1,2360.7,617.8
SYN000040,Fonte,Fonte ductile,80,26.4,1978,2360.7,617.8,2369.7,642.6
SYN000041,Plastique,PEHD,125,462.9,2005,2369.7,642.6,1909.9,589.5
SYN000042,Plastique,PVC,32,84.5,2001,1909.9,589.5,1891.5,672.0
SYN000043,Fonte,Fonte ductile,100,27.1,2002,1891.5,672.0,1915.2,658.8
SYN000044,Plastique,PEHD,80,94.7,1998,1915.2,658.8,1945.5,569.1
SYN000045,Plastique,PEHD,150,90.2,2010,-219.4,3770.9,-131.7,3791.8
SYN000046,Fonte,Fonte ductile,50,18.3,1982,-3188.5,-1530.0,-3194.6,-1547.3
SYN000047,Fonte,Fonte ductile,125,17.5,1970,-3194.6,-1547.3,-3188.0,-1531.1
SYN000048,Plastique,PVC,250,46.3,2018,3612.3,-2878.6,3600.8,-2923.4
SYN000049,Fonte,Fonte grise,150,77.0,1949,2558.5,-132.3,2519.1,-198.4
SYN000050,Fonte,Fonte grise,40,35.2,1931,2519.1,-198.4,2496.5,-225.4
SYN000051,Fonte,Fonte grise,40,123.2,1936,2496.5,-225.4,2422.4,-127.0
SYN000052,Plastique,PVC,400,58.5,1989,632.2,-67.5,573.7,-66.4
SYN000053,Plastique,PVC collé,300,26.3,1963,573.7,-66.4,572.7,-40.1
SYN000054,Plastique,PVC,32,182.7,2017,1749.5,-3621.1,1914.1,-3541.7
SYN000055,Plastique,PVC,150,113.0,2012,3495.3,368.4,3486.4,255.8
SYN000056,Fonte,Fonte ductile,80,67.1,1974,3486.4,255.8,3424.9,282.8
SYN000057,Plastique,PVC collé,250,136.9,1965,2410.8,834.5,2274.0,828.9
SYN000058,Fonte,Fonte grise,250,71.8,1933,2274.0,828.9,2277.3,900.6
SYN000059,Fonte,Fonte grise,125,59.5,1938,2277.3,900.6,2261.7,958.0
SYN000060,Plastique,PVC collé,125,74.9,1964,2261.7,958.0,2321.3,1003.4
SYN000061,Fonte,Fonte ductile,200,129.7,1990,2321.3,1003.4,2340.6,875.1
SYN000062,Plastique,PVC collé,32,22.1,1983,2340.6,875.1,2330.1,894.6
SYN000063,Plastique,PVC,125,220.3,1992,2330.1,894.6,2233.8,696.5
SYN000064,Plastique,PVC collé,100,122.4,1982,2233.8,696.5,2133.1,626.8
SYN000065,Plastique,PVC collé,100,45.9,1977,2133.1,626.8,2163.5,661.2
SYN000066,Plastique,PVC collé,63,89.7,1960,2163.5,661.2,2210.0,737.9
SYN000067,Fonte,Fonte ductile,40,84.8,2003,2210.0,737.9,2128.6,761.6
SYN000068,Fonte,Fonte grise,250,95.9,1952,-1706.0,2930.2,-1744.0,2842.1
SYN000069,Fonte,Fonte ductile,250,47.5,2013,-1744.0,2842.1,-1713.3,2878.4
SYN000070,Fonte,Fonte grise,63,31.9,1941,-1713.3,2878.4,-1684.7,2864.3
SYN000071,Fonte,Fonte ductile,80,62.3,2003,-1684.7,2864.3,-1628.2,2890.4
SYN000072,Plastique,PEHD,250,44.3,1996,187.4,3257.6,186.9,3301.9
SYN000073,Fonte,Fonte ductile,80,57.1,2003,186.9,3301.9,130.0,3297.9
SYN000074,Fonte,Fonte grise,100,14.8,1951,130.0,3297.9,133.3,3283.5
SYN000075,Fonte,Fonte ductile,250,16.9,1972,133.3,3283.5,124.2,3269.3
SYN000076,Fonte,Fonte ductile,80,26.2,1985,124.2,3269.3,143.1,3251.1
SYN000077,Plastique,PVC collé,500,33.2,1964,2572.9,500.2,2542.2,487.6
SYN000078,Plastique,PVC collé,40,9.0,1971,2542.2,487.6,2541.4,496.6
SYN000079,Plastique,PVC,80,55.9,1981,2541.4,496.6,2512.4,544.4
SYN000080,Plastique,PVC collé,200,16.0,1978,2512.4,544.4,2506.7,529.5
SYN000081,Fonte,Fonte ductile,32,90.0,1999,2506.7,529.5,2524.9,441.3
SYN000082,Plastique,PEHD,200,32.0,1997,3218.4,-3836.5,3250.4,-3835.1
SYN000083,Fonte,Fonte grise,200,15.8,1963,3250.4,-3835.1,3245.4,-3820.1
SYN000084,Fonte,Fonte grise,250,23.6,1966,3245.4,-3820.1,3223.1,-3827.7
SYN000085,Fonte,Fonte grise,150,12.3,1947,3223.1,-3827.7,3233.4,-3834.4
SYN000086,Plastique,PVC,200,20.1,1993,514.4,-462.8,508.2,-481.9
SYN000087,Fonte,Fonte ductile,100,15.9,2006,1411.2,1969.1,1427.0,1969.3
SYN000088,Fonte,Fonte grise,200,57.5,1956,880.2,-2966.9,835.4,-2930.8
SYN000089,Fonte,Fonte ductile,80,127.9,1987,-687.8,564.1,-804.5,511.7
SYN000090,Fonte,Fonte grise,200,83.1,1949,-804.5,511.7,-724.1,490.6
SYN000091,Plastique,PVC,250,19.6,1998,3903.5,3770.1,3912.7,3787.4
SYN000092,Fonte,Fonte ductile,200,254.7,2007,3912.7,3787.4,4109.3,3949.3
SYN000093,Fonte,Fonte ductile,150,132.3,2006,4109.3,3949.3,4184.7,4058.1
SYN000094,Fonte,Fonte ductile,80,95.9,2015,-124.9,-3610.2,-151.6,-3702.3
SYN000095,Plastique,PVC collé,80,45.5,1981,-2173.6,737.4,-2217.4,725.0
SYN000096,Fonte,Fonte ductile,125,284.6,2000,-2198.0,-1359.8,-1983.9,-1172.3
SYN000097,Fonte,Fonte grise,125,131.2,1942,2909.5,425.6,2949.3,300.6
SYN000098,Fonte,Fonte grise,250,45.7,1954,2949.3,300.6,2938.2,256.2
SYN000099,Acier,Acier,250,119.1,1953,2938.2,256.2,2983.6,146.1
SYN000100,Plastique,PEHD,100,45.2,2001,-136.7,2697.6,-152.6,2739.9
SYN000101,Plastique,PVC,100,172.9,1991,-152.6,2739.9,-159.8,2912.7
SYN000102,Fonte,Fonte ductile,200,157.2,1998,-3410.3,2125.9,-3274.9,2046.0
SYN000103,Acier,Acier,200,84.5,1980,-876.4,-126.3,-916.2,-51.8
SYN000104,Plastique,PVC,250,49.3,1999,-3305.6,-3644.8,-3258.6,-3659.7
SYN000105,Plastique,PVC,40,55.2,2007,-3258.6,-3659.7,-3248.3,-3605.5
SYN000106,Fonte,Fonte ductile,100,191.4,1981,-3968.0,-2854.4,-4074.5,-3013.4
SYN000107,Fonte,Fonte ductile,150,190.4,1993,-4074.5,-3013.4,-4139.5,-3192.4
SYN000108,Fonte,Fonte grise,80,18.8,1946,-4139.5,-3192.4,-4153.1,-3205.4
SYN000109,Plastique,PEHD,125,62.9,2016,-4153.1,-3205.4,-4211.5,-3228.8
SYN000110,Fonte,Fonte ductile,32,126.4,1976,1379.5,1141.8,1276.7,1068.3
SYN000111,Fonte,Fonte grise,50,124.8,1951,1276.7,1068.3,1302.7,1190.3
SYN000112,Fonte,Fonte ductile,80,28.2,2002,275.0,-1787.4,301.7,-1778.4
SYN000113,Plastique,PVC collé,100,96.9,1967,-1199.7,-885.3,-1175.7,-791.4
SYN000114,Fonte,Fonte grise,100,102.3,1954,-1175.7,-791.4,-1120.1,-705.6
SYN000115,Plastique,PEHD,63,12.0,2015,-1120.1,-705.6,-1110.0,-712.1
SYN000116,Plastique,PVC,125,58.1,1990,1435.6,-2076.2,1393.3,-2036.4
SYN000117,Plastique,PVC,125,64.2,2016,1393.3,-2036.4,1356.9,-1983.5
SYN000118,Fonte,Fonte ductile,150,40.4,2012,3026.5,-1423.7,3023.4,-1464.0
SYN000119,Plastique,PVC collé,125,166.8,1985,3023.4,-1464.0,3161.7,-1370.6
SYN000120,Plastique,PVC collé,250,57.7,1969,3161.7,-1370.6,3217.6,-1356.7
SYN000121,Plastique,PVC collé,80,52.9,1976,3217.6,-1356.7,3170.7,-1332.2
SYN000122,Fonte,Fonte grise,32,12.4,1957,3170.7,-1332.2,3159.6,-1337.8
SYN000123,Fonte,Fonte ductile,80,44.1,1994,3159.6,-1337.8,3138.4,-1376.5
SYN000124,Fonte,Fonte grise,200,51.9,1970,3138.4,-1376.5,3190.3,-1379.0
SYN000125,Fonte,Fonte ductile,200,141.5,1987,2817.4,2658.9,2677.6,2680.9
SYN000126,Fonte,Fonte ductile,150,44.2,1996,2677.6,2680.9,2696.4,2640.9
SYN000127,Fonte,Fonte grise,200,32.5,1955,3695.1,-2008.6,3722.2,-2026.6
SYN000128,Fonte,Fonte grise,150,163.0,1960,3722.2,-2026.6,3717.0,-1863.7
SYN000129,Plastique,PVC collé,100,72.1,1976,2366.4,-470.3,2294.4,-475.1
SYN000130,Fonte,Fonte grise,200,55.3,1935,2294.4,-475.1,2274.2,-423.7
SYN000131,Acier,Acier,80,15.4,1985,2274.2,-423.7,2274.3,-439.1
SYN000132,Plastique,PVC collé,125,80.7,1969,2274.3,-439.1,2346.9,-474.4
SYN000133,Fonte,Fonte ductile,250,264.8,1976,2346.9,-474.4,2349.1,-209.6
SYN000134,Plastique,PVC collé,200,32.9,1971,2349.1,-209.6,2331.8,-237.6
SYN000135,Fonte,Fonte grise,600,67.6,1960,2331.8,-237.6,2359.7,-299.2
SYN000136,Acier,Acier,80,11.6,1975,-69.6,1635.7,-59.6,1641.6
SYN000137,Fonte,Fonte ductile,500,20.5,1986,3463.8,-2190.5,3478.1,-2175.7
SYN000138,Plastique,PVC,200,82.9,2005,3478.1,-2175.7,3560.1,-2163.6
SYN000139,Fonte,Fonte grise,150,43.7,1934,3560.1,-2163.6,3567.8,-2206.7
SYN000140,Fonte,Fonte ductile,40,29.2,1970,3567.8,-2206.7,3556.7,-2179.7
SYN000141,Fonte,Fonte ductile,80,68.4,1982,3556.7,-2179.7,3509.7,-2229.4
SYN000142,Acier,Acier,80,65.5,1984,2385.3,542.0,2325.9,569.6
SYN000143,Plastique,PVC collé,125,95.7,1985,2325.9,569.6,2377.7,489.1
SYN000144,Fonte,Fonte ductile,80,31.9,1995,1022.0,306.8,1017.9,338.4
SYN000145,Fonte,Fonte ductile,250,90.5,2006,1017.9,338.4,952.3,276.1
SYN000146,Fonte,Fonte ductile,125,30.5,1996,952.3,276.1,940.3,248.0
SYN000147,Plastique,PVC collé,200,100.1,1979,940.3,248.0,877.8,169.8
SYN000148,Fonte,Fonte ductile,500,46.6,1973,877.8,169.8,872.6,123.5
SYN000149,Fonte,Fonte grise,125,87.6,1954,-2109.9,-1733.6,-2177.7,-1678.1
SYN000150,Plastique,PEHD,100,114.7,2002,-2177.7,-1678.1,-2208.8,-1788.5
SYN000151,Plastique,PEHD,40,84.5,1995,-2208.8,-1788.5,-2255.8,-1718.2
SYN000152,Fonte,Fonte grise,100,73.7,1930,-1407.0,510.4,-1457.7,564.0
SYN000153,Plastique,PVC collé,32,20.6,1964,-1457.7,564.0,-1475.2,574.8
SYN000154,Fonte,Fonte grise,63,37.3,1937,-1475.2,574.8,-1482.8,538.2
SYN000155,Plastique,PVC,63,14.5,1991,1703.1,-291.0,1711.6,-302.8
SYN000156,Fonte,Fonte ductile,150,69.5,2008,-1961.8,-2860.3,-1900.0,-2892.0
SYN000157,Plastique,PVC collé,100,50.4,1979,-1900.0,-2892.0,-1882.1,-2844.9
SYN000158,Plastique,PVC,200,44.9,2010,-1882.1,-2844.9,-1913.7,-2813.0
SYN000159,Plastique,PVC,200,63.2,1983,-1913.7,-2813.0,-1886.9,-2870.2
SYN000160,Fonte,Fonte grise,125,51.9,1931,-1886.9,-2870.2,-1928.0,-2838.7
SYN000161,Plastique,PEHD,150,65.7,2007,-1928.0,-2838.7,-1987.6,-2810.9
SYN000162,Fonte,Fonte ductile,250,47.4,2009,-1987.6,-2810.9,-1975.0,-2765.2
SYN000163,Fonte,Fonte grise,150,48.9,1941,-1975.0,-2765.2,-1933.8,-2791.4
SYN000164,Plastique,PVC collé,150,69.2,1980,-1933.8,-2791.4,-2002.9,-2790.1
SYN000165,Fonte,Fonte ductile,125,488.6,1990,-2002.9,-2790.1,-1595.8,-2520.0
SYN000166,Plastique,PEHD,100,18.5,2022,-1595.8,-2520.0,-1587.7,-2503.4
SYN000167,Plastique,PEHD,250,74.9,2021,-2321.9,-3270.9,-2249.5,-3290.0
SYN000168,Fonte,Fonte ductile,500,76.2,1972,1719.3,-3448.5,1779.2,-3401.4
SYN000169,Acier,Acier,40,24.0,1963,1779.2,-3401.4,1775.7,-3377.7
SYN000170,Fonte,Fonte ductile,80,39.5,1985,1775.7,-3377.7,1739.7,-3361.3
SYN000171,Fonte,Fonte ductile,63,36.9,1998,1739.7,-3361.3,1751.8,-3326.5
SYN000172,Fonte,Fonte ductile,32,57.1,1998,1751.8,-3326.5,1694.7,-3324.1
SYN000173,Acier,Acier,80,20.6,1965,1694.7,-3324.1,1696.8,-3303.6
SYN000174,Fonte,Fonte grise,80,15.2,1940,1696.8,-3303.6,1711.9,-3304.5
SYN000175,Fonte,Fonte grise,80,16.2,1963,3837.0,-615.3,3853.1,-613.9
SYN000176,Fonte,Fonte ductile,125,23.6,2008,3853.1,-613.9,3848.1,-636.9
SYN000177,Ciment,Amiante-ciment,250,37.3,1979,3848.1,-636.9,3863.1,-602.8
SYN000178,Plastique,PEHD,80,32.4,2018,3863.1,-602.8,3860.3,-570.5
SYN000179,Plastique,PVC,63,22.6,1987,3860.3,-570.5,3838.7,-577.3
SYN000180,Plastique,PEHD,40,17.5,2019,3838.7,-577.3,3841.8,-560.0
SYN000181,Plastique,PEHD,400,72.3,2007,3841.8,-560.0,3910.2,-583.7
SYN000182,Fonte,Fonte ductile,150,79.5,2002,3910.2,-583.7,3830.8,-589.1
SYN000183,Fonte,Fonte ductile,150,27.9,2005,3830.8,-589.1,3820.0,-563.4
SYN000184,Plastique,PVC,125,52.9,2016,-969.3,2572.4,-922.2,2548.3
SYN000185,Plastique,PVC collé,100,55.7,1973,-922.2,2548.3,-933.5,2493.8
SYN000186,Fonte,Fonte ductile,125,159.5,1992,1352.3,377.3,1309.7,531.0
SYN000187,Fonte,Fonte grise,250,33.3,1952,-839.1,2400.6,-867.6,2383.5
SYN000188,Plastique,PVC,200,212.9,1985,-867.6,2383.5,-687.8,2269.5
SYN000189,Fonte,Fonte ductile,125,99.0,2005,-687.8,2269.5,-642.8,2357.7
SYN000190,Acier,Acier,125,18.3,1983,-642.8,2357.7,-632.6,2372.9
SYN000191,Fonte,Fonte ductile,125,142.2,1977,-632.6,2372.9,-684.6,2505.2
SYN000192,Fonte,Fonte grise,250,31.4,1970,-684.6,2505.2,-656.5,2519.1
SYN000193,Plastique,PEHD,80,32.5,2009,-656.5,2519.1,-643.9,2549.1
SYN000194,Fonte,Fonte grise,100,327.4,1939,-643.9,2549.1,-770.6,2247.2
SYN000195,Fonte,Fonte grise,150,72.9,1950,-1639.7,1270.1,-1579.5,1311.2
SYN000196,Plastique,PVC collé,150,118.4,1972,1823.0,3322.6,1838.4,3205.2
SYN000197,Plastique,PEHD,200,18.4,2005,1838.4,3205.2,1850.6,3191.4
SYN000198,Fonte,Fonte grise,400,90.7,1953,1850.6,3191.4,1919.4,3132.3
SYN000199,Fonte,Fonte ductile,250,87.3,1989,1919.4,3132.3,1832.8,3143.7
SYN000200,Plastique,PVC,150,47.5,2012,3268.9,1849.1,3221.5,1846.3
SYN000201,Ciment,Amiante-ciment,150,25.3,1958,3221.5,1846.3,3228.7,1822.1
SYN000202,Fonte,Fonte ductile,50,57.3,1970,3228.7,1822.1,3172.1,1831.2
SYN000203,Fonte,Fonte grise,80,86.3,1932,3172.1,1831.2,3097.7,1874.9
SYN000204,Fonte,Fonte grise,150,96.6,1952,3097.7,1874.9,3013.3,1827.9
SYN000205,Fonte,Fonte ductile,63,32.4,1988,3013.3,1827.9,3021.8,1859.1
SYN000206,Fonte,Fonte grise,100,51.4,1959,3021.8,1859.1,2988.8,1819.8
SYN000207,Plastique,PVC,80,48.0,2009,2988.8,1819.8,2942.3,1831.8
SYN000208,Fonte,Fonte grise,100,36.3,1941,1654.7,3965.4,1627.0,3941.9
SYN000209,Fonte,Fonte ductile,50,28.4,1978,1231.9,3190.5,1203.6,3193.3
SYN000210,Plastique,PVC,32,21.2,2017,2454.7,-3166.9,2473.2,-3156.6
SYN000211,Plastique,PVC collé,100,85.8,1983,418.9,2687.1,483.1,2630.2
SYN000212,Fonte,Fonte grise,80,101.6,1971,483.1,2630.2,563.0,2692.9
SYN000213,Plastique,PEHD,200,85.4,1995,563.0,2692.9,642.1,2725.1
SYN000214,Plastique,PVC,100,33.5,2010,642.1,2725.1,610.3,2735.6
SYN000215,Plastique,PVC,150,32.6,2002,610.3,2735.6,639.7,2749.7
SYN000216,Fonte,Fonte grise,80,42.8,1944,1476.2,-2546.2,1484.7,-2504.2
SYN000217,Fonte,Fonte grise,150,23.5,1974,825.6,-2588.3,848.6,-2583.5
SYN000218,Acier,Acier,100,865.4,1972,2184.0,-3462.7,1698.9,-4179.4
SYN000219,Fonte,Fonte ductile,150,49.8,1991,2625.0,-189.7,2655.4,-229.2
SYN000220,Fonte,Fonte ductile,100,27.9,2014,2655.4,-229.2,2671.8,-206.6
SYN000221,Fonte,Fonte ductile,150,126.7,1991,2671.8,-206.6,2796.2,-182.5
SYN000222,Plastique,PVC collé,250,18.6,1973,2796.2,-182.5,2810.3,-194.6
SYN000223,Acier,Acier,200,50.6,1970,2810.3,-194.6,2765.6,-171.0
SYN000224,Fonte,Fonte ductile,250,30.1,1993,2344.6,2055.5,2364.2,2032.6
SYN000225,Acier,Acier,80,10.2,1985,2364.2,2032.6,2361.7,2042.5
SYN000226,Fonte,Fonte grise,50,74.3,1935,-3941.2,-1157.1,-3899.9,-1095.3
SYN000227,Plastique,PVC collé,50,86.6,1983,-2268.9,3954.2,-2191.7,3993.5
SYN000228,Plastique,PVC collé,200,14.7,1973,-2191.7,3993.5,-2204.2,3985.7
SYN000229,Fonte,Fonte grise,200,84.1,1943,-2204.2,3985.7,-2120.1,3984.3
SYN000230,Fonte,Fonte grise,32,111.1,1963,-2120.1,3984.3,-2182.1,4076.4
SYN000231,Fonte,Fonte ductile,200,49.6,2010,1019.6,162.8,983.3,129.0
SYN000232,Acier,Acier,125,84.3,1980,2302.9,2829.1,2240.9,2771.9
SYN000233,Plastique,PVC collé,100,75.0,1981,2240.9,2771.9,2236.9,2697.0
SYN000234,Acier,Acier,63,168.4,1976,3362.9,-3185.9,3453.4,-3327.9
SYN000235,Plastique,PEHD,32,51.3,2002,3453.4,-3327.9,3472.7,-3375.4
SYN000236,Fonte,Fonte ductile,80,27.7,1970,3472.7,-3375.4,3469.3,-3402.9
SYN000237,Plastique,PVC,150,33.1,2009,2128.3,3017.4,2158.4,3031.2
SYN000238,Fonte,Fonte grise,80,12.6,1956,2158.4,3031.2,2170.4,3027.5
SYN000239,Fonte,Fonte grise,125,182.9,1962,2170.4,3027.5,1993.8,2979.9
SYN000240,Plastique,PEHD,250,26.6,2021,1993.8,2979.9,1967.5,2984.0
SYN000241,Plastique,PVC,80,71.8,1998,1967.5,2984.0,2020.2,3032.8
SYN000242,Fonte,Fonte ductile,80,74.9,1973,2020.2,3032.8,2007.8,2958.9
SYN000243,Plastique,PVC collé,63,45.1,1978,2007.8,2958.9,1988.6,2999.7
SYN000244,Plastique,PVC collé,125,103.4,1965,1988.6,2999.7,1954.7,3097.4
SYN000245,Plastique,PEHD,200,31.7,2019,1954.7,3097.4,1956.7,3065.7
SYN000246,Plastique,PVC collé,150,27.3,1966,1956.7,3065.7,1968.3,3090.5
SYN000247,Fonte,Fonte ductile,200,47.0,2001,-2743.9,2226.4,-2750.7,2272.9
SYN000248,Fonte,Fonte ductile,500,55.0,2011,-2750.7,2272.9,-2711.8,2234.0
SYN000249,Fonte,Fonte ductile,40,8.1,1992,-2711.8,2234.0,-2707.1,2240.6
SYN000250,Plastique,PVC collé,200,66.5,1984,-2707.1,2240.6,-2640.6,2241.5
SYN000251,Plastique,PEHD,100,25.6,2003,-2640.6,2241.5,-2637.1,2266.9
SYN000252,Fonte,Fonte ductile,125,59.9,1981,-2637.1,2266.9,-2632.2,2326.6
SYN000253,Fonte,Fonte ductile,400,86.0,2014,-2632.2,2326.6,-2691.9,2388.6
SYN000254,Fonte,Fonte ductile,150,123.6,1970,-2691.9,2388.6,-2727.4,2506.9
SYN000255,Plastique,PVC,80,55.9,1998,-2727.4,2506.9,-2679.8,2477.6
SYN000256,Plastique,PEHD,125,37.0,2022,-2679.8,2477.6,-2714.6,2465.1
SYN000257,Fonte,Fonte grise,600,75.6,1936,-2714.6,2465.1,-2755.0,2401.2
SYN000258,Fonte,Fonte grise,40,16.9,1940,-2755.0,2401.2,-2738.7,2405.9
SYN000259,Plastique,PVC collé,400,72.4,1969,-632.7,-682.0,-590.6,-623.0
SYN000260,Fonte,Fonte grise,500,118.5,1946,-590.6,-623.0,-492.4,-689.3
SYN000261,Plastique,PEHD,50,15.7,1995,-492.4,-689.3,-501.2,-702.2
SYN000262,Fonte,Fonte ductile,100,9.4,2011,-501.2,-702.2,-510.3,-699.8
SYN000263,Fonte,Fonte grise,200,258.7,1969,-510.3,-699.8,-559.1,-445.8
SYN000264,Acier,Acier,150,89.0,1981,-3103.2,-1692.9,-3014.2,-1695.1
SYN000265,Fonte,Fonte grise,100,23.1,1930,-3014.2,-1695.1,-3037.3,-1694.2
SYN000266,Fonte,Fonte ductile,125,19.8,2000,2164.5,-3849.2,2178.0,-3834.7
SYN000267,Fonte,Fonte grise,125,51.1,1966,2178.0,-3834.7,2155.8,-3788.7
SYN000268,Fonte,Fonte grise,150,14.0,1965,2155.8,-3788.7,2166.4,-3779.4
SYN000269,Fonte,Fonte grise,125,47.9,1959,2166.4,-3779.4,2167.8,-3731.6
SYN000270,Fonte,Fonte grise,125,161.8,1954,2167.8,-3731.6,2150.9,-3892.5
SYN000271,Fonte,Fonte grise,200,24.5,1932,2150.9,-3892.5,2127.6,-3900.2
SYN000272,Fonte,Fonte grise,125,14.5,1969,-1463.0,1231.8,-1470.3,1219.2
SYN000273,Plastique,PVC collé,32,105.1,1983,-2868.5,-1071.2,-2973.6,-1066.8
SYN000274,Plastique,PVC,400,53.0,2001,-2973.6,-1066.8,-2981.6,-1119.2
SYN000275,Fonte,Fonte ductile,80,55.4,1980,-2981.6,-1119.2,-3006.5,-1168.7
SYN000276,Fonte,Fonte ductile,200,18.6,1977,-3006.5,-1168.7,-2988.2,-1165.9
SYN000277,Fonte,Fonte ductile,100,64.7,1970,3921.2,-2059.0,3886.7,-2113.8
SYN000278,Plastique,PEHD,150,54.1,2022,-3702.7,430.1,-3674.5,476.3
SYN000279,Plastique,PEHD,250,30.0,2008,-3674.5,476.3,-3648.1,490.6
SYN000280,Fonte,Fonte grise,80,67.1,1957,-3648.1,490.6,-3608.8,436.2
SYN000281,Fonte,Fonte grise,500,65.6,1933,1376.1,2152.5,1424.9,2108.7
SYN000282,Fonte,Fonte ductile,125,76.9,2010,1424.9,2108.7,1443.4,2183.3
SYN000283,Fonte,Fonte ductile,100,18.2,2012,-523.1,-2545.5,-507.0,-2553.9
SYN000284,Plastique,PVC collé,100,19.2,1979,1213.6,1599.4,1228.7,1611.3
SYN000285,Fonte,Fonte ductile,200,88.6,1973,2913.1,-1570.8,2892.8,-1484.6
SYN000286,Fonte,Fonte grise,150,58.7,1951,2892.8,-1484.6,2905.5,-1427.3
SYN000287,Fonte,Fonte ductile,80,102.3,1993,1108.7,3196.8,1058.9,3286.2
SYN000288,Plastique,PVC collé,100,125.4,1964,1058.9,3286.2,1001.3,3397.6
SYN000289,Fonte,Fonte grise,50,171.6,1962,1001.3,3397.6,937.9,3238.1
SYN000290,Plastique,PEHD,100,54.3,2024,937.9,3238.1,884.3,3247.0
SYN000291,Fonte,Fonte grise,400,94.9,1946,884.3,3247.0,905.0,3339.6
SYN000292,Acier,Acier,125,85.8,1984,905.0,3339.6,965.2,3400.8
SYN000293,Fonte,Fonte grise,125,60.9,1960,965.2,3400.8,1012.8,3438.8
SYN000294,Plastique,PEHD,80,72.7,2008,1012.8,3438.8,943.0,3459.2
SYN000295,Plastique,PEHD,150,102.8,2008,943.0,3459.2,887.7,3545.9
SYN000296,Ciment,Amiante-ciment,40,45.5,1966,-1810.4,-2739.9,-1834.7,-2778.3
SYN000297,Plastique,PEHD,32,91.3,1996,-1834.7,-2778.3,-1770.3,-2843.0
SYN000298,Plastique,PVC,500,18.6,1993,-3627.5,2080.6,-3631.6,2098.7
SYN000299,Plastique,PVC collé,250,26.6,1970,-3631.6,2098.7,-3630.7,2125.3
SYN000300,Plastique,PVC,200,153.0,1995,2836.2,-800.4,2685.1,-824.2
SYN000301,Fonte,Fonte grise,125,47.3,1965,3820.0,-445.1,3806.3,-399.8
SYN000302,Plastique,PVC collé,125,100.1,1973,3806.3,-399.8,3729.9,-464.5
SYN000303,Fonte,Fonte ductile,125,56.6,2009,535.4,-2449.7,569.1,-2404.2
SYN000304,Plastique,PEHD,150,23.4,2000,569.1,-2404.2,590.3,-2394.2
SYN000305,Fonte,Fonte ductile,200,268.5,2002,590.3,-2394.2,363.5,-2250.3
SYN000306,Fonte,Fonte ductile,250,5.8,1988,363.5,-2250.3,368.4,-2253.5
SYN000307,Plastique,PVC collé,80,107.4,1969,1454.4,-3603.7,1470.8,-3497.6
SYN000308,Fonte,Fonte ductile,80,13.4,1980,-1712.6,-3427.3,-1703.5,-3437.1
SYN000309,Fonte,Fonte grise,100,20.9,1972,-1703.5,-3437.1,-1724.3,-3434.8
SYN000310,Fonte,Fonte ductile,63,110.5,1999,359.1,-679.0,248.6,-680.2
SYN000311,Fonte,Fonte ductile,250,29.6,1992,248.6,-680.2,244.5,-650.9
SYN000312,Fonte,Fonte ductile,150,76.8,1973,244.5,-650.9,197.1,-711.3
SYN000313,Fonte,Fonte ductile,80,57.8,1999,197.1,-711.3,248.6,-685.1
SYN000314,Fonte,Fonte ductile,80,85.9,1991,248.6,-685.1,217.6,-604.9
SYN000315,Fonte,Fonte ductile,250,29.1,1988,3330.4,682.5,3330.3,653.4
SYN000316,Fonte,Fonte ductile,200,61.6,1976,3330.3,653.4,3321.0,714.3
SYN000317,Plastique,PVC,100,198.6,2020,-1473.3,-2548.4,-1463.4,-2746.7
SYN000318,Fonte,Fonte ductile,32,31.0,1977,-1463.4,-2746.7,-1451.1,-2775.2
SYN000319,Acier,Acier,125,67.5,1968,-731.2,757.6,-759.6,696.4
SYN000320,Plastique,PEHD,250,50.6,2006,-759.6,696.4,-755.2,746.8
SYN000321,Fonte,Fonte ductile,150,12.8,2015,-755.2,746.8,-757.2,759.4
SYN000322,Fonte,Fonte ductile,200,41.3,1987,-757.2,759.4,-739.4,796.7
SYN000323,Plastique,PVC collé,600,132.6,1981,-739.4,796.7,-779.8,923.0
SYN000324,Plastique,PEHD,200,41.0,2013,-779.8,923.0,-743.2,941.3
SYN000325,Plastique,PVC collé,80,52.4,1981,-743.2,941.3,-789.9,965.1
SYN000326,Plastique,PEHD,125,23.4,2015,-789.9,965.1,-774.7,982.9
SYN000327,Plastique,PVC collé,80,328.1,1971,-774.7,982.9,-813.0,657.0
SYN000328,Plastique,PVC collé,250,52.6,1963,-2997.4,-3306.0,-2945.4,-3298.4
SYN000329,Fonte,Fonte ductile,150,47.0,2007,-2945.4,-3298.4,-2937.9,-3344.8
SYN000330,Plastique,PVC,80,13.5,2017,-2937.9,-3344.8,-2950.6,-3340.0
SYN000331,Fonte,Fonte grise,125,227.7,1946,-2950.6,-3340.0,-3146.9,-3455.3
SYN000332,Plastique,PVC,150,35.3,1991,-3146.9,-3455.3,-3173.8,-3432.3
SYN000333,Plastique,PEHD,80,143.2,2012,-3173.8,-3432.3,-3250.7,-3311.6
SYN000334,Fonte,Fonte grise,200,6.6,1934,2763.7,-3127.6,2762.4,-3121.1
SYN000335,Plastique,PVC collé,100,27.7,1973,2762.4,-3121.1,2767.4,-3093.8
SYN000336,Fonte,Fonte grise,250,145.7,1958,2767.4,-3093.8,2732.5,-2952.4
SYN000337,Plastique,PVC,250,19.0,2016,2732.5,-2952.4,2746.4,-2965.4
SYN000338,Fonte,Fonte grise,200,4.5,1941,2746.4,-2965.4,2742.0,-2964.5
SYN000339,Acier,Acier,250,72.3,1987,2742.0,-2964.5,2741.4,-3036.8
SYN000340,Fonte,Fonte grise,250,55.7,1956,2741.4,-3036.8,2732.4,-2981.8
SYN000341,Acier,Acier,100,33.7,1984,-204.9,-1269.2,-212.6,-1236.4
SYN000342,Plastique,PEHD,100,62.8,2003,1038.3,2300.5,997.1,2347.9
SYN000343,Plastique,PVC collé,63,31.9,1970,1053.3,-2497.1,1085.1,-2500.4
SYN000344,Plastique,PVC,200,38.0,2002,1085.1,-2500.4,1063.8,-2531.9
SYN000345,Plastique,PVC,100,11.5,2003,1063.8,-2531.9,1075.3,-2533.3
SYN000346,Acier,Acier,100,10.9,1988,1075.3,-2533.3,1068.3,-2524.9
SYN000347,Fonte,Fonte ductile,125,21.9,1972,-2730.0,-2727.4,-2708.1,-2726.2
SYN000348,Plastique,PVC collé,40,30.3,1960,-2708.1,-2726.2,-2729.3,-2747.8
SYN000349,Fonte,Fonte grise,100,13.3,1937,-2729.3,-2747.8,-2740.7,-2740.8
SYN000350,Plastique,PVC collé,100,35.8,1973,-2740.7,-2740.8,-2710.4,-2759.9
SYN000351,Fonte,Fonte grise,100,82.0,1959,-2710.4,-2759.9,-2751.1,-2688.7
SYN000352,Plastique,PVC collé,300,305.8,1974,-2751.1,-2688.7,-2445.6,-2675.5
SYN000353,Plastique,PVC collé,150,38.3,1977,1630.2,-1157.1,1592.5,-1150.2
SYN000354,Fonte,Fonte ductile,150,35.4,1996,1592.5,-1150.2,1596.2,-1185.4
SYN000355,Plastique,PVC collé,80,41.3,1984,1596.2,-1185.4,1572.1,-1218.9
SYN000356,Plastique,PVC,150,22.6,2005,-777.3,-2120.4,-769.9,-2099.1
SYN000357,Plastique,PVC,150,149.0,2015,-769.9,-2099.1,-907.5,-2042.0
SYN000358,Fonte,Fonte ductile,150,294.4,1991,2719.5,3032.9,2449.4,3150.0
SYN000359,Plastique,PVC collé,50,50.6,1978,2449.4,3150.0,2479.5,3109.4
SYN000360,Acier,Acier,150,142.2,1982,2479.5,3109.4,2592.3,3022.8
SYN000361,Fonte,Fonte grise,250,118.9,1955,2592.3,3022.8,2661.7,3119.3
SYN000362,Fonte,Fonte grise,125,17.6,1955,2661.7,3119.3,2664.0,3136.7
SYN000363,Fonte,Fonte grise,100,26.3,1967,-2727.1,3842.0,-2707.9,3860.0
SYN000364,Plastique,PVC collé,150,95.6,1978,-1802.5,394.2,-1755.7,477.5
SYN000365,Fonte,Fonte ductile,40,29.8,2011,-1755.7,477.5,-1785.4,475.1
SYN000366,Plastique,PVC,125,53.5,1981,-1785.4,475.1,-1800.1,526.5
SYN000367,Plastique,PVC,125,12.7,1989,-1800.1,526.5,-1798.0,539.1
SYN000368,Fonte,Fonte ductile,80,88.9,1991,-1798.0,539.1,-1757.4,618.1
SYN000369,Plastique,PEHD,40,36.9,2008,-1757.4,618.1,-1789.0,637.2
SYN000370,Plastique,PVC,100,47.3,2014,-669.5,3498.9,-695.8,3538.2
SYN000371,Fonte,Fonte ductile,250,33.2,1975,-695.8,3538.2,-716.4,3512.2
SYN000372,Fonte,Fonte ductile,40,13.9,2007,2894.6,506.0,2900.9,493.7
SYN000373,Fonte,Fonte ductile,80,68.1,2009,2900.9,493.7,2936.2,435.4
SYN000374,Fonte,Fonte grise,150,34.8,1949,2936.2,435.4,2962.1,458.7
SYN000375,Fonte,Fonte grise,80,26.7,1973,811.7,2133.6,802.4,2158.6
SYN000376,Acier,Acier,150,65.9,1960,802.4,2158.6,741.2,2183.1
SYN000377,Fonte,Fonte ductile,600,69.5,2005,741.2,2183.1,772.7,2245.0
SYN000378,Fonte,Fonte ductile,125,54.6,1985,772.7,2245.0,824.0,2263.7
SYN000379,Plastique,PVC,100,21.1,2015,824.0,2263.7,804.6,2255.5
SYN000380,Plastique,PVC collé,250,23.7,1979,804.6,2255.5,823.4,2241.1
SYN000381,Acier,Acier,250,105.6,1973,823.4,2241.1,913.2,2296.6
SYN000382,Plastique,PVC,32,52.3,2006,913.2,2296.6,889.6,2343.2
SYN000383,Fonte,Fonte ductile,125,14.6,1984,889.6,2343.2,903.1,2337.8
SYN000384,Fonte,Fonte ductile,125,12.9,2009,903.1,2337.8,894.5,2347.4
SYN000385,Ciment,Amiante-ciment,200,123.4,1971,-3006.8,-1345.5,-2888.7,-1309.7
SYN000386,Plastique,PVC,80,56.0,2016,-2888.7,-1309.7,-2944.7,-1311.2
SYN000387,Acier,Acier,150,56.1,1968,-2944.7,-1311.2,-2970.5,-1361.0
SYN000388,Fonte,Fonte grise,63,43.1,1935,-2970.5,-1361.0,-2936.5,-1387.4
SYN000389,Plastique,PEHD,150,144.9,2017,-2936.5,-1387.4,-3002.3,-1516.5
SYN000390,Plastique,PVC collé,125,76.1,1966,3793.8,-455.6,3790.3,-379.6
SYN000391,Fonte,Fonte grise,100,32.8,1968,3790.3,-379.6,3822.8,-375.5
SYN000392,Plastique,PVC collé,63,25.0,1968,3822.8,-375.5,3799.0,-368.0
SYN000393,Plastique,PVC,600,80.1,1985,3799.0,-368.0,3723.0,-342.6
SYN000394,Fonte,Fonte grise,80,129.1,1958,3723.0,-342.6,3826.3,-265.2
SYN000395,Fonte,Fonte ductile,32,197.3,2010,3826.3,-265.2,3641.8,-195.2
SYN000396,Plastique,PEHD,80,111.3,1996,3641.8,-195.2,3676.4,-301.0
SYN000397,Fonte,Fonte ductile,200,103.2,2004,-752.4,-759.8,-672.0,-695.2
SYN000398,Fonte,Fonte ductile,50,31.0,1999,-672.0,-695.2,-682.7,-666.1
SYN000399,Fonte,Fonte ductile,125,51.1,2015,-682.7,-666.1,-667.3,-617.3
SYN000400,Fonte,Fonte ductile,200,67.4,2002,-667.3,-617.3,-670.7,-550.0
SYN000401,Plastique,PEHD,150,42.2,2024,2013.8,3006.5,2028.4,3046.1
SYN000402,Plastique,PVC,150,47.2,1993,2028.4,3046.1,1996.4,3080.9
SYN000403,Fonte,Fonte grise,100,59.7,1963,1996.4,3080.9,1936.8,3084.5
SYN000404,Ciment,Amiante-ciment,250,56.7,1977,3001.9,2601.8,2951.8,2575.4
SYN000405,Plastique,PEHD,250,10.0,2017,-2577.7,1851.2,-2584.9,1858.1
SYN000406,Fonte,Fonte ductile,80,26.5,2006,-2584.9,1858.1,-2594.2,1882.9
SYN000407,Plastique,PEHD,100,325.5,2017,-2594.2,1882.9,-2754.3,1599.5
SYN000408,Fonte,Fonte grise,100,296.6,1959,667.9,3931.2,388.3,3832.4
SYN000409,Ciment,Amiante-ciment,200,51.2,1974,388.3,3832.4,353.7,3794.6
SYN000410,Plastique,PVC collé,100,54.5,1984,-1643.6,-2528.5,-1678.8,-2570.1
SYN000411,Plastique,PVC collé,40,71.0,1963,-1678.8,-2570.1,-1738.0,-2530.9
SYN000412,Fonte,Fonte grise,80,21.4,1952,-1738.0,-2530.9,-1717.3,-2525.4
SYN000413,Plastique,PEHD,80,25.8,2010,-1717.3,-2525.4,-1741.2,-2515.6
SYN000414,Fonte,Fonte grise,200,24.5,1956,-1741.2,-2515.6,-1728.2,-2494.9
SYN000415,Fonte,Fonte ductile,200,35.2,1982,-1728.2,-2494.9,-1711.3,-2525.8
SYN000416,Fonte,Fonte grise,40,142.2,1970,-1711.3,-2525.8,-1834.9,-2596.2
SYN000417,Plastique,PVC,80,161.3,1995,-1834.9,-2596.2,-1915.9,-2735.6
SYN000418,Fonte,Fonte grise,250,43.8,1951,-1915.9,-2735.6,-1941.5,-2771.2
SYN000419,Plastique,PEHD,125,33.1,2004,3426.5,765.1,3406.1,739.0
SYN000420,Plastique,PVC collé,300,47.1,1982,3406.1,739.0,3451.1,725.0
SYN000421,Fonte,Fonte grise,200,127.0,1947,3451.1,725.0,3528.7,825.5
SYN000422,Fonte,Fonte grise,150,50.5,1933,-3758.2,778.7,-3767.2,729.0
SYN000423,Fonte,Fonte grise,200,20.0,1956,-3767.2,729.0,-3763.0,709.4
SYN000424,Plastique,PVC collé,100,83.0,1967,-3763.0,709.4,-3732.9,786.7
SYN000425,Plastique,PEHD,250,50.2,2003,-3732.9,786.7,-3683.1,779.9
SYN000426,Fonte,Fonte ductile,125,109.7,1975,-3683.1,779.9,-3733.4,877.5
SYN000427,Plastique,PEHD,80,12.5,1997,-3733.4,877.5,-3742.7,885.8
SYN000428,Fonte,Fonte grise,150,16.1,1935,-3742.7,885.8,-3734.4,899.6
SYN000429,Plastique,PEHD,200,74.0,2010,-3734.4,899.6,-3770.5,964.1
SYN000430,Acier,Acier,200,80.2,1978,-3770.5,964.1,-3692.8,944.2
SYN000431,Plastique,PVC,125,175.8,1981,-3692.8,944.2,-3654.0,772.7
SYN000432,Plastique,PVC,250,29.6,2017,-3654.0,772.7,-3641.8,745.7
SYN000433,Plastique,PEHD,125,42.6,1995,808.0,-1141.5,803.1,-1183.8
SYN000434,Fonte,Fonte grise,200,80.9,1953,803.1,-1183.8,848.4,-1116.8
SYN000435,Fonte,Fonte grise,200,158.2,1947,848.4,-1116.8,1001.7,-1155.6
SYN000436,Fonte,Fonte grise,200,32.3,1941,1001.7,-1155.6,971.3,-1144.8
SYN000437,Fonte,Fonte ductile,150,28.5,1971,971.3,-1144.8,997.2,-1156.7
SYN000438,Plastique,PVC,100,69.6,1987,997.2,-1156.7,1061.3,-1129.6
SYN000439,Plastique,PVC collé,32,111.5,1976,1061.3,-1129.6,1166.2,-1091.7
SYN000440,Plastique,PEHD,50,51.2,2023,2369.2,-2868.9,2416.4,-2849.1
SYN000441,Fonte,Fonte grise,80,69.2,1932,-2338.2,1463.2,-2400.2,1432.5
SYN000442,Plastique,PVC,125,52.1,1996,-3792.6,-3997.5,-3748.2,-4024.7
SYN000443,Fonte,Fonte grise,200,68.9,1958,-2854.6,-703.2,-2849.0,-634.5
SYN000444,Fonte,Fonte ductile,250,227.1,1991,-2849.0,-634.5,-2927.6,-421.4
SYN000445,Plastique,PVC,100,58.0,2002,-2927.6,-421.4,-2883.6,-383.7
SYN000446,Ciment,Amiante-ciment,250,42.4,1963,-2883.6,-383.7,-2917.9,-358.8
SYN000447,Plastique,PVC collé,150,185.3,1977,731.9,-3190.9,874.6,-3072.6
SYN000448,Fonte,Fonte grise,80,17.5,1950,-2591.7,-2458.1,-2591.6,-2440.6
SYN000449,Plastique,PVC collé,200,89.7,1971,-2591.6,-2440.6,-2622.7,-2356.4
SYN000450,Fonte,Fonte grise,250,13.3,1936,-2622.7,-2356.4,-2615.5,-2367.6
SYN000451,Plastique,PEHD,125,54.8,2020,-2615.5,-2367.6,-2631.7,-2315.2
SYN000452,Plastique,PVC,40,22.9,1999,-2631.7,-2315.2,-2653.5,-2322.3
SYN000453,Fonte,Fonte grise,150,114.6,1950,-2653.5,-2322.3,-2540.7,-2342.6
SYN000454,Fonte,Fonte grise,200,44.4,1965,-2540.7,-2342.6,-2499.9,-2325.2
SYN000455,Fonte,Fonte grise,100,52.9,1958,-2499.9,-2325.2,-2517.1,-2275.1
SYN000456,Ciment,Amiante-ciment,50,122.1,1963,-2517.1,-2275.1,-2597.2,-2183.0
SYN000457,Fonte,Fonte ductile,300,123.4,1982,-2597.2,-2183.0,-2661.8,-2288.1
SYN000458,Plastique,PVC,100,70.7,2010,-2661.8,-2288.1,-2591.6,-2279.8
SYN000459,Plastique,PVC collé,250,52.3,1969,-2591.6,-2279.8,-2539.7,-2285.6
SYN000460,Plastique,PVC collé,250,154.0,1966,-2539.7,-2285.6,-2654.9,-2183.5
SYN000461,Fonte,Fonte grise,200,24.0,1973,-2654.9,-2183.5,-2676.7,-2193.5
SYN000462,Acier,Acier,125,90.0,1973,-2676.7,-2193.5,-2653.7,-2280.5
SYN000463,Fonte,Fonte ductile,80,48.8,1996,-2653.7,-2280.5,-2611.6,-2305.3
SYN000464,Plastique,PVC collé,150,73.5,1964,-2611.6,-2305.3,-2544.6,-2275.1
SYN000465,Plastique,PVC,50,23.4,1997,3283.3,384.5,3262.2,394.6
SYN000466,Plastique,PVC collé,100,55.3,1980,-3623.0,1687.1,-3615.0,1741.8
SYN000467,Acier,Acier,250,31.1,1953,-3615.0,1741.8,-3644.1,1752.7
SYN000468,Fonte,Fonte grise,150,46.2,1955,-3644.1,1752.7,-3680.1,1723.8
SYN000469,Fonte,Fonte ductile,100,29.5,1999,2149.8,-3528.2,2123.9,-3514.1
SYN000470,Fonte,Fonte ductile,80,57.9,2009,2123.9,-3514.1,2110.0,-3570.3
SYN000471,Fonte,Fonte ductile,150,76.8,1978,2110.0,-3570.3,2126.3,-3645.4
SYN000472,Fonte,Fonte grise,150,15.9,1942,2126.3,-3645.4,2140.2,-3637.6
SYN000473,Fonte,Fonte grise,100,170.8,1942,2140.2,-3637.6,1996.4,-3729.8
SYN000474,Fonte,Fonte ductile,100,28.6,1986,1996.4,-3729.8,2005.1,-3757.0
SYN000475,Fonte,Fonte ductile,200,64.9,2006,2005.1,-3757.0,1941.3,-3768.6
SYN000476,Fonte,Fonte ductile,100,52.7,1972,1941.3,-3768.6,1982.3,-3801.7
SYN000477,Plastique,PVC collé,200,9.3,1978,1982.3,-3801.7,1976.3,-3794.6
SYN000478,Plastique,PVC collé,500,88.4,1965,1976.3,-3794.6,1898.3,-3836.2
SYN000479,Fonte,Fonte ductile,125,24.4,1994,-1039.6,2940.7,-1061.0,2952.3
SYN000480,Fonte,Fonte ductile,80,47.5,2004,-1061.0,2952.3,-1024.0,2922.5
SYN000481,Fonte,Fonte grise,80,18.6,1933,-1024.0,2922.5,-1024.1,2903.9
SYN000482,Plastique,PVC collé,300,18.9,1964,-1024.1,2903.9,-1006.3,2910.2
SYN000483,Fonte,Fonte ductile,200,109.0,2014,-3222.3,-3493.7,-3132.6,-3555.6
SYN000484,Fonte,Fonte grise,200,37.4,1954,-3539.0,928.7,-3553.6,894.3
SYN000485,Fonte,Fonte ductile,100,181.6,1988,-3553.6,894.3,-3405.6,999.5
SYN000486,Fonte,Fonte ductile,63,102.2,2003,-3405.6,999.5,-3327.4,933.8
SYN000487,Fonte,Fonte ductile,400,79.0,2015,3052.5,1204.1,3039.9,1282.1
SYN000488,Plastique,PVC collé,300,159.8,1979,1446.6,3165.4,1367.9,3026.3
SYN000489,Plastique,PVC collé,150,65.6,1960,-954.0,1756.6,-981.9,1697.2
SYN000490,Plastique,PVC,300,174.3,1980,-981.9,1697.2,-811.2,1661.8
SYN000491,Plastique,PVC collé,125,56.0,1979,-811.2,1661.8,-763.2,1690.6
SYN000492,Plastique,PVC collé,80,14.2,1965,-763.2,1690.6,-749.8,1695.2
SYN000493,Fonte,Fonte ductile,250,119.1,1981,-749.8,1695.2,-866.8,1717.6
SYN000494,Plastique,PVC,125,184.1,2018,-866.8,1717.6,-871.1,1533.5
SYN000495,Plastique,PVC collé,150,73.0,1985,3006.8,-2057.6,2987.6,-2128.0
SYN000496,Fonte,Fonte ductile,50,221.4,1986,2987.6,-2128.0,3208.9,-2135.9
SYN000497,Plastique,PVC collé,250,15.3,1963,3208.9,-2135.9,3220.0,-2146.4
SYN000498,Fonte,Fonte ductile,200,47.6,2004,2494.2,-295.8,2530.1,-264.5
SYN000499,Fonte,Fonte ductile,250,44.2,1997,1003.7,155.0,965.8,177.8
SYN000500,Plastique,PVC,200,47.0,2008,965.8,177.8,959.0,131.3
SYN000501,Plastique,PEHD,200,42.0,2005,2642.8,-3499.6,2624.7,-3537.5
SYN000502,Acier,Acier,100,248.7,1960,189.0,2350.4,-21.0,2483.6
SYN000503,Fonte,Fonte ductile,250,186.1,1983,-21.0,2483.6,-145.1,2622.2
SYN000504,Plastique,PVC collé,200,41.2,1972,-145.1,2622.2,-134.4,2582.5
SYN000505,Plastique,PVC,100,66.6,2016,-134.4,2582.5,-197.8,2562.1
SYN000506,Fonte,Fonte ductile,250,136.4,2011,-197.8,2562.1,-154.4,2691.4
SYN000507,Plastique,PEHD,100,122.8,2023,-154.4,2691.4,-273.8,2720.2
SYN000508,Fonte,Fonte ductile,80,426.8,2002,3530.8,-2244.2,3810.2,-2566.8
SYN000509,Fonte,Fonte grise,40,125.1,1974,3810.2,-2566.8,3701.1,-2628.1
SYN000510,Fonte,Fonte grise,150,695.0,1950,3701.1,-2628.1,4383.2,-2495.0
SYN000511,Plastique,PEHD,200,136.7,2015,4383.2,-2495.0,4446.2,-2616.3
SYN000512,Fonte,Fonte grise,150,12.3,1957,-2973.6,-2438.8,-2966.7,-2428.7
SYN000513,Fonte,Fonte ductile,125,100.7,1975,-2966.7,-2428.7,-2990.2,-2526.6
SYN000514,Fonte,Fonte ductile,100,109.4,1979,-2990.2,-2526.6,-2884.3,-2553.9
SYN000515,Fonte,Fonte grise,80,74.5,1947,-2884.3,-2553.9,-2843.3,-2616.1
SYN000516,Fonte,Fonte ductile,250,66.1,1975,-2843.3,-2616.1,-2805.3,-2670.2
SYN000517,Plastique,PVC,63,375.8,2008,-2805.3,-2670.2,-3174.8,-2738.7
SYN000518,Fonte,Fonte grise,63,60.7,1939,-3174.8,-2738.7,-3156.9,-2796.7
SYN000519,Plastique,PEHD,250,143.0,2003,-3156.9,-2796.7,-3194.4,-2658.7
SYN000520,Plastique,PEHD,63,70.4,2016,-3194.4,-2658.7,-3204.3,-2589.0
SYN000521,Fonte,Fonte ductile,150,43.7,1995,-3204.3,-2589.0,-3174.6,-2621.1
SYN000522,Fonte,Fonte grise,40,224.8,1954,-3174.6,-2621.1,-3247.2,-2408.4
SYN000523,Plastique,PVC collé,100,134.5,1972,-3247.2,-2408.4,-3150.7,-2502.0
SYN000524,Fonte,Fonte grise,250,74.7,1935,-3150.7,-2502.0,-3150.4,-2427.3
SYN000525,Fonte,Fonte ductile,150,75.8,1980,-3150.4,-2427.3,-3192.7,-2490.1
SYN000526,Acier,Acier,80,25.3,1982,1541.9,754.6,1539.7,779.8
SYN000527,Ciment,Amiante-ciment,200,79.3,1968,1539.7,779.8,1494.3,844.8
SYN000528,Plastique,PVC,40,67.9,2000,1494.3,844.8,1451.3,792.2
SYN000529,Fonte,Fonte ductile,80,18.9,1973,1451.3,792.2,1470.2,793.9
SYN000530,Plastique,PVC,125,118.2,2020,1470.2,793.9,1477.1,911.9
SYN000531,Plastique,PVC,200,28.5,2004,-1708.2,966.9,-1736.0,960.6
SYN000532,Fonte,Fonte ductile,200,34.3,2001,3751.9,-2231.8,3734.6,-2261.4
SYN000533,Plastique,PVC collé,150,98.1,1963,3734.6,-2261.4,3685.8,-2346.5
SYN000534,Fonte,Fonte grise,80,122.4,1956,3685.8,-2346.5,3564.1,-2333.7
SYN000535,Fonte,Fonte grise,500,43.8,1952,3564.1,-2333.7,3524.7,-2352.8
SYN000536,Plastique,PVC collé,150,142.5,1979,3524.7,-2352.8,3584.4,-2482.2
SYN000537,Fonte,Fonte grise,80,80.3,1933,3584.4,-2482.2,3658.9,-2452.2
SYN000538,Fonte,Fonte grise,150,78.9,1958,3658.9,-2452.2,3708.1,-2513.8
SYN000539,Plastique,PEHD,50,132.7,2000,1625.9,-3918.9,1699.5,-3808.5
SYN000540,Ciment,Amiante-ciment,250,52.4,1967,1950.8,3590.2,1988.6,3553.9
SYN000541,Plastique,PVC collé,300,45.2,1978,2968.7,-2786.5,2938.0,-2753.3
SYN000542,Plastique,PEHD,32,141.1,2002,2938.0,-2753.3,3038.8,-2852.0
SYN000543,Ciment,Amiante-ciment,125,56.9,1976,-1723.5,-2239.2,-1713.1,-2295.1
SYN000544,Fonte,Fonte grise,40,45.1,1968,229.5,-893.9,184.4,-894.5
SYN000545,Fonte,Fonte ductile,150,200.3,1976,184.4,-894.5,381.7,-859.9
SYN000546,Fonte,Fonte ductile,80,70.2,2013,381.7,-859.9,434.9,-905.7
SYN000547,Fonte,Fonte grise,125,45.0,1970,434.9,-905.7,412.6,-866.6
SYN000548,Plastique,PVC,40,111.8,1980,-106.2,-2190.4,0.0,-2155.7
SYN000549,Fonte,Fonte ductile,100,44.9,1971,0.0,-2155.7,-31.6,-2187.6
SYN000550,Fonte,Fonte ductile,80,100.6,2010,-31.6,-2187.6,66.9,-2166.8
SYN000551,Fonte,Fonte grise,32,92.8,1960,66.9,-2166.8,-25.8,-2161.9
SYN000552,Fonte,Fonte grise,125,26.8,1969,-25.8,-2161.9,-5.9,-2144.0
SYN000553,Plastique,PEHD,500,12.9,1998,-5.9,-2144.0,-18.4,-2147.0
SYN000554,Fonte,Fonte grise,80,101.9,1947,-18.4,-2147.0,38.7,-2231.4
SYN000555,Fonte,Fonte ductile,63,251.2,1980,-563.0,3733.9,-765.9,3585.9
SYN000556,Fonte,Fonte ductile,125,185.1,1993,-765.9,3585.9,-923.2,3683.5
SYN000557,Fonte,Fonte ductile,63,39.8,1994,-906.4,-2945.5,-932.6,-2915.5
SYN000558,Plastique,PVC collé,40,181.0,1964,-932.6,-2915.5,-926.9,-2734.6
SYN000559,Fonte,Fonte ductile,50,86.0,2013,-926.9,-2734.6,-981.2,-2801.3
SYN000560,Fonte,Fonte grise,300,66.3,1968,-1892.4,-1366.5,-1865.3,-1305.9
SYN000561,Fonte,Fonte ductile,100,198.5,2001,-1865.3,-1305.9,-1991.7,-1459.0
SYN000562,Plastique,PEHD,150,109.0,2015,-1991.7,-1459.0,-1896.7,-1512.4
SYN000563,Plastique,PVC collé,125,75.9,1965,2437.7,1767.7,2499.9,1811.2
SYN000564,Plastique,PVC collé,32,27.3,1973,2499.9,1811.2,2489.7,1785.8
SYN000565,Plastique,PVC,125,47.8,2017,2489.7,1785.8,2462.2,1746.7
SYN000566,Plastique,PVC,125,89.2,2010,2462.2,1746.7,2550.8,1736.1
SYN000567,Fonte,Fonte grise,125,108.2,1955,2550.8,1736.1,2658.8,1729.7
SYN000568,Fonte,Fonte ductile,40,32.8,2015,-1126.5,-1028.0,-1114.2,-1058.4
SYN000569,Plastique,PVC collé,100,300.8,1977,-1114.2,-1058.4,-1137.9,-758.5
SYN000570,Fonte,Fonte ductile,150,52.0,2005,-1137.9,-758.5,-1120.2,-709.6
SYN000571,Plastique,PEHD,80,30.4,2018,-1120.2,-709.6,-1102.1,-685.1
SYN000572,Fonte,Fonte ductile,250,91.4,2014,-1102.1,-685.1,-1047.1,-612.2
SYN000573,Plastique,PVC,125,36.0,1995,-1047.1,-612.2,-1026.7,-641.8
SYN000574,Plastique,PEHD,200,81.4,2009,-1026.7,-641.8,-1025.5,-560.4
SYN000575,Fonte,Fonte ductile,150,21.7,2000,-1025.5,-560.4,-1045.5,-552.0
SYN000576,Plastique,PEHD,100,68.9,2022,-1045.5,-552.0,-1114.2,-556.2
SYN000577,Plastique,PVC collé,125,281.9,1982,-1114.2,-556.2,-1372.1,-442.2
SYN000578,Plastique,PEHD,100,18.2,2019,-80.5,2548.0,-96.5,2556.7
SYN000579,Fonte,Fonte ductile,250,65.0,1973,-96.5,2556.7,-67.8,2615.0
SYN000580,Fonte,Fonte ductile,200,123.2,1977,-67.8,2615.0,46.0,2567.9
SYN000581,Plastique,PVC collé,200,34.9,1964,930.1,-970.9,908.3,-943.6
SYN000582,Fonte,Fonte grise,80,30.7,1967,3358.2,1207.1,3381.2,1186.8
SYN000583,Fonte,Fonte ductile,80,77.6,2000,3381.2,1186.8,3422.1,1120.8
SYN000584,Plastique,PEHD,63,38.5,1999,3422.1,1120.8,3384.8,1130.1
SYN000585,Plastique,PVC collé,50,43.4,1976,3384.8,1130.1,3378.6,1087.1
SYN000586,Fonte,Fonte grise,150,75.8,1960,3378.6,1087.1,3387.9,1011.9
SYN000587,Fonte,Fonte ductile,40,16.8,2004,3387.9,1011.9,3372.4,1005.7
SYN000588,Fonte,Fonte grise,250,49.0,1939,3372.4,1005.7,3363.1,957.6
SYN000589,Fonte,Fonte grise,80,38.1,1959,3262.4,3928.2,3238.9,3898.2
SYN000590,Acier,Acier,250,32.7,1967,3238.9,3898.2,3233.3,3866.0
SYN000591,Fonte,Fonte ductile,200,291.5,1973,3233.3,3866.0,3159.8,3583.9
SYN000592,Fonte,Fonte ductile,600,68.7,1984,3159.8,3583.9,3135.3,3519.8
SYN000593,Plastique,PVC collé,150,84.6,1961,3135.3,3519.8,3066.9,3469.9
SYN000594,Fonte,Fonte grise,125,157.7,1940,3066.9,3469.9,2937.9,3379.2
SYN000595,Fonte,Fonte ductile,250,66.4,2009,2937.9,3379.2,2938.0,3445.6
SYN000596,Plastique,PVC,250,6.8,1983,2938.0,3445.6,2937.9,3438.8
SYN000597,Plastique,PVC collé,125,40.2,1966,2937.9,3438.8,2928.8,3399.6
SYN000598,Ciment,Amiante-ciment,125,47.6,1963,3244.7,3046.4,3290.4,3033.1
SYN000599,Plastique,PVC collé,600,48.9,1983,-41.2,1510.5,-85.9,1530.4
SYN000600,Fonte,Fonte ductile,125,30.0,2010,-85.9,1530.4,-115.8,1528.9
SYN000601,Plastique,PVC,125,46.8,2003,-115.8,1528.9,-83.6,1562.8
SYN000602,Plastique,PEHD,100,33.1,2002,-1127.9,-539.4,-1095.3,-544.9
SYN000603,Plastique,PVC,100,32.2,1994,-1725.6,-2364.2,-1756.9,-2356.7
SYN000604,Acier,Acier,200,55.7,1967,2975.9,1268.6,2967.0,1323.5
SYN000605,Plastique,PVC,250,49.4,2017,2967.0,1323.5,2932.3,1288.4
SYN000606,Plastique,PEHD,80,48.2,2000,2932.3,1288.4,2945.2,1242.0
SYN000607,Fonte,Fonte grise,150,35.7,1930,2945.2,1242.0,2954.6,1276.4
SYN000608,Plastique,PVC,150,188.8,1983,2954.6,1276.4,3138.1,1232.0
SYN000609,Fonte,Fonte ductile,150,66.2,1990,3138.1,1232.0,3141.6,1165.9
SYN000610,Plastique,PVC collé,250,65.1,1972,3141.6,1165.9,3079.7,1186.1
SYN000611,Plastique,PVC collé,250,24.9,1963,3079.7,1186.1,3055.2,1181.8
SYN000612,Acier,Acier,63,56.9,1966,3055.2,1181.8,3098.0,1219.2
SYN000613,Ciment,Amiante-ciment,40,46.4,1958,3098.0,1219.2,3054.7,1235.9
SYN000614,Fonte,Fonte ductile,250,49.5,1997,3054.7,1235.9,3005.3,1233.7
SYN000615,Plastique,PVC,250,9.7,2015,3005.3,1233.7,3013.5,1228.6
SYN000616,Plastique,PVC,80,146.4,1980,2502.4,-2195.1,2443.2,-2329.0
SYN000617,Fonte,Fonte ductile,125,34.9,2012,-1637.5,-1722.8,-1638.2,-1757.7
SYN000618,Fonte,Fonte grise,200,119.6,1934,-1638.2,-1757.7,-1619.5,-1639.6
SYN000619,Fonte,Fonte grise,150,292.4,1931,1721.0,-1867.2,1916.1,-2085.0
SYN000620,Plastique,PVC,500,85.9,1982,1916.1,-2085.0,1980.5,-2028.2
SYN000621,Fonte,Fonte ductile,200,223.3,2011,1980.5,-2028.2,1851.9,-1845.6
SYN000622,Ciment,Amiante-ciment,500,44.6,1975,-278.0,2948.0,-279.3,2992.6
SYN000623,Fonte,Fonte ductile,300,49.5,1991,-279.3,2992.6,-304.5,2950.0
SYN000624,Ciment,Amiante-ciment,80,13.1,1957,-2716.3,2783.0,-2725.5,2792.4
SYN000625,Fonte,Fonte ductile,250,149.1,2000,-2725.5,2792.4,-2618.4,2688.6
SYN000626,Plastique,PVC,80,141.3,1990,-3674.1,3542.3,-3642.1,3404.7
SYN000627,Fonte,Fonte grise,100,74.2,1965,-3642.1,3404.7,-3714.9,3418.9
SYN000628,Plastique,PVC collé,400,98.2,1968,1209.9,-2315.2,1304.3,-2288.1
SYN000629,Plastique,PEHD,400,72.1,1998,1304.3,-2288.1,1375.4,-2276.2
SYN000630,Acier,Acier,80,214.7,1959,1375.4,-2276.2,1315.1,-2482.2
SYN000631,Plastique,PEHD,125,297.8,2010,1315.1,-2482.2,1060.7,-2637.1
SYN000632,Fonte,Fonte grise,200,13.2,1972,1060.7,-2637.1,1072.4,-2643.3
SYN000633,Fonte,Fonte ductile,100,26.7,2000,1072.4,-2643.3,1047.6,-2653.0
SYN000634,Fonte,Fonte grise,100,35.5,1946,-1760.2,2907.9,-1741.1,2937.9
SYN000635,Fonte,Fonte grise,63,54.2,1950,-1741.1,2937.9,-1734.3,2991.7
SYN000636,Plastique,PVC,40,24.0,1999,-1734.3,2991.7,-1756.5,3000.8
SYN000637,Plastique,PVC,150,18.1,2009,-1756.5,3000.8,-1741.9,2990.0
SYN000638,Plastique,PVC,150,22.1,1981,-1741.9,2990.0,-1762.1,2999.0
SYN000639,Plastique,PEHD,125,24.5,2000,-1762.1,2999.0,-1738.4,2992.9
SYN000640,Plastique,PVC,100,50.6,1989,814.1,1994.7,864.7,1995.8
SYN000641,Plastique,PEHD,100,118.1,2015,2910.8,109.6,2949.6,-1.9
SYN000642,Fonte,Fonte grise,40,63.9,1971,-1207.3,-2044.8,-1143.8,-2037.8
SYN000643,Fonte,Fonte ductile,100,112.2,2015,-1143.8,-2037.8,-1055.4,-1968.7
SYN000644,Plastique,PVC collé,80,50.8,1967,-2231.1,-3131.3,-2281.8,-3134.3
SYN000645,Plastique,PEHD,63,38.0,2000,-2281.8,-3134.3,-2259.1,-3164.8
SYN000646,Fonte,Fonte grise,100,71.2,1930,-2259.1,-3164.8,-2188.0,-3163.5
SYN000647,Fonte,Fonte ductile,300,40.4,1998,-2188.0,-3163.5,-2223.0,-3183.7
SYN000648,Plastique,PVC,200,99.9,1995,-2223.0,-3183.7,-2149.8,-3251.7
SYN000649,Fonte,Fonte grise,200,434.8,1940,-2149.8,-3251.7,-2277.8,-3667.2
SYN000650,Fonte,Fonte ductile,200,27.2,2002,-911.7,-3810.5,-930.6,-3830.1
SYN000651,Plastique,PEHD,32,46.0,1995,-930.6,-3830.1,-947.9,-3787.5
SYN000652,Plastique,PVC,250,34.9,2003,-947.9,-3787.5,-982.5,-3792.0
SYN000653,Fonte,Fonte ductile,500,122.5,1976,-982.5,-3792.0,-1091.4,-3735.9
SYN000654,Plastique,PEHD,63,11.3,2016,-1091.4,-3735.9,-1091.7,-3724.6
SYN000655,Fonte,Fonte ductile,100,512.9,1973,2449.8,-184.0,2229.4,279.1
SYN000656,Plastique,PEHD,125,59.5,2009,2229.4,279.1,2174.7,302.5
SYN000657,Fonte,Fonte ductile,150,11.7,1997,-3711.5,-341.3,-3706.2,-351.7
SYN000658,Plastique,PVC collé,400,65.0,1968,-3706.2,-351.7,-3767.0,-374.9
SYN000659,Fonte,Fonte ductile,40,64.6,1997,-3767.0,-374.9,-3740.1,-433.7
SYN000660,Fonte,Fonte ductile,100,8.4,1971,-3740.1,-433.7,-3741.6,-441.9
SYN000661,Plastique,PEHD,100,17.1,2022,-3741.6,-441.9,-3729.3,-430.0
SYN000662,Fonte,Fonte grise,125,42.3,1970,-3729.3,-430.0,-3762.6,-456.2
SYN000663,Fonte,Fonte grise,80,38.6,1937,-3762.6,-456.2,-3789.0,-484.4
SYN000664,Fonte,Fonte ductile,250,25.4,1987,-3789.0,-484.4,-3806.9,-502.3
SYN000665,Plastique,PVC,125,32.3,2014,-3806.9,-502.3,-3784.7,-478.9
SYN000666,Plastique,PEHD,40,47.8,1995,-3784.7,-478.9,-3784.1,-526.7
SYN000667,Ciment,Amiante-ciment,200,149.8,1972,-3784.1,-526.7,-3741.4,-670.3
SYN000668,Fonte,Fonte ductile,63,20.2,1998,-3741.4,-670.3,-3736.0,-689.7
SYN000669,Fonte,Fonte ductile,150,37.8,1983,-3736.0,-689.7,-3698.3,-687.7
SYN000670,Fonte,Fonte grise,80,80.8,1946,-3698.3,-687.7,-3775.9,-665.4
SYN000671,Plastique,PVC collé,80,48.7,1964,-3775.9,-665.4,-3734.8,-691.5
SYN000672,Ciment,Amiante-ciment,80,56.3,1976,-3734.8,-691.5,-3783.0,-662.4
SYN000673,Plastique,PVC,80,33.5,2019,-3783.0,-662.4,-3797.7,-692.6
SYN000674,Plastique,PVC collé,150,150.3,1980,-3797.7,-692.6,-3733.9,-828.7
SYN000675,Fonte,Fonte ductile,125,97.1,1971,-3733.9,-828.7,-3637.8,-842.6
SYN000676,Plastique,PEHD,125,33.0,2010,-3637.8,-842.6,-3658.0,-816.5
SYN000677,Fonte,Fonte ductile,50,58.3,1996,-954.7,-926.8,-1013.0,-928.7
SYN000678,Fonte,Fonte grise,200,22.8,1959,-1013.0,-928.7,-1029.1,-912.5
SYN000679,Fonte,Fonte ductile,200,49.8,1973,-1029.1,-912.5,-1075.9,-929.5
SYN000680,Fonte,Fonte grise,80,38.0,1973,-2479.7,445.7,-2517.6,447.4
SYN000681,Fonte,Fonte grise,250,64.0,1930,-2517.6,447.4,-2456.8,427.6
SYN000682,Fonte,Fonte grise,200,34.7,1969,-2456.8,427.6,-2475.0,457.1
SYN000683,Fonte,Fonte ductile,150,59.0,2003,-2475.0,457.1,-2453.3,512.0
SYN000684,Plastique,PVC collé,250,27.9,1960,-2453.3,512.0,-2481.2,513.8
SYN000685,Fonte,Fonte ductile,150,45.9,2005,-2481.2,513.8,-2451.6,478.6
SYN000686,Fonte,Fonte ductile,200,6.3,1974,-2451.6,478.6,-2451.9,484.9
SYN000687,Acier,Acier,80,26.3,1960,-794.2,-2701.4,-773.4,-2717.4
SYN000688,Plastique,PVC,125,48.9,1985,3924.8,1782.6,3882.3,1806.8
SYN000689,Plastique,PVC collé,600,16.2,1970,3882.3,1806.8,3878.2,1791.2
SYN000690,Fonte,Fonte ductile,80,105.2,1985,3878.2,1791.2,3828.6,1884.0
SYN000691,Plastique,PEHD,80,77.6,2001,3828.6,1884.0,3895.4,1923.6
SYN000692,Fonte,Fonte ductile,150,43.3,1991,3895.4,1923.6,3937.1,1935.2
SYN000693,Fonte,Fonte ductile,150,218.8,2000,3937.1,1935.2,3734.7,2018.4
SYN000694,Plastique,PEHD,100,36.9,1999,3734.7,2018.4,3717.3,2051.0
SYN000695,Plastique,PVC collé,32,39.5,1985,3717.3,2051.0,3685.7,2074.6
SYN000696,Plastique,PVC,125,11.8,2016,3498.5,3656.3,3490.3,3647.8
SYN000697,Plastique,PVC collé,40,17.9,1972,3490.3,3647.8,3500.4,3662.6
SYN000698,Plastique,PVC collé,63,236.3,1981,3500.4,3662.6,3724.0,3586.0
SYN000699,Fonte,Fonte ductile,150,18.2,2005,3724.0,3586.0,3706.0,3588.6
SYN000700,Fonte,Fonte ductile,250,18.3,2007,1962.8,2467.6,1948.2,2456.6
SYN000701,Fonte,Fonte ductile,200,49.4,1989,1948.2,2456.6,1919.4,2496.7
SYN000702,Fonte,Fonte grise,100,53.9,1934,1919.4,2496.7,1933.1,2444.5
SYN000703,Plastique,PEHD,150,88.2,2008,1933.1,2444.5,1927.3,2532.6
SYN000704,Fonte,Fonte ductile,100,110.7,2002,-1528.2,3798.1,-1564.5,3693.5
SYN000705,Plastique,PVC collé,500,32.9,1961,-1564.5,3693.5,-1534.6,3707.1
SYN000706,Plastique,PVC,200,82.6,1990,-1534.6,3707.1,-1602.4,3660.0
SYN000707,Plastique,PVC,200,129.8,2011,-1602.4,3660.0,-1630.5,3533.3
SYN000708,Fonte,Fonte ductile,80,21.7,1987,763.1,3736.6,741.7,3739.7
SYN000709,Fonte,Fonte ductile,150,32.6,2014,741.7,3739.7,721.4,3765.2
SYN000710,Ciment,Amiante-ciment,150,72.6,1975,721.4,3765.2,654.7,3736.4
SYN000711,Plastique,PVC,100,41.3,2014,654.7,3736.4,660.8,3695.6
SYN000712,Plastique,PEHD,300,126.5,2016,660.8,3695.6,785.5,3717.1
SYN000713,Plastique,PEHD,500,101.7,1995,-2425.9,2288.3,-2441.5,2388.8
SYN000714,Plastique,PVC,50,56.6,1987,-1465.2,1033.6,-1412.2,1053.7
SYN000715,Fonte,Fonte grise,400,49.3,1933,-1412.2,1053.7,-1397.9,1006.5
SYN000716,Plastique,PVC collé,250,7.1,1983,1879.5,-868.9,1885.3,-873.0
SYN000717,Fonte,Fonte grise,150,114.0,1938,1885.3,-873.0,1928.3,-978.6
SYN000718,Plastique,PVC collé,80,36.0,1966,1928.3,-978.6,1963.9,-983.9
SYN000719,Acier,Acier,200,98.9,1966,1963.9,-983.9,1891.2,-916.9
SYN000720,Fonte,Fonte ductile,80,6.5,1994,1891.2,-916.9,1897.6,-917.7
SYN000721,Fonte,Fonte ductile,40,42.9,2012,1897.6,-917.7,1862.9,-942.9
SYN000722,Fonte,Fonte grise,150,55.1,1960,1862.9,-942.9,1870.2,-888.3
SYN000723,Acier,Acier,80,54.1,1968,1870.2,-888.3,1913.4,-855.7
SYN000724,Fonte,Fonte grise,150,61.4,1935,3096.2,3412.7,3155.8,3398.2
SYN000725,Fonte,Fonte grise,150,20.7,1949,-944.6,-1393.7,-940.9,-1373.3
SYN000726,Fonte,Fonte ductile,40,60.2,2015,-940.9,-1373.3,-903.5,-1420.5
SYN000727,Fonte,Fonte grise,150,45.6,1973,-903.5,-1420.5,-858.1,-1416.9
SYN000728,Fonte,Fonte ductile,80,120.9,1976,-858.1,-1416.9,-880.9,-1535.7
SYN000729,Fonte,Fonte ductile,150,58.8,1974,-583.9,1662.4,-566.9,1606.1
SYN000730,Fonte,Fonte ductile,300,161.7,2007,-566.9,1606.1,-411.4,1561.9
SYN000731,Fonte,Fonte grise,100,57.0,1970,2711.1,2359.3,2709.6,2302.4
SYN000732,Fonte,Fonte grise,100,302.0,1935,2709.6,2302.4,2439.5,2167.3
SYN000733,Fonte,Fonte ductile,100,167.9,1971,2152.3,1409.2,2168.2,1576.4
SYN000734,Fonte,Fonte grise,125,24.9,1968,2168.2,1576.4,2191.2,1585.9
SYN000735,Plastique,PVC,80,17.8,1994,2191.2,1585.9,2181.9,1601.0
SYN000736,Fonte,Fonte grise,250,38.5,1972,2181.9,1601.0,2144.1,1593.5
SYN000737,Fonte,Fonte ductile,200,34.9,1990,3171.0,-938.3,3142.9,-917.7
SYN000738,Fonte,Fonte ductile,250,100.2,1983,3142.9,-917.7,3243.1,-919.1
SYN000739,Fonte,Fonte ductile,125,116.9,2006,3243.1,-919.1,3131.8,-883.3
SYN000740,Fonte,Fonte grise,80,89.7,1973,3131.8,-883.3,3092.0,-963.7
SYN000741,Fonte,Fonte grise,100,45.8,1952,3092.0,-963.7,3051.6,-942.1
SYN000742,Plastique,PEHD,250,130.3,2018,2123.7,-3241.0,2135.0,-3370.8
SYN000743,Fonte,Fonte grise,500,85.5,1933,807.1,467.8,838.0,388.1
SYN000744,Fonte,Fonte ductile,100,20.5,1990,2846.5,3636.2,2827.0,3642.6
SYN000745,Fonte,Fonte ductile,600,32.1,1989,2827.0,3642.6,2820.6,3611.2
SYN000746,Fonte,Fonte ductile,50,56.1,1992,2820.6,3611.2,2766.7,3595.4
SYN000747,Fonte,Fonte ductile,32,17.0,1976,1195.9,-1132.8,1210.9,-1140.8
SYN000748,Plastique,PVC,100,96.1,1998,1210.9,-1140.8,1151.1,-1065.5
SYN000749,Plastique,PEHD,125,17.1,1996,1151.1,-1065.5,1160.0,-1050.9
SYN000750,Fonte,Fonte ductile,150,32.2,1986,1160.0,-1050.9,1127.9,-1049.5
SYN000751,Fonte,Fonte ductile,250,33.8,1988,3647.9,-2954.6,3624.1,-2930.6
SYN000752,Fonte,Fonte ductile,300,153.3,2010,3624.1,-2930.6,3498.8,-2842.3
SYN000753,Fonte,Fonte ductile,80,209.4,1972,3498.8,-2842.3,3290.2,-2861.1
SYN000754,Plastique,PVC,63,131.4,2002,1269.9,811.5,1241.8,683.1
SYN000755,Fonte,Fonte ductile,100,274.4,1978,1241.8,683.1,970.4,642.3
SYN000756,Fonte,Fonte ductile,50,68.0,1993,970.4,642.3,941.7,704.0
SYN000757,Acier,Acier,250,262.9,1982,941.7,704.0,1028.0,952.3
SYN000758,Fonte,Fonte grise,150,180.6,1965,1028.0,952.3,901.1,823.8
SYN000759,Fonte,Fonte ductile,250,44.6,1987,901.1,823.8,888.3,781.1
SYN000760,Plastique,PVC,250,65.3,1985,-276.5,3897.6,-329.1,3858.9
SYN000761,Fonte,Fonte grise,150,8.8,1953,-329.1,3858.9,-337.6,3856.8
SYN000762,Fonte,Fonte grise,400,145.8,1944,-337.6,3856.8,-199.2,3902.7
SYN000763,Fonte,Fonte grise,80,32.8,1939,2613.3,373.5,2599.3,403.1
SYN000764,Plastique,PEHD,250,106.2,2005,2599.3,403.1,2691.8,351.0
SYN000765,Fonte,Fonte grise,100,52.7,1971,2691.8,351.0,2650.7,384.0
SYN000766,Fonte,Fonte grise,150,86.1,1954,2650.7,384.0,2724.6,428.2
SYN000767,Fonte,Fonte grise,300,71.9,1965,2724.6,428.2,2745.7,359.5
SYN000768,Fonte,Fonte grise,150,138.9,1945,2745.7,359.5,2730.8,497.6
SYN000769,Plastique,PVC collé,250,17.7,1976,-2844.4,1169.4,-2829.6,1159.7
SYN000770,Fonte,Fonte ductile,125,52.2,1979,-2829.6,1159.7,-2881.2,1167.2
SYN000771,Plastique,PVC collé,40,35.5,1980,-2881.2,1167.2,-2856.4,1192.5
SYN000772,Plastique,PVC collé,125,41.2,1966,-2856.4,1192.5,-2886.7,1164.7
SYN000773,Plastique,PEHD,100,76.5,2012,-2886.7,1164.7,-2960.7,1184.4
SYN000774,Fonte,Fonte grise,32,46.1,1939,-2960.7,1184.4,-2918.9,1164.8
SYN000775,Plastique,PEHD,125,89.0,2006,-1205.8,3744.4,-1184.5,3830.8
SYN000776,Plastique,PVC collé,400,60.9,1974,-1110.6,1263.8,-1171.3,1268.2
SYN000777,Fonte,Fonte grise,250,71.5,1960,-1171.3,1268.2,-1119.9,1218.6
SYN000778,Plastique,PVC,100,18.3,1994,-1119.9,1218.6,-1138.0,1221.3
SYN000779,Plastique,PEHD,32,36.9,2004,-1138.0,1221.3,-1102.7,1210.5
SYN000780,Fonte,Fonte ductile,125,89.6,1975,-1102.7,1210.5,-1046.1,1280.0
SYN000781,Plastique,PEHD,150,66.8,2004,-1046.1,1280.0,-992.8,1239.8
SYN000782,Fonte,Fonte ductile,100,35.8,2013,-2526.3,-3268.2,-2494.4,-3284.4
SYN000783,Plastique,PVC collé,250,149.1,1961,-2494.4,-3284.4,-2636.7,-3329.0
SYN000784,Ciment,Amiante-ciment,300,107.5,1956,-2636.7,-3329.0,-2700.1,-3242.3
SYN000785,Fonte,Fonte ductile,400,28.4,1998,-2700.1,-3242.3,-2679.3,-3222.9
SYN000786,Plastique,PEHD,80,62.9,2009,395.3,-2971.7,457.9,-2966.1
SYN000787,Fonte,Fonte ductile,200,40.6,1980,457.9,-2966.1,426.7,-2940.2
SYN000788,Plastique,PVC,250,91.9,2004,426.7,-2940.2,423.9,-2848.3
SYN000789,Plastique,PVC collé,150,59.8,1979,423.9,-2848.3,481.8,-2863.4
SYN000790,Fonte,Fonte grise,150,41.6,1971,481.8,-2863.4,478.4,-2904.9
SYN000791,Fonte,Fonte ductile,150,139.3,1977,478.4,-2904.9,516.4,-2770.9
SYN000792,Fonte,Fonte ductile,80,76.4,1977,-308.2,-3227.8,-384.5,-3226.1
SYN000793,Fonte,Fonte grise,80,36.6,1954,-2506.2,3941.2,-2488.1,3909.4
SYN000794,Fonte,Fonte grise,50,59.2,1963,-2488.1,3909.4,-2542.3,3933.2
SYN000795,Fonte,Fonte ductile,125,23.7,1991,-2542.3,3933.2,-2525.0,3917.0
SYN000796,Fonte,Fonte grise,80,35.4,1962,1711.6,-2767.4,1687.4,-2741.5
SYN000797,Fonte,Fonte grise,125,79.6,1945,1687.4,-2741.5,1618.1,-2702.5
SYN000798,Plastique,PVC,250,24.2,2010,1618.1,-2702.5,1626.5,-2725.1
SYN000799,Plastique,PVC,150,137.3,1994,1626.5,-2725.1,1759.9,-2692.3
SYN000800,Plastique,PVC,100,39.8,2007,3622.3,-3972.1,3589.8,-3995.1
SYN000801,Fonte,Fonte ductile,200,27.6,2015,3589.8,-3995.1,3568.8,-3977.2
SYN000802,Plastique,PEHD,125,45.6,1996,3568.8,-3977.2,3607.1,-4002.0
SYN000803,Plastique,PVC collé,250,62.2,1966,3607.1,-4002.0,3590.2,-3942.2
SYN000804,Fonte,Fonte grise,32,12.8,1951,-1885.4,-3843.6,-1872.6,-3843.6
SYN000805,Fonte,Fonte grise,200,55.4,1960,-3135.0,3191.6,-3164.1,3144.5
SYN000806,Plastique,PVC,150,47.7,1983,-3164.1,3144.5,-3208.9,3161.0
SYN000807,Fonte,Fonte grise,500,176.1,1959,-3208.9,3161.0,-3336.1,3039.2
SYN000808,Fonte,Fonte ductile,150,38.0,1975,-3336.1,3039.2,-3348.2,3003.2
SYN000809,Ciment,Amiante-ciment,200,48.2,1967,99.8,2963.1,144.8,2980.6
SYN000810,Fonte,Fonte grise,125,23.9,1931,144.8,2980.6,147.7,3004.3
SYN000811,Fonte,Fonte grise,32,152.8,1971,2170.3,-936.5,2051.8,-840.0
SYN000812,Ciment,Amiante-ciment,400,50.2,1961,2051.8,-840.0,2073.9,-885.1
SYN000813,Plastique,PVC collé,400,61.4,1965,2073.9,-885.1,2037.3,-934.4
SYN000814,Fonte,Fonte grise,50,146.7,1951,406.3,-1557.2,552.9,-1550.6
SYN000815,Plastique,PEHD,100,94.6,2013,1370.2,-1613.4,1341.5,-1523.2
SYN000816,Plastique,PEHD,250,30.5,2013,1341.5,-1523.2,1333.3,-1493.8
SYN000817,Plastique,PVC collé,125,51.6,1961,1333.3,-1493.8,1383.6,-1482.1
SYN000818,Plastique,PVC collé,600,48.0,1963,1383.6,-1482.1,1429.2,-1496.9
SYN000819,Fonte,Fonte ductile,40,20.3,1979,1429.2,-1496.9,1445.8,-1508.6
SYN000820,Fonte,Fonte grise,80,55.2,1962,1445.8,-1508.6,1475.3,-1461.9
SYN000821,Plastique,PVC collé,300,16.7,1960,435.7,-980.9,420.2,-974.7
SYN000822,Fonte,Fonte ductile,250,34.3,1998,420.2,-974.7,394.6,-997.5
SYN000823,Plastique,PVC collé,125,13.5,1973,-1605.8,1629.6,-1592.3,1628.3
SYN000824,Plastique,PEHD,150,19.9,2007,-1592.3,1628.3,-1588.8,1608.8
SYN000825,Fonte,Fonte grise,100,64.4,1948,-1588.8,1608.8,-1591.9,1544.4
SYN000826,Plastique,PVC collé,125,126.3,1969,-1591.9,1544.4,-1626.2,1666.0
SYN000827,Fonte,Fonte ductile,200,24.9,1978,-1626.2,1666.0,-1627.5,1641.1
SYN000828,Plastique,PEHD,80,139.6,2015,-1627.5,1641.1,-1495.4,1596.1
SYN000829,Fonte,Fonte ductile,150,64.6,1992,-3608.5,2706.5,-3665.7,2676.5
SYN000830,Plastique,PVC collé,80,22.5,1978,-3665.7,2676.5,-3685.9,2666.5
SYN000831,Plastique,PVC collé,300,176.9,1962,-3685.9,2666.5,-3735.5,2496.7
SYN000832,Fonte,Fonte ductile,40,48.3,1973,-3735.5,2496.7,-3755.3,2540.8
SYN000833,Plastique,PVC,50,106.9,1997,2558.3,-2220.4,2566.2,-2327.0
SYN000834,Plastique,PVC,150,145.4,1997,2211.2,-2860.9,2128.8,-2980.7
SYN000835,Plastique,PVC collé,200,49.4,1980,-2837.2,-393.0,-2886.5,-396.6
SYN000836,Plastique,PVC,125,46.1,2004,-2609.0,3482.8,-2613.5,3528.7
SYN000837,Ciment,Amiante-ciment,250,182.5,1964,3291.9,3783.2,3399.8,3636.1
SYN000838,Fonte,Fonte ductile,250,115.5,2001,3399.8,3636.1,3318.7,3718.3
SYN000839,Fonte,Fonte ductile,80,65.7,1972,3318.7,3718.3,3329.0,3783.1
SYN000840,Fonte,Fonte grise,150,29.4,1943,3329.0,3783.1,3351.5,3802.1
SYN000841,Plastique,PVC,80,117.7,2019,3351.5,3802.1,3277.8,3710.3
SYN000842,Plastique,PVC collé,150,16.4,1980,3277.8,3710.3,3266.4,3722.0
SYN000843,Fonte,Fonte ductile,125,35.9,1970,3266.4,3722.0,3269.6,3757.8
SYN000844,Fonte,Fonte grise,80,215.9,1964,3269.6,3757.8,3295.4,3543.5
SYN000845,Plastique,PEHD,100,76.5,2007,3295.4,3543.5,3233.8,3588.7
SYN000846,Fonte,Fonte ductile,100,39.8,1987,-854.6,-3057.0,-877.0,-3089.9
SYN000847,Plastique,PVC,125,69.3,1986,-877.0,-3089.9,-932.2,-3048.0
SYN000848,Fonte,Fonte grise,125,93.3,1931,-477.2,-3265.1,-439.4,-3350.4
SYN000849,Acier,Acier,150,76.0,1950,2294.2,662.3,2323.0,591.9
SYN000850,Fonte,Fonte grise,250,67.6,1957,-1862.3,3222.5,-1813.1,3269.0
SYN000851,Fonte,Fonte grise,125,34.9,1943,-1813.1,3269.0,-1780.5,3256.5
SYN000852,Plastique,PEHD,100,53.6,2015,-1780.5,3256.5,-1788.0,3203.5
SYN000853,Plastique,PEHD,250,93.1,2002,-1788.0,3203.5,-1710.3,3254.6
SYN000854,Fonte,Fonte grise,250,25.1,1961,-1710.3,3254.6,-1702.6,3278.5
SYN000855,Fonte,Fonte ductile,200,52.7,1973,-2387.6,1653.4,-2378.7,1705.4
SYN000856,Plastique,PVC,250,114.5,2015,-2378.7,1705.4,-2489.4,1676.5
SYN000857,Plastique,PEHD,200,35.4,2005,-2489.4,1676.5,-2519.6,1695.0
SYN000858,Fonte,Fonte ductile,200,53.8,1977,-2519.6,1695.0,-2558.7,1731.9
SYN000859,Fonte,Fonte ductile,100,15.9,2014,-2558.7,1731.9,-2574.5,1733.6
SYN000860,Plastique,PVC,200,163.8,2010,-2574.5,1733.6,-2420.4,1678.2
SYN000861,Plastique,PVC,80,28.1,2012,-2420.4,1678.2,-2420.5,1706.3
SYN000862,Plastique,PVC,100,42.8,2002,-2420.5,1706.3,-2378.3,1699.0
SYN000863,Plastique,PVC collé,150,117.7,1978,-2378.3,1699.0,-2380.6,1816.7
SYN000864,Fonte,Fonte grise,80,108.6,1950,-2345.2,2322.2,-2238.9,2300.0
SYN000865,Plastique,PEHD,80,9.4,2005,-2238.9,2300.0,-2243.8,2308.0
SYN000866,Plastique,PEHD,200,16.1,2002,-2243.8,2308.0,-2232.3,2296.7
SYN000867,Plastique,PVC,80,22.5,2009,-2232.3,2296.7,-2236.1,2318.9
SYN000868,Fonte,Fonte grise,100,112.3,1972,-2236.1,2318.9,-2343.5,2286.2
SYN000869,Fonte,Fonte grise,100,114.5,1931,649.9,-132.4,655.5,-18.1
SYN000870,Plastique,PVC,32,19.6,2015,1929.5,903.0,1949.0,905.1
SYN000871,Fonte,Fonte grise,150,43.4,1968,1949.0,905.1,1990.8,916.8
SYN000872,Ciment,Amiante-ciment,80,16.2,1976,1990.8,916.8,1981.2,903.8
SYN000873,Fonte,Fonte ductile,40,22.0,1975,3764.1,3587.3,3758.5,3566.0
SYN000874,Plastique,PVC,125,140.3,2006,3758.5,3566.0,3720.3,3431.0
SYN000875,Plastique,PEHD,500,7.9,1997,3720.3,3431.0,3724.9,3437.4
SYN000876,Fonte,Fonte ductile,150,21.5,2006,3724.9,3437.4,3745.7,3431.8
SYN000877,Fonte,Fonte ductile,125,178.1,1986,3745.7,3431.8,3652.8,3279.9
SYN000878,Plastique,PVC collé,200,17.9,1984,-2499.3,950.5,-2481.5,948.8
SYN000879,Plastique,PVC collé,125,42.2,1978,-2481.5,948.8,-2439.6,943.6
SYN000880,Fonte,Fonte ductile,125,49.3,1984,-3592.3,3438.1,-3573.1,3392.7
SYN000881,Plastique,PVC collé,250,129.4,1962,-3573.1,3392.7,-3693.6,3440.1
SYN000882,Acier,Acier,200,86.0,1958,-3693.6,3440.1,-3615.8,3476.7
SYN000883,Fonte,Fonte ductile,150,108.1,1981,-3615.8,3476.7,-3601.4,3583.8
SYN000884,Fonte,Fonte grise,150,63.4,1933,-3601.4,3583.8,-3653.4,3547.5
SYN000885,Fonte,Fonte ductile,250,83.1,2003,-3653.4,3547.5,-3584.8,3500.5
SYN000886,Fonte,Fonte ductile,150,25.5,2001,-3584.8,3500.5,-3571.5,3478.7
SYN000887,Fonte,Fonte grise,125,85.1,1947,-3571.5,3478.7,-3492.1,3447.9
SYN000888,Fonte,Fonte grise,100,35.4,1943,-3492.1,3447.9,-3473.3,3477.9
SYN000889,Plastique,PVC,32,51.8,2013,82.3,2787.7,112.7,2829.6
SYN000890,Fonte,Fonte ductile,80,45.2,2002,112.7,2829.6,136.7,2791.2
SYN000891,Acier,Acier,125,37.9,1978,3224.8,-447.9,3262.1,-454.3
SYN000892,Fonte,Fonte ductile,250,26.6,2000,-2384.1,3559.6,-2362.0,3574.4
SYN000893,Fonte,Fonte grise,80,18.3,1945,-3556.0,-1287.1,-3538.5,-1292.6
SYN000894,Plastique,PVC,250,73.8,1981,-3538.5,-1292.6,-3526.6,-1365.4
SYN000895,Plastique,PEHD,250,91.7,2007,363.9,2522.7,346.6,2432.7
SYN000896,Fonte,Fonte ductile,40,121.1,1974,346.6,2432.7,357.2,2312.1
SYN000897,Fonte,Fonte grise,100,137.2,1960,-1351.8,1004.7,-1469.1,1075.8
SYN000898,Fonte,Fonte grise,125,85.0,1966,-1469.1,1075.8,-1386.5,1055.8
SYN000899,Plastique,PVC collé,150,68.0,1960,-1386.5,1055.8,-1415.2,1117.5
SYN000900,Fonte,Fonte ductile,250,29.9,2002,-1415.2,1117.5,-1389.3,1132.4
SYN000901,Fonte,Fonte ductile,250,90.3,1997,-2637.3,-715.0,-2614.5,-627.7
SYN000902,Fonte,Fonte grise,200,55.2,1952,3824.0,396.9,3870.4,367.0
SYN000903,Fonte,Fonte ductile,150,20.4,1971,3487.4,709.2,3502.5,695.4
SYN000904,Acier,Acier,100,52.1,1956,3502.5,695.4,3550.8,676.1
SYN000905,Plastique,PVC collé,80,54.3,1960,3550.8,676.1,3604.7,669.4
SYN000906,Fonte,Fonte ductile,150,100.2,1979,3604.7,669.4,3704.5,659.8
SYN000907,Fonte,Fonte grise,80,21.7,1964,3704.5,659.8,3726.1,658.3
SYN000908,Fonte,Fonte ductile,50,89.8,2001,3726.1,658.3,3789.2,722.2
SYN000909,Fonte,Fonte ductile,40,19.0,1996,3516.6,-2616.1,3534.0,-2608.5
SYN000910,Plastique,PVC,63,107.4,2015,3534.0,-2608.5,3629.0,-2558.3
SYN000911,Plastique,PEHD,400,86.5,2005,3629.0,-2558.3,3666.0,-2480.1
SYN000912,Plastique,PEHD,80,14.1,2009,1805.8,1593.5,1794.4,1585.1
SYN000913,Ciment,Amiante-ciment,100,87.1,1969,1794.4,1585.1,1782.3,1498.9
SYN000914,Ciment,Amiante-ciment,250,14.3,1974,1782.3,1498.9,1770.8,1507.5
SYN000915,Acier,Acier,200,35.5,1988,-989.8,630.0,-1011.8,657.8
SYN000916,Fonte,Fonte grise,200,30.4,1965,-1011.8,657.8,-1029.7,633.3
SYN000917,Fonte,Fonte grise,100,99.1,1967,2402.3,2594.1,2497.6,2621.2
SYN000918,Fonte,Fonte ductile,100,151.7,1983,-1412.3,-1739.2,-1532.3,-1832.1
SYN000919,Plastique,PVC collé,100,39.8,1983,-1532.3,-1832.1,-1499.0,-1810.2
SYN000920,Fonte,Fonte grise,150,46.6,1940,-1499.0,-1810.2,-1532.2,-1842.9
SYN000921,Plastique,PEHD,100,47.2,2017,2970.8,-2282.1,2926.2,-2297.5
SYN000922,Plastique,PVC collé,100,78.9,1967,2926.2,-2297.5,2896.3,-2370.5
SYN000923,Plastique,PVC collé,250,100.6,1981,-2380.7,-857.1,-2478.2,-881.9
SYN000924,Fonte,Fonte grise,250,27.6,1974,-2478.2,-881.9,-2504.9,-888.7
SYN000925,Fonte,Fonte ductile,100,50.8,2008,-2504.9,-888.7,-2455.3,-878.0
SYN000926,Fonte,Fonte grise,250,70.3,1935,-2455.3,-878.0,-2505.3,-927.3
SYN000927,Plastique,PEHD,300,66.6,1996,1347.7,2800.4,1281.6,2792.4
SYN000928,Plastique,PVC collé,100,38.1,1980,1281.6,2792.4,1319.3,2797.7
SYN000929,Plastique,PVC,100,75.5,2017,-1926.8,744.9,-1965.3,809.8
SYN000930,Fonte,Fonte ductile,250,137.5,1983,-1965.3,809.8,-2033.2,690.3
SYN000931,Fonte,Fonte ductile,32,181.1,1980,-2033.2,690.3,-2195.1,609.1
SYN000932,Fonte,Fonte ductile,200,89.3,2006,-2195.1,609.1,-2237.1,687.9
SYN000933,Plastique,PVC,200,84.2,2013,-1856.3,-2899.6,-1903.3,-2969.4
SYN000934,Plastique,PVC,300,18.0,2002,-1903.3,-2969.4,-1889.2,-2980.5
SYN000935,Fonte,Fonte grise,250,100.0,1975,-1889.2,-2980.5,-1959.0,-2908.9
SYN000936,Acier,Acier,600,25.0,1951,-1959.0,-2908.9,-1935.5,-2917.5
SYN000937,Fonte,Fonte grise,32,64.9,1952,-1935.5,-2917.5,-1874.1,-2896.6
SYN000938,Plastique,PEHD,80,150.0,1998,-1874.1,-2896.6,-1931.2,-3035.3
SYN000939,Fonte,Fonte grise,200,63.7,1954,-1931.2,-3035.3,-1989.3,-3061.4
SYN000940,Fonte,Fonte ductile,80,32.9,1972,-1989.3,-3061.4,-2005.9,-3089.8
SYN000941,Plastique,PEHD,200,18.1,2014,3472.9,-2443.1,3482.9,-2428.0
SYN000942,Fonte,Fonte grise,125,397.1,1960,1809.1,-1864.7,2163.7,-2043.5
SYN000943,Fonte,Fonte ductile,125,46.6,1993,2163.7,-2043.5,2117.1,-2044.7
SYN000944,Fonte,Fonte ductile,100,39.6,1999,2117.1,-2044.7,2094.0,-2012.6
SYN000945,Fonte,Fonte ductile,500,94.9,2015,2094.0,-2012.6,2188.7,-2007.4
SYN000946,Plastique,PVC,125,35.6,2012,2188.7,-2007.4,2224.3,-2006.9
SYN000947,Plastique,PEHD,200,20.8,2024,2224.3,-2006.9,2204.1,-2002.2
SYN000948,Plastique,PEHD,200,28.2,2007,-3044.5,1534.0,-3022.3,1516.7
SYN000949,Fonte,Fonte ductile,80,97.7,1984,-3022.3,1516.7,-3115.7,1488.1
SYN000950,Plastique,PVC collé,40,114.2,1979,2962.7,-1553.4,3068.0,-1509.1
SYN000951,Fonte,Fonte ductile,200,108.6,2009,2935.5,-2286.5,2828.1,-2269.9
SYN000952,Fonte,Fonte ductile,50,25.3,1974,2828.1,-2269.9,2834.0,-2245.3
SYN000953,Fonte,Fonte grise,63,78.5,1943,2834.0,-2245.3,2825.9,-2323.4
SYN000954,Acier,Acier,150,119.6,1958,2825.9,-2323.4,2884.8,-2427.5
SYN000955,Plastique,PEHD,50,77.9,2004,2884.8,-2427.5,2958.8,-2403.1
SYN000956,Plastique,PVC,100,24.2,2010,3061.1,2460.7,3050.1,2439.2
SYN000957,Fonte,Fonte ductile,250,46.6,1989,3050.1,2439.2,3088.0,2412.0
SYN000958,Fonte,Fonte ductile,125,314.0,1989,3088.0,2412.0,3317.4,2626.5
SYN000959,Plastique,PVC collé,125,30.7,1968,-1325.4,-3063.6,-1350.8,-3046.4
SYN000960,Plastique,PVC collé,150,31.6,1974,-1350.8,-3046.4,-1377.4,-3029.3
SYN000961,Fonte,Fonte ductile,125,15.0,2000,-1377.4,-3029.3,-1383.2,-3015.5
SYN000962,Fonte,Fonte grise,400,222.8,1945,-1383.2,-3015.5,-1584.4,-2919.8
SYN000963,Fonte,Fonte grise,200,213.9,1933,-1584.4,-2919.8,-1648.7,-3123.8
SYN000964,Acier,Acier,150,62.2,1950,-1648.7,-3123.8,-1586.9,-3130.6
SYN000965,Fonte,Fonte ductile,150,28.3,2001,30.3,-2644.4,43.2,-2669.6
SYN000966,Acier,Acier,200,26.2,1962,43.2,-2669.6,32.9,-2693.7
SYN000967,Fonte,Fonte grise,150,24.4,1946,32.9,-2693.7,44.4,-2715.2
SYN000968,Plastique,PVC collé,80,20.0,1961,2854.6,-1328.7,2843.4,-1345.3
SYN000969,Fonte,Fonte grise,200,18.4,1954,-1258.6,411.8,-1273.9,401.7
SYN000970,Fonte,Fonte ductile,80,66.6,1979,-1273.9,401.7,-1268.5,335.3
SYN000971,Fonte,Fonte grise,250,64.0,1948,-636.3,2388.9,-659.1,2448.7
SYN000972,Fonte,Fonte grise,125,61.7,1951,-659.1,2448.7,-715.5,2473.6
SYN000973,Plastique,PEHD,80,22.0,2003,-715.5,2473.6,-697.0,2485.5
SYN000974,Fonte,Fonte ductile,250,35.8,1982,-697.0,2485.5,-662.8,2474.9
SYN000975,Plastique,PVC collé,250,68.0,1960,1245.8,411.4,1283.6,354.9
SYN000976,Fonte,Fonte ductile,150,56.2,1996,1283.6,354.9,1227.9,347.0
SYN000977,Fonte,Fonte ductile,125,93.1,1984,1227.9,347.0,1319.8,361.9
SYN000978,Plastique,PVC collé,100,134.9,1970,1319.8,361.9,1294.3,494.3
SYN000979,Fonte,Fonte grise,200,46.0,1956,-3846.3,-2606.0,-3822.1,-2645.1
SYN000980,Ciment,Amiante-ciment,200,32.4,1958,-3492.6,2393.9,-3519.3,2412.2
SYN000981,Plastique,PEHD,300,27.1,1995,840.9,214.0,868.0,215.0
SYN000982,Plastique,PVC,200,132.9,2015,868.0,215.0,812.2,94.4
SYN000983,Fonte,Fonte ductile,150,82.7,1983,812.2,94.4,865.0,30.7
SYN000984,Fonte,Fonte grise,150,19.4,1942,865.0,30.7,849.7,42.7
SYN000985,Acier,Acier,250,78.5,1975,849.7,42.7,911.6,91.1
SYN000986,Fonte,Fonte ductile,400,95.3,1981,911.6,91.1,974.1,163.0
SYN000987,Fonte,Fonte grise,200,45.8,1973,2566.9,1558.9,2611.4,1569.7
SYN000988,Fonte,Fonte ductile,250,329.1,2014,2611.4,1569.7,2863.2,1781.7
SYN000989,Plastique,PVC,32,15.8,1982,-3102.5,-1943.4,-3086.9,-1946.0
SYN000990,Plastique,PVC collé,150,34.2,1973,-3086.9,-1946.0,-3088.3,-1980.2
SYN000991,Plastique,PVC,150,27.8,1993,-3088.3,-1980.2,-3095.2,-2007.1
SYN000992,Plastique,PVC,200,8.1,2015,-2835.2,1421.4,-2834.9,1429.5
SYN000993,Fonte,Fonte grise,125,109.8,1951,-2023.8,-676.0,-2061.5,-779.1
SYN000994,Acier,Acier,200,25.0,1988,1023.2,3549.6,998.5,3545.7
SYN000995,Fonte,Fonte ductile,100,47.7,1999,998.5,3545.7,957.3,3521.7
SYN000996,Plastique,PVC collé,50,254.3,1967,957.3,3521.7,792.9,3715.6
SYN000997,Fonte,Fonte grise,125,46.1,1940,792.9,3715.6,747.3,3708.6
SYN000998,Ciment,Amiante-ciment,250,157.9,1965,747.3,3708.6,769.9,3552.3
SYN000999,Fonte,Fonte ductile,150,80.4,2008,769.9,3552.3,691.6,3534.1
SYN001000,Fonte,Fonte grise,400,101.1,1939,691.6,3534.1,603.3,3583.4
SYN001001,Fonte,Fonte ductile,200,90.5,1971,603.3,3583.4,654.4,3658.1
SYN001002,Fonte,Fonte grise,80,102.7,1958,1142.5,-3441.6,1102.3,-3536.1
SYN001003,Fonte,Fonte grise,500,42.8,1970,1102.3,-3536.1,1116.5,-3495.7
SYN001004,Plastique,PVC collé,40,68.7,1977,1116.5,-3495.7,1173.5,-3534.1
SYN001005,Fonte,Fonte ductile,250,83.5,2008,1173.5,-3534.1,1256.9,-3531.4
SYN001006,Acier,Acier,80,58.2,1968,1256.9,-3531.4,1211.5,-3494.9
SYN001007,Fonte,Fonte ductile,80,107.8,1978,1211.5,-3494.9,1312.4,-3456.9
SYN001008,Plastique,PVC,100,24.8,1988,1312.4,-3456.9,1312.7,-3432.1
SYN001009,Fonte,Fonte ductile,150,100.9,1970,1312.7,-3432.1,1412.8,-3444.9
SYN001010,Plastique,PVC collé,125,128.1,1965,1412.8,-3444.9,1284.9,-3437.7
SYN001011,Plastique,PVC collé,125,71.1,1981,1284.9,-3437.7,1355.9,-3441.2
SYN001012,Fonte,Fonte ductile,125,18.6,1989,-3392.8,1252.4,-3378.5,1240.5
SYN001013,Acier,Acier,400,21.4,1951,-3378.5,1240.5,-3363.6,1255.8
SYN001014,Fonte,Fonte ductile,200,64.3,2007,2219.5,1378.2,2169.5,1337.8
SYN001015,Fonte,Fonte grise,80,59.0,1963,2924.1,-2030.1,2981.9,-2018.4
SYN001016,Plastique,PVC,32,32.0,1987,47.9,-1386.9,16.0,-1384.9
SYN001017,Plastique,PEHD,125,94.6,2008,16.0,-1384.9,0.4,-1291.6
SYN001018,Fonte,Fonte grise,100,179.5,1952,0.4,-1291.6,-156.9,-1205.1
SYN001019,Fonte,Fonte ductile,32,17.1,1995,-156.9,-1205.1,-160.2,-1221.9
SYN001020,Plastique,PEHD,200,53.0,2006,-160.2,-1221.9,-108.0,-1213.0
SYN001021,Plastique,PVC,80,33.3,2003,-108.0,-1213.0,-97.1,-1244.5
SYN001022,Ciment,Amiante-ciment,200,59.0,1976,-97.1,-1244.5,-44.5,-1271.2
SYN001023,Plastique,PVC collé,125,42.1,1984,-1126.3,-2993.1,-1156.7,-2964.0
SYN001024,Plastique,PVC collé,200,91.6,1984,-1156.7,-2964.0,-1203.4,-2885.2
SYN001025,Fonte,Fonte ductile,150,276.7,2003,1116.3,-3932.0,864.0,-4045.6
SYN001026,Acier,Acier,200,44.3,1978,864.0,-4045.6,821.5,-4058.0
SYN001027,Fonte,Fonte ductile,63,234.8,1979,-688.7,2312.2,-718.1,2545.2
SYN001028,Plastique,PVC,125,161.8,1986,-718.1,2545.2,-588.2,2641.6
SYN001029,Fonte,Fonte ductile,150,36.8,1977,-588.2,2641.6,-577.3,2606.4
SYN001030,Plastique,PVC collé,300,60.3,1984,520.5,-3367.5,521.5,-3427.8
SYN001031,Plastique,PVC,100,78.6,1982,521.5,-3427.8,574.0,-3486.3
SYN001032,Fonte,Fonte ductile,150,12.9,1983,574.0,-3486.3,573.8,-3473.4
SYN001033,Plastique,PEHD,150,21.0,1997,-2151.1,928.4,-2135.3,914.6
SYN001034,Fonte,Fonte ductile,150,29.9,1996,-1353.6,1954.7,-1377.8,1937.1
SYN001035,Plastique,PVC collé,125,47.5,1967,-1377.8,1937.1,-1344.8,1971.3
SYN001036,Fonte,Fonte ductile,200,75.3,1988,-1344.8,1971.3,-1326.7,1898.2
SYN001037,Fonte,Fonte ductile,250,18.7,1987,3043.4,2584.1,3061.2,2578.2
SYN001038,Fonte,Fonte ductile,250,36.6,1994,3061.2,2578.2,3090.3,2556.0
SYN001039,Fonte,Fonte grise,125,3.2,1934,3090.3,2556.0,3092.6,2553.8
SYN001040,Fonte,Fonte grise,300,22.6,1953,1770.7,3655.1,1749.5,3647.4
SYN001041,Plastique,PVC collé,150,167.4,1974,1749.5,3647.4,1649.5,3513.1
SYN001042,Plastique,PVC collé,32,64.9,1960,-2606.5,1555.5,-2659.2,1517.7
SYN001043,Plastique,PVC collé,150,12.6,1965,775.1,2474.8,765.4,2482.8
SYN001044,Fonte,Fonte grise,80,37.9,1941,765.4,2482.8,780.6,2517.5
SYN001045,Fonte,Fonte ductile,100,61.0,1984,3654.0,-1974.3,3690.8,-2022.9
SYN001046,Fonte,Fonte grise,80,40.7,1931,3690.8,-2022.9,3657.0,-2000.3
SYN001047,Plastique,PVC,150,6.8,2000,3657.0,-2000.3,3658.0,-2007.0
SYN001048,Plastique,PEHD,100,99.5,2019,3658.0,-2007.0,3704.9,-1919.2
SYN001049,Fonte,Fonte ductile,500,49.7,1976,3704.9,-1919.2,3754.0,-1911.5
SYN001050,Plastique,PVC collé,32,18.5,1980,3754.0,-1911.5,3757.1,-1929.8
SYN001051,Fonte,Fonte grise,200,53.5,1943,3757.1,-1929.8,3758.8,-1876.3
SYN001052,Fonte,Fonte ductile,80,40.5,1994,3758.8,-1876.3,3741.7,-1839.6
SYN001053,Fonte,Fonte grise,300,38.1,1933,3741.7,-1839.6,3720.4,-1808.0
SYN001054,Fonte,Fonte ductile,200,18.0,1973,-2088.6,-745.4,-2100.8,-732.2
SYN001055,Plastique,PVC,150,37.3,1990,-2100.8,-732.2,-2104.1,-695.0
SYN001056,Plastique,PEHD,100,18.6,2023,-2104.1,-695.0,-2119.8,-685.1
SYN001057,Fonte,Fonte grise,125,170.0,1961,-3944.0,-1244.1,-3778.7,-1283.5
SYN001058,Plastique,PVC collé,125,74.4,1978,-3778.7,-1283.5,-3731.7,-1225.7
SYN001059,Plastique,PVC,32,21.1,2018,2476.2,3668.0,2495.5,3659.4
SYN001060,Acier,Acier,32,48.6,1955,2495.5,3659.4,2506.4,3612.1
SYN001061,Plastique,PVC collé,80,35.0,1984,2506.4,3612.1,2525.6,3641.4
SYN001062,Fonte,Fonte ductile,150,19.3,1970,2525.6,3641.4,2506.5,3644.4
SYN001063,Plastique,PVC collé,200,53.3,1965,2506.5,3644.4,2467.3,3608.3
SYN001064,Fonte,Fonte ductile,125,31.2,2015,2467.3,3608.3,2446.1,3631.2
SYN001065,Ciment,Amiante-ciment,150,41.4,1979,2446.1,3631.2,2405.7,3622.4
SYN001066,Fonte,Fonte ductile,80,68.0,2008,-878.6,2619.5,-811.9,2632.9
SYN001067,Plastique,PVC,150,46.4,2011,1734.9,1000.9,1756.4,959.7
SYN001068,Fonte,Fonte grise,200,21.7,1974,1756.4,959.7,1777.7,964.1
SYN001069,Fonte,Fonte ductile,250,62.0,1977,1777.7,964.1,1736.6,1010.5
SYN001070,Plastique,PEHD,250,210.4,2019,1736.6,1010.5,1943.9,974.9
SYN001071,Plastique,PVC collé,250,122.8,1978,1943.9,974.9,2064.6,997.7
SYN001072,Fonte,Fonte ductile,50,137.9,2006,2064.6,997.7,2018.7,867.7
SYN001073,Acier,Acier,125,46.9,1978,2018.7,867.7,2004.4,912.3
SYN001074,Plastique,PEHD,125,80.6,1997,2756.3,1205.1,2729.8,1281.2
SYN001075,Fonte,Fonte ductile,200,50.9,2007,3269.0,-116.0,3292.6,-161.0
SYN001076,Plastique,PVC collé,80,76.4,1976,3292.6,-161.0,3231.3,-115.5
SYN001077,Fonte,Fonte ductile,250,13.1,1995,-300.5,-1689.2,-287.9,-1685.6
SYN001078,Plastique,PVC collé,80,171.6,1965,-287.9,-1685.6,-348.7,-1525.1
SYN001079,Fonte,Fonte ductile,100,16.4,1991,-348.7,-1525.1,-361.5,-1514.9
SYN001080,Fonte,Fonte ductile,500,103.7,1987,-361.5,-1514.9,-308.0,-1603.7
SYN001081,Plastique,PEHD,80,146.5,2000,1092.3,3959.4,1219.2,3886.2
SYN001082,Acier,Acier,200,17.6,1957,1219.2,3886.2,1208.1,3899.8
SYN001083,Plastique,PEHD,200,185.4,2016,1208.1,3899.8,1127.4,4066.7
SYN001084,Ciment,Amiante-ciment,200,53.5,1958,1127.4,4066.7,1149.7,4018.1
SYN001085,Plastique,PVC,80,173.7,2010,1149.7,4018.1,1038.5,4151.5
SYN001086,Plastique,PVC,32,23.9,2016,1038.5,4151.5,1036.1,4175.3
SYN001087,Plastique,PVC,150,63.0,2017,213.1,-604.0,223.9,-541.9
SYN001088,Fonte,Fonte ductile,150,48.0,2007,223.9,-541.9,178.9,-558.7
SYN001089,Fonte,Fonte ductile,125,96.5,1977,-1486.5,161.6,-1499.1,65.9
SYN001090,Fonte,Fonte ductile,125,50.0,1994,-1499.1,65.9,-1449.4,61.0
SYN001091,Plastique,PVC collé,125,85.8,1979,-1449.4,61.0,-1400.8,-9.8
SYN001092,Fonte,Fonte ductile,150,36.6,1976,-1400.8,-9.8,-1429.2,-33.0
SYN001093,Fonte,Fonte ductile,600,48.1,1976,2977.3,-1210.1,2940.3,-1240.8
SYN001094,Plastique,PVC collé,50,85.8,1965,2940.3,-1240.8,2865.2,-1199.4
SYN001095,Fonte,Fonte ductile,80,94.8,1971,2865.2,-1199.4,2798.3,-1266.5
SYN001096,Fonte,Fonte grise,80,111.2,1973,2798.3,-1266.5,2813.7,-1156.4
SYN001097,Plastique,PEHD,80,126.9,2011,2813.7,-1156.4,2692.7,-1118.3
SYN001098,Plastique,PEHD,80,7.3,2001,2692.7,-1118.3,2685.4,-1119.3
SYN001099,Fonte,Fonte grise,40,40.7,1964,-239.9,3315.4,-273.9,3337.8
SYN001100,Fonte,Fonte grise,250,18.5,1970,-273.9,3337.8,-292.4,3338.8
SYN001101,Fonte,Fonte ductile,50,33.6,2013,-292.4,3338.8,-303.4,3370.5
SYN001102,Plastique,PVC,50,73.1,1995,-303.4,3370.5,-243.5,3328.5
SYN001103,Plastique,PEHD,63,72.8,2012,-99.3,-37.0,-40.3,5.7
SYN001104,Fonte,Fonte grise,250,21.4,1963,-40.3,5.7,-40.9,-15.7
SYN001105,Plastique,PVC,200,10.9,1995,-40.9,-15.7,-43.7,-5.2
SYN001106,Fonte,Fonte grise,100,64.4,1959,-43.7,-5.2,-102.8,-30.9
SYN001107,Fonte,Fonte ductile,100,24.6,1982,-102.8,-30.9,-78.9,-36.7
SYN001108,Ciment,Amiante-ciment,40,170.8,1962,-78.9,-36.7,-199.0,-158.1
SYN001109,Fonte,Fonte grise,100,172.4,1941,-199.0,-158.1,-325.3,-40.7
SYN001110,Fonte,Fonte grise,32,21.8,1949,-325.3,-40.7,-303.6,-43.2
SYN001111,Fonte,Fonte ductile,250,189.4,1976,2273.6,-2702.5,2200.9,-2877.4
SYN001112,Plastique,PVC collé,600,46.5,1985,2200.9,-2877.4,2210.1,-2923.0
SYN001113,Acier,Acier,80,75.9,1988,2210.1,-2923.0,2274.0,-2964.0
SYN001114,Ciment,Amiante-ciment,100,23.2,1961,2274.0,-2964.0,2279.5,-2986.5
SYN001115,Fonte,Fonte grise,80,374.6,1955,-1636.7,-50.9,-1948.1,-259.1
SYN001116,Fonte,Fonte grise,125,17.3,1973,-1948.1,-259.1,-1947.2,-241.9
SYN001117,Plastique,PVC,200,146.4,2003,-1947.2,-241.9,-1910.2,-100.2
SYN001118,Fonte,Fonte ductile,250,108.1,1979,-1910.2,-100.2,-1802.6,-110.5
SYN001119,Plastique,PEHD,200,42.1,2016,-1802.6,-110.5,-1811.9,-151.6
SYN001120,Plastique,PVC collé,600,267.2,1979,-1811.9,-151.6,-1566.3,-46.4
SYN001121,Fonte,Fonte grise,50,126.6,1962,3372.2,970.8,3493.5,1007.2
SYN001122,Plastique,PEHD,600,14.4,2024,3493.5,1007.2,3479.2,1009.3
SYN001123,Fonte,Fonte grise,40,127.5,1938,3479.2,1009.3,3360.8,962.0
SYN001124,Fonte,Fonte ductile,80,36.8,1978,3360.8,962.0,3350.2,926.7
SYN001125,Plastique,PVC collé,80,244.5,1965,3350.2,926.7,3574.0,828.3
SYN001126,Fonte,Fonte ductile,80,14.0,1993,3574.0,828.3,3574.5,842.3
SYN001127,Plastique,PVC,80,13.1,1997,3574.5,842.3,3586.3,836.6
SYN001128,Plastique,PVC collé,150,38.2,1983,3586.3,836.6,3585.3,874.7
SYN001129,Ciment,Amiante-ciment,300,62.0,1975,3585.3,874.7,3553.1,927.7
SYN001130,Ciment,Amiante-ciment,40,84.4,1958,-3236.0,1922.9,-3318.9,1938.8
SYN001131,Fonte,Fonte ductile,50,27.2,1991,-3318.9,1938.8,-3340.7,1922.7
SYN001132,Fonte,Fonte grise,80,28.3,1950,-3340.7,1922.7,-3356.4,1899.1
SYN001133,Plastique,PVC,150,35.0,1980,-634.1,386.1,-599.2,387.0
SYN001134,Ciment,Amiante-ciment,150,90.9,1955,-2398.1,1042.0,-2427.1,955.9
SYN001135,Fonte,Fonte ductile,200,24.4,1972,-2427.1,955.9,-2430.6,931.7
SYN001136,Fonte,Fonte ductile,400,73.3,1977,-2430.6,931.7,-2488.3,886.5
SYN001137,Fonte,Fonte ductile,100,58.3,2004,-2488.3,886.5,-2546.4,881.8
SYN001138,Fonte,Fonte grise,200,64.1,1948,-1899.5,1617.3,-1850.5,1575.9
SYN001139,Plastique,PVC,500,30.3,1984,-1850.5,1575.9,-1844.3,1605.6
SYN001140,Fonte,Fonte ductile,100,40.5,1975,-2602.6,-1315.5,-2643.0,-1313.3
SYN001141,Plastique,PVC,250,360.0,2015,-173.4,117.0,185.4,146.2
SYN001142,Plastique,PEHD,250,122.2,2007,185.4,146.2,178.8,24.2
SYN001143,Plastique,PEHD,150,29.4,2005,178.8,24.2,164.3,-1.4
SYN001144,Fonte,Fonte ductile,150,110.1,1999,164.3,-1.4,136.6,-108.0
SYN001145,Fonte,Fonte ductile,40,12.3,2004,136.6,-108.0,129.2,-117.7
SYN001146,Plastique,PVC,125,23.4,2008,129.2,-117.7,110.1,-104.2
SYN001147,Plastique,PEHD,32,25.7,1996,221.8,3806.8,229.3,3831.4
SYN001148,Fonte,Fonte ductile,63,32.2,2013,229.3,3831.4,217.2,3801.6
SYN001149,Plastique,PEHD,150,61.6,2017,-29.2,-2350.8,-87.1,-2371.8
SYN001150,Fonte,Fonte grise,200,26.2,1954,-87.1,-2371.8,-111.3,-2382.0
SYN001151,Plastique,PEHD,200,77.2,2009,1644.1,-1609.6,1568.0,-1622.4
SYN001152,Fonte,Fonte grise,400,54.9,1947,1568.0,-1622.4,1585.3,-1674.5
SYN001153,Fonte,Fonte grise,50,30.1,1934,1585.3,-1674.5,1598.3,-1647.4
SYN001154,Plastique,PVC collé,250,37.0,1969,1598.3,-1647.4,1592.8,-1610.8
SYN001155,Fonte,Fonte grise,250,144.9,1947,1592.8,-1610.8,1487.7,-1710.5
SYN001156,Fonte,Fonte grise,100,19.9,1957,1487.7,-1710.5,1507.5,-1708.1
SYN001157,Fonte,Fonte grise,400,86.3,1972,1507.5,-1708.1,1510.0,-1794.4
SYN001158,Fonte,Fonte ductile,500,16.0,2015,1510.0,-1794.4,1526.0,-1794.5
SYN001159,Plastique,PVC,200,51.5,2004,1526.0,-1794.5,1474.7,-1798.0
SYN001160,Fonte,Fonte grise,250,25.2,1949,3237.4,-826.6,3259.3,-814.2
SYN001161,Plastique,PVC collé,32,83.3,1980,3259.3,-814.2,3278.9,-733.2
SYN001162,Plastique,PEHD,150,23.9,2016,3278.9,-733.2,3257.9,-744.7
SYN001163,Fonte,Fonte grise,150,14.2,1950,3257.9,-744.7,3270.7,-738.3
SYN001164,Fonte,Fonte grise,125,126.4,1940,3270.7,-738.3,3327.4,-625.4
SYN001165,Plastique,PEHD,40,33.0,2004,3076.5,-1115.3,3053.6,-1139.0
SYN001166,Plastique,PEHD,50,19.2,2019,3053.6,-1139.0,3034.4,-1140.1
SYN001167,Plastique,PVC collé,200,98.2,1973,3034.4,-1140.1,2971.3,-1215.4
SYN001168,Plastique,PEHD,125,12.2,2020,-49.5,3338.5,-52.7,3326.8
SYN001169,Fonte,Fonte grise,600,96.1,1937,-52.7,3326.8,-147.7,3312.4
SYN001170,Fonte,Fonte ductile,100,28.4,1971,-147.7,3312.4,-175.8,3307.9
SYN001171,Plastique,PVC,63,58.0,2019,-175.8,3307.9,-129.5,3342.9
SYN001172,Fonte,Fonte ductile,80,62.3,1973,-129.5,3342.9,-191.3,3334.5
SYN001173,Plastique,PVC,50,29.5,2005,-191.3,3334.5,-212.1,3313.6
SYN001174,Fonte,Fonte ductile,150,76.1,2015,-212.1,3313.6,-144.4,3348.4
SYN001175,Plastique,PVC,80,42.3,2007,-144.4,3348.4,-152.8,3307.0
SYN001176,Fonte,Fonte ductile,50,34.6,1974,-152.8,3307.0,-127.6,3330.7
SYN001177,Fonte,Fonte ductile,50,100.2,1980,-127.6,3330.7,-82.3,3241.3
SYN001178,Fonte,Fonte grise,150,63.1,1939,2833.0,-1391.2,2822.9,-1453.5
SYN001179,Fonte,Fonte grise,250,266.4,1934,2822.9,-1453.5,2557.7,-1428.0
SYN001180,Plastique,PVC,125,67.9,2013,2557.7,-1428.0,2491.0,-1440.4
SYN001181,Fonte,Fonte grise,200,31.3,1940,2491.0,-1440.4,2520.3,-1451.2
SYN001182,Fonte,Fonte grise,500,15.9,1937,2520.3,-1451.2,2535.2,-1456.8
SYN001183,Fonte,Fonte grise,150,25.3,1970,2535.2,-1456.8,2511.8,-1447.2
SYN001184,Fonte,Fonte grise,80,110.7,1961,2511.8,-1447.2,2566.4,-1350.8
SYN001185,Plastique,PEHD,200,183.9,2017,3597.8,1945.4,3479.8,2086.4
SYN001186,Fonte,Fonte ductile,250,24.5,2004,1289.7,2312.2,1274.6,2292.9
SYN001187,Ciment,Amiante-ciment,150,96.4,1980,1274.6,2292.9,1247.5,2385.4
SYN001188,Fonte,Fonte grise,80,274.4,1975,-2831.7,3158.2,-3079.0,3277.1
SYN001189,Plastique,PVC collé,100,27.1,1966,-3079.0,3277.1,-3070.5,3251.4
SYN001190,Fonte,Fonte ductile,200,24.9,1993,-3070.5,3251.4,-3092.7,3262.6
SYN001191,Fonte,Fonte ductile,250,120.8,2002,-3092.7,3262.6,-3085.5,3142.0
SYN001192,Plastique,PEHD,63,19.6,2007,-3085.5,3142.0,-3066.4,3137.9
SYN001193,Ciment,Amiante-ciment,400,26.9,1969,3390.4,2966.1,3364.2,2960.3
SYN001194,Plastique,PEHD,80,155.6,2011,3364.2,2960.3,3236.0,3048.6
SYN001195,Fonte,Fonte grise,50,201.2,1954,3236.0,3048.6,3186.1,3243.5
SYN001196,Fonte,Fonte ductile,80,17.3,2011,3186.1,3243.5,3200.4,3253.3
SYN001197,Plastique,PVC collé,125,14.6,1961,3200.4,3253.3,3214.0,3258.5
SYN001198,Fonte,Fonte ductile,125,31.9,1986,3214.0,3258.5,3232.3,3284.6
SYN001199,Plastique,PVC,32,101.7,1994,3232.3,3284.6,3213.3,3384.6
SYN001200,Plastique,PVC collé,80,39.0,1968,3213.3,3384.6,3223.0,3346.8
SYN001201,Plastique,PVC collé,200,21.4,1975,3223.0,3346.8,3229.4,3326.4
SYN001202,Plastique,PEHD,125,14.2,2014,3229.4,3326.4,3237.5,3314.7
SYN001203,Plastique,PVC,500,23.4,1982,3237.5,3314.7,3221.3,3331.6
SYN001204,Fonte,Fonte grise,200,54.1,1971,3221.3,3331.6,3179.0,3297.9
SYN001205,Fonte,Fonte grise,250,23.4,1966,-1612.5,-986.0,-1632.3,-998.5
SYN001206,Plastique,PVC collé,100,90.7,1971,-1632.3,-998.5,-1722.8,-1004.4
SYN001207,Fonte,Fonte ductile,150,40.6,1975,-1722.8,-1004.4,-1712.0,-1043.6
SYN001208,Fonte,Fonte ductile,250,51.3,2015,-1712.0,-1043.6,-1662.6,-1057.3
SYN001209,Fonte,Fonte ductile,150,10.9,2011,-1432.6,-3838.5,-1422.9,-3833.5
SYN001210,Plastique,PVC,63,358.5,2000,-1422.9,-3833.5,-1516.3,-3487.4
SYN001211,Plastique,PEHD,150,32.9,1996,-1516.3,-3487.4,-1527.8,-3518.2
SYN001212,Plastique,PVC collé,125,28.4,1982,-1527.8,-3518.2,-1555.0,-3526.1
SYN001213,Fonte,Fonte ductile,150,87.4,1981,-3138.8,-3054.3,-3102.1,-2975.0
SYN001214,Fonte,Fonte ductile,150,60.3,1987,-3102.1,-2975.0,-3141.0,-3021.1
SYN001215,Plastique,PVC collé,125,44.4,1975,-3141.0,-3021.1,-3137.4,-2976.8
SYN001216,Fonte,Fonte ductile,32,114.2,1983,-3137.4,-2976.8,-3226.2,-3048.6
SYN001217,Plastique,PVC collé,40,93.5,1964,-3226.2,-3048.6,-3137.0,-3020.5
SYN001218,Plastique,PVC,200,23.7,1987,-3137.0,-3020.5,-3120.9,-3038.0
SYN001219,Fonte,Fonte grise,80,59.2,1939,-3120.9,-3038.0,-3143.0,-2983.0
SYN001220,Fonte,Fonte grise,50,32.1,1961,-3143.0,-2983.0,-3128.4,-2954.5
SYN001221,Fonte,Fonte grise,80,51.1,1965,-3128.4,-2954.5,-3106.7,-3000.8
SYN001222,Plastique,PEHD,40,106.6,2000,270.3,-410.0,163.7,-407.5
SYN001223,Plastique,PVC collé,150,98.0,1977,163.7,-407.5,139.3,-502.4
SYN001224,Fonte,Fonte grise,100,101.9,1956,2796.4,-3930.5,2895.9,-3952.7
SYN001225,Plastique,PEHD,100,65.6,2019,2895.9,-3952.7,2912.2,-3889.1
SYN001226,Fonte,Fonte ductile,250,57.0,2015,2912.2,-3889.1,2967.7,-3876.3
SYN001227,Fonte,Fonte ductile,200,63.6,1988,2967.7,-3876.3,3017.8,-3837.1
SYN001228,Acier,Acier,150,62.5,1988,3017.8,-3837.1,2955.3,-3837.2
SYN001229,Fonte,Fonte grise,50,36.2,1956,2955.3,-3837.2,2989.1,-3824.3
SYN001230,Fonte,Fonte grise,80,34.7,1956,2989.1,-3824.3,3004.0,-3855.6
SYN001231,Plastique,PVC collé,100,19.5,1966,3004.0,-3855.6,3013.2,-3872.8
SYN001232,Fonte,Fonte grise,32,66.5,1973,-2597.7,-1172.4,-2635.4,-1117.6
SYN001233,Plastique,PVC,250,37.7,2004,-2635.4,-1117.6,-2598.8,-1108.4
SYN001234,Fonte,Fonte grise,80,35.9,1930,597.9,30.4,614.2,-1.5
SYN001235,Fonte,Fonte grise,200,92.1,1974,614.2,-1.5,628.4,89.5
SYN001236,Fonte,Fonte grise,200,555.0,1957,628.4,89.5,485.4,-446.8
SYN001237,Fonte,Fonte ductile,200,18.3,2015,485.4,-446.8,499.7,-435.4
SYN001238,Fonte,Fonte grise,250,136.4,1972,499.7,-435.4,453.1,-307.2
SYN001239,Fonte,Fonte grise,40,42.9,1943,453.1,-307.2,465.2,-266.0
SYN001240,Plastique,PEHD,50,375.5,2011,465.2,-266.0,834.8,-332.4
SYN001241,Fonte,Fonte ductile,80,52.0,2002,834.8,-332.4,881.1,-308.8
SYN001242,Fonte,Fonte ductile,125,53.2,1988,881.1,-308.8,867.4,-257.3
SYN001243,Fonte,Fonte grise,100,31.1,1930,867.4,-257.3,892.9,-275.1
SYN001244,Fonte,Fonte ductile,200,45.9,1997,892.9,-275.1,937.7,-265.0
SYN001245,Fonte,Fonte ductile,50,160.0,1979,-2071.4,1053.9,-2008.5,906.8
SYN001246,Plastique,PVC collé,200,13.4,1967,-2008.5,906.8,-1999.6,916.9
SYN001247,Fonte,Fonte grise,125,27.9,1935,-1999.6,916.9,-1982.2,938.7
SYN001248,Plastique,PEHD,125,36.7,1997,-3876.1,-3919.4,-3912.0,-3927.0
SYN001249,Acier,Acier,125,12.1,1973,-3247.5,3875.4,-3250.6,3863.7
SYN001250,Fonte,Fonte grise,40,184.1,1949,-3157.7,-2993.1,-3307.7,-3099.8
SYN001251,Fonte,Fonte grise,250,28.7,1964,-3307.7,-3099.8,-3323.1,-3075.5
SYN001252,Fonte,Fonte grise,100,4.6,1948,-3323.1,-3075.5,-3320.1,-3072.0
SYN001253,Plastique,PVC collé,125,43.2,1984,-3320.1,-3072.0,-3350.4,-3041.1
SYN001254,Fonte,Fonte grise,200,140.6,1931,-3350.4,-3041.1,-3213.5,-3009.0
SYN001255,Plastique,PEHD,80,21.8,2006,-3213.5,-3009.0,-3204.3,-2989.2
SYN001256,Plastique,PVC,200,46.1,1998,-3204.3,-2989.2,-3180.0,-2950.0
SYN001257,Plastique,PEHD,200,121.8,2011,-3174.7,1080.7,-3115.9,1187.4
SYN001258,Plastique,PVC collé,400,13.1,1981,-3115.9,1187.4,-3106.9,1196.9
SYN001259,Ciment,Amiante-ciment,150,54.1,1960,-2704.6,3034.2,-2712.7,2980.8
SYN001260,Fonte,Fonte grise,600,72.1,1960,-2712.7,2980.8,-2764.5,2930.6
SYN001261,Fonte,Fonte ductile,50,14.6,1984,-2764.5,2930.6,-2772.4,2918.4
SYN001262,Fonte,Fonte ductile,125,85.5,2001,-2772.4,2918.4,-2689.4,2898.2
SYN001263,Acier,Acier,200,19.0,1963,-3989.8,-3813.8,-3981.0,-3796.9
SYN001264,Plastique,PVC collé,125,18.6,1983,-3981.0,-3796.9,-3967.1,-3809.4
SYN001265,Plastique,PEHD,63,107.3,2023,-3967.1,-3809.4,-3871.7,-3858.5
SYN001266,Fonte,Fonte grise,250,32.4,1942,-3871.7,-3858.5,-3903.7,-3863.5
SYN001267,Ciment,Amiante-ciment,100,84.1,1968,-1509.8,2401.3,-1471.6,2476.2
SYN001268,Fonte,Fonte ductile,32,72.2,2015,1710.0,123.5,1669.8,63.6
SYN001269,Fonte,Fonte ductile,80,78.7,2003,1575.8,2635.8,1638.4,2683.4
SYN001270,Ciment,Amiante-ciment,150,58.3,1969,1638.4,2683.4,1695.2,2696.5
SYN001271,Fonte,Fonte ductile,250,20.8,1990,-2883.9,-2139.5,-2876.7,-2159.0
SYN001272,Fonte,Fonte ductile,100,105.7,1974,-2876.7,-2159.0,-2809.0,-2240.2
SYN001273,Plastique,PVC collé,125,182.4,1968,-2809.0,-2240.2,-2692.2,-2380.2
SYN001274,Fonte,Fonte grise,400,79.7,1930,-2692.2,-2380.2,-2768.0,-2355.8
SYN001275,Fonte,Fonte ductile,80,30.0,1970,-2768.0,-2355.8,-2747.0,-2334.4
SYN001276,Fonte,Fonte grise,40,88.8,1940,-2747.0,-2334.4,-2683.8,-2272.1
SYN001277,Fonte,Fonte grise,63,35.2,1971,-2683.8,-2272.1,-2664.0,-2301.2
SYN001278,Plastique,PEHD,100,50.5,2002,-2664.0,-2301.2,-2615.7,-2286.7
SYN001279,Plastique,PVC collé,200,44.9,1969,-2615.7,-2286.7,-2660.2,-2291.9
SYN001280,Fonte,Fonte ductile,125,14.6,1989,-3932.2,-3550.9,-3920.5,-3559.6
SYN001281,Fonte,Fonte ductile,125,268.4,1977,-3920.5,-3559.6,-4188.1,-3538.9
SYN001282,Fonte,Fonte ductile,80,54.6,1976,-1456.9,1955.9,-1509.9,1942.5
SYN001283,Plastique,PVC collé,600,79.2,1980,-1509.9,1942.5,-1448.0,1893.1
SYN001284,Acier,Acier,150,46.6,1966,-1448.0,1893.1,-1430.7,1936.4
SYN001285,Acier,Acier,50,24.1,1980,-1430.7,1936.4,-1433.4,1960.4
SYN001286,Fonte,Fonte ductile,250,139.1,1997,-1433.4,1960.4,-1300.9,2002.6
SYN001287,Fonte,Fonte ductile,80,123.6,2004,-1300.9,2002.6,-1295.6,2126.1
SYN001288,Fonte,Fonte ductile,63,29.2,1975,-1295.6,2126.1,-1324.3,2131.3
SYN001289,Plastique,PVC collé,63,129.0,1969,-1324.3,2131.3,-1413.3,2037.9
SYN001290,Fonte,Fonte ductile,125,149.6,1980,1211.1,2155.1,1075.1,2092.7
SYN001291,Plastique,PVC collé,100,29.8,1970,1075.1,2092.7,1104.9,2094.5
SYN001292,Plastique,PVC collé,80,19.6,1982,1104.9,2094.5,1086.7,2087.0
SYN001293,Fonte,Fonte ductile,32,113.5,1993,1086.7,2087.0,1123.8,1979.7
SYN001294,Fonte,Fonte ductile,200,35.8,2004,1304.1,1659.1,1336.1,1675.1
SYN001295,Fonte,Fonte ductile,125,58.5,1974,1336.1,1675.1,1306.4,1725.5
SYN001296,Fonte,Fonte grise,200,24.2,1970,1306.4,1725.5,1317.1,1747.2
SYN001297,Fonte,Fonte grise,125,57.5,1962,1317.1,1747.2,1322.3,1804.5
SYN001298,Plastique,PVC,100,109.1,1988,1322.3,1804.5,1238.7,1874.6
SYN001299,Fonte,Fonte ductile,250,31.0,1998,1238.7,1874.6,1264.9,1858.0
SYN001300,Fonte,Fonte grise,200,44.9,1949,1264.9,1858.0,1226.9,1881.9
SYN001301,Plastique,PVC collé,250,35.5,1980,1226.9,1881.9,1259.3,1896.3
SYN001302,Plastique,PVC,100,70.6,2014,1259.3,1896.3,1241.2,1964.5
SYN001303,Fonte,Fonte ductile,250,31.1,1980,-2214.0,1572.1,-2202.2,1600.9
SYN001304,Plastique,PEHD,200,81.7,1999,-2202.2,1600.9,-2120.9,1592.6
SYN001305,Acier,Acier,250,12.5,1959,-2120.9,1592.6,-2117.0,1604.5
SYN001306,Plastique,PVC collé,250,21.2,1968,-2117.0,1604.5,-2102.1,1619.6
SYN001307,Plastique,PVC collé,200,20.1,1961,-2102.1,1619.6,-2083.5,1627.1
SYN001308,Fonte,Fonte grise,200,28.8,1951,-2083.5,1627.1,-2054.8,1624.8
SYN001309,Acier,Acier,150,94.8,1958,-2054.8,1624.8,-1990.3,1555.4
SYN001310,Fonte,Fonte ductile,50,99.4,1976,-1990.3,1555.4,-1923.2,1628.7
SYN001311,Acier,Acier,125,7.3,1967,-1923.2,1628.7,-1924.9,1621.6
SYN001312,Plastique,PVC collé,250,229.0,1970,-1228.9,71.3,-1454.8,34.1
SYN001313,Fonte,Fonte grise,150,51.6,1967,-1454.8,34.1,-1450.3,85.5
SYN001314,Fonte,Fonte grise,125,64.4,1951,-1450.3,85.5,-1414.0,32.3
SYN001315,Plastique,PVC,80,41.0,2004,-1414.0,32.3,-1446.5,7.3
SYN001316,Plastique,PVC collé,600,69.1,1971,-1519.0,1732.5,-1453.0,1712.1
SYN001317,Fonte,Fonte grise,250,88.6,1974,-1453.0,1712.1,-1509.2,1780.6
SYN001318,Plastique,PVC,150,105.6,1990,-1887.9,-62.1,-1932.7,-157.7
SYN001319,Plastique,PEHD,150,40.7,2004,-1932.7,-157.7,-1918.5,-119.6
SYN001320,Fonte,Fonte ductile,80,34.0,1994,-1918.5,-119.6,-1949.7,-106.1
SYN001321,Fonte,Fonte ductile,250,51.1,1972,-1949.7,-106.1,-1910.6,-73.2
SYN001322,Fonte,Fonte grise,200,24.4,1943,-1910.6,-73.2,-1911.4,-48.8
SYN001323,Plastique,PVC,80,106.2,2003,-1911.4,-48.8,-1806.2,-34.3
SYN001324,Fonte,Fonte ductile,150,63.2,1974,2107.4,-1534.2,2129.5,-1475.0
SYN001325,Plastique,PEHD,250,100.9,2020,2129.5,-1475.0,2068.5,-1555.4
SYN001326,Fonte,Fonte ductile,80,49.8,1979,2068.5,-1555.4,2085.3,-1602.2
SYN001327,Plastique,PVC collé,150,25.3,1985,-2777.3,47.7,-2792.6,27.5
SYN001328,Fonte,Fonte ductile,50,51.7,2004,-2792.6,27.5,-2843.9,21.5
SYN001329,Fonte,Fonte grise,250,10.1,1957,-2843.9,21.5,-2833.9,22.7
SYN001330,Plastique,PVC,125,128.5,1982,-2627.9,-2497.5,-2755.9,-2486.0
SYN001331,Fonte,Fonte ductile,200,20.9,1997,-2755.9,-2486.0,-2735.0,-2485.4
SYN001332,Plastique,PVC collé,100,39.2,1976,-2735.0,-2485.4,-2695.8,-2486.4
SYN001333,Acier,Acier,600,109.6,1959,-2695.8,-2486.4,-2732.3,-2383.0
SYN001334,Acier,Acier,250,125.1,1950,-2732.3,-2383.0,-2610.4,-2355.0
SYN001335,Plastique,PEHD,100,48.7,2022,-3329.6,-3624.2,-3317.4,-3671.4
SYN001336,Fonte,Fonte grise,125,73.0,1934,-3317.4,-3671.4,-3284.1,-3606.4
SYN001337,Plastique,PVC collé,500,78.9,1979,-3284.1,-3606.4,-3205.6,-3598.4
SYN001338,Plastique,PEHD,125,77.3,1997,-1993.1,2897.3,-1995.6,2974.5
SYN001339,Fonte,Fonte ductile,150,165.1,1986,-1995.6,2974.5,-2127.7,3073.5
SYN001340,Fonte,Fonte grise,125,28.5,1952,-2127.7,3073.5,-2105.1,3056.2
SYN001341,Plastique,PEHD,150,49.7,2020,-3586.0,2366.0,-3551.7,2401.9
SYN001342,Fonte,Fonte ductile,250,51.2,1983,-3551.7,2401.9,-3600.4,2417.7
SYN001343,Plastique,PVC collé,250,86.5,1980,-490.2,3203.6,-536.3,3130.4
SYN001344,Ciment,Amiante-ciment,100,85.9,1978,-1072.6,-3582.1,-1069.3,-3667.9
SYN001345,Plastique,PVC collé,32,83.5,1983,-1069.3,-3667.9,-1148.8,-3693.4
SYN001346,Fonte,Fonte ductile,250,134.9,1992,-2697.7,-740.6,-2774.6,-851.5
SYN001347,Fonte,Fonte ductile,600,5.3,1990,-2774.6,-851.5,-2779.8,-850.8
SYN001348,Fonte,Fonte ductile,50,62.0,2011,-530.8,3697.2,-551.6,3638.8
SYN001349,Fonte,Fonte grise,125,85.6,1967,-551.6,3638.8,-601.2,3708.5
SYN001350,Plastique,PVC,200,87.1,1988,-601.2,3708.5,-523.5,3669.1
SYN001351,Plastique,PEHD,80,92.7,2019,-523.5,3669.1,-472.4,3591.8
SYN001352,Fonte,Fonte ductile,125,103.1,1972,-472.4,3591.8,-380.6,3544.8
SYN001353,Fonte,Fonte ductile,63,48.0,1979,-380.6,3544.8,-338.6,3521.6
SYN001354,Plastique,PEHD,80,27.8,2011,-338.6,3521.6,-353.0,3545.4
SYN001355,Fonte,Fonte grise,200,53.1,1940,-353.0,3545.4,-401.1,3567.8
SYN001356,Plastique,PVC collé,200,21.1,1978,-401.1,3567.8,-420.2,3559.0
SYN001357,Fonte,Fonte ductile,125,106.2,1998,-420.2,3559.0,-467.0,3463.6
SYN001358,Plastique,PVC,80,75.8,2010,-631.3,-1908.5,-707.0,-1912.9
SYN001359,Fonte,Fonte grise,125,195.1,1937,-707.0,-1912.9,-514.9,-1947.0
SYN001360,Plastique,PVC collé,50,37.0,1984,-514.9,-1947.0,-542.5,-1971.7
SYN001361,Fonte,Fonte ductile,200,13.8,1987,-542.5,-1971.7,-556.0,-1969.3
SYN001362,Plastique,PVC collé,250,50.7,1966,-556.0,-1969.3,-520.3,-2005.3
SYN001363,Fonte,Fonte grise,400,27.6,1952,-545.2,-3050.9,-542.1,-3078.3
SYN001364,Fonte,Fonte ductile,100,49.5,2007,-542.1,-3078.3,-584.8,-3103.3
SYN001365,Plastique,PVC collé,100,18.2,1965,-584.8,-3103.3,-581.7,-3121.2
SYN001366,Fonte,Fonte grise,400,25.0,1962,-581.7,-3121.2,-606.7,-3120.7
SYN001367,Fonte,Fonte grise,32,260.8,1961,-606.7,-3120.7,-810.5,-3283.5
SYN001368,Fonte,Fonte grise,400,58.1,1974,-810.5,-3283.5,-848.6,-3327.3
SYN001369,Fonte,Fonte ductile,250,85.2,2000,-848.6,-3327.3,-879.6,-3248.0
SYN001370,Fonte,Fonte grise,250,73.9,1956,-879.6,-3248.0,-927.9,-3304.0
SYN001371,Acier,Acier,125,44.0,1987,-927.9,-3304.0,-922.7,-3260.3
SYN001372,Fonte,Fonte ductile,80,69.5,1994,-444.6,2532.6,-466.9,2466.8
SYN001373,Plastique,PEHD,80,13.8,2013,-352.0,-175.8,-349.6,-189.4
SYN001374,Ciment,Amiante-ciment,150,32.8,1979,-349.6,-189.4,-335.6,-159.7
SYN001375,Fonte,Fonte grise,100,29.6,1966,-335.6,-159.7,-334.3,-189.3
SYN001376,Plastique,PVC collé,63,31.9,1960,594.2,-116.7,562.3,-116.5
SYN001377,Plastique,PEHD,200,89.7,2023,2513.7,2786.1,2576.5,2722.0
SYN001378,Plastique,PVC collé,250,64.2,1967,2576.5,2722.0,2634.7,2749.1
SYN001379,Fonte,Fonte ductile,63,96.9,1973,2634.7,2749.1,2558.1,2689.8
SYN001380,Fonte,Fonte ductile,40,36.2,2005,2776.9,2114.2,2792.1,2147.1
SYN001381,Fonte,Fonte grise,250,78.8,1956,2792.1,2147.1,2757.4,2076.3
SYN001382,Plastique,PVC collé,100,68.9,1981,-520.2,-19.9,-589.0,-23.2
SYN001383,Ciment,Amiante-ciment,100,37.7,1955,-3859.4,511.3,-3841.2,544.3
SYN001384,Acier,Acier,150,69.6,1953,3988.2,1758.8,3919.1,1750.4
SYN001385,Fonte,Fonte grise,500,59.8,1944,3919.1,1750.4,3860.9,1764.0
SYN001386,Plastique,PVC,125,56.6,2015,3860.9,1764.0,3913.6,1743.5
SYN001387,Fonte,Fonte ductile,200,295.7,2008,-3778.8,2548.4,-3627.5,2294.4
SYN001388,Plastique,PEHD,80,43.7,2006,-3627.5,2294.4,-3645.8,2254.7
SYN001389,Fonte,Fonte grise,150,150.7,1968,-3645.8,2254.7,-3795.8,2268.9
SYN001390,Acier,Acier,200,10.8,1989,3203.8,-2517.7,3196.6,-2525.8
SYN001391,Plastique,PEHD,100,61.7,2012,3196.6,-2525.8,3214.3,-2585.0
SYN001392,Fonte,Fonte grise,100,93.3,1950,3214.3,-2585.0,3269.4,-2509.6
SYN001393,Fonte,Fonte grise,250,133.8,1965,3269.4,-2509.6,3136.2,-2496.9
SYN001394,Plastique,PEHD,150,171.3,2018,3136.2,-2496.9,3123.0,-2667.7
SYN001395,Fonte,Fonte grise,80,66.4,1933,3123.0,-2667.7,3149.9,-2728.4
SYN001396,Plastique,PVC collé,63,24.5,1984,3149.9,-2728.4,3159.8,-2706.0
SYN001397,Plastique,PEHD,250,25.5,2003,3159.8,-2706.0,3159.9,-2680.5
SYN001398,Plastique,PVC collé,80,102.7,1963,3159.9,-2680.5,3133.8,-2581.2
SYN001399,Fonte,Fonte ductile,300,63.4,1995,3133.8,-2581.2,3079.3,-2613.6
SYN001400,Fonte,Fonte ductile,50,104.8,1971,3079.3,-2613.6,3075.5,-2718.3
SYN001401,Fonte,Fonte grise,63,127.2,1974,-1880.0,-1159.6,-1995.1,-1105.5
SYN001402,Acier,Acier,150,37.9,1958,-1995.1,-1105.5,-2024.1,-1129.9
SYN001403,Fonte,Fonte ductile,63,86.9,1972,-2024.1,-1129.9,-2058.9,-1209.5
SYN001404,Fonte,Fonte grise,80,93.9,1933,-2058.9,-1209.5,-1991.3,-1144.4
SYN001405,Fonte,Fonte ductile,100,152.9,1975,2203.6,1082.4,2330.5,997.1
SYN001406,Acier,Acier,150,88.4,1968,-3562.2,2394.3,-3631.5,2339.4
SYN001407,Fonte,Fonte grise,150,118.9,1941,3167.8,-1816.4,3049.0,-1811.2
SYN001408,Plastique,PEHD,200,13.6,2008,3049.0,-1811.2,3036.0,-1815.1
SYN001409,Plastique,PVC,32,20.2,1988,3036.0,-1815.1,3055.9,-1818.5
SYN001410,Plastique,PEHD,80,49.3,2021,3055.9,-1818.5,3105.2,-1819.8
SYN001411,Ciment,Amiante-ciment,100,118.3,1956,3105.2,-1819.8,3127.0,-1936.1
SYN001412,Plastique,PEHD,250,126.9,2002,3127.0,-1936.1,3227.2,-2013.9
SYN001413,Acier,Acier,150,55.3,1952,3227.2,-2013.9,3278.6,-1993.4
SYN001414,Fonte,Fonte grise,100,168.3,1931,3278.6,-1993.4,3210.3,-2147.2
SYN001415,Plastique,PVC,32,70.5,1998,-1606.5,2089.6,-1633.4,2154.7
SYN001416,Plastique,PVC collé,125,106.2,1969,-1633.4,2154.7,-1680.2,2059.4
SYN001417,Plastique,PVC collé,600,83.7,1980,-1680.2,2059.4,-1749.1,2011.9
SYN001418,Plastique,PEHD,500,19.5,2023,-1749.1,2011.9,-1766.6,2020.6
SYN001419,Ciment,Amiante-ciment,63,29.0,1975,-1766.6,2020.6,-1783.2,1996.8
SYN001420,Plastique,PVC,100,96.0,2005,-1049.7,-1634.8,-973.5,-1693.2
SYN001421,Fonte,Fonte ductile,100,118.0,1976,-973.5,-1693.2,-1091.4,-1697.2
SYN001422,Fonte,Fonte ductile,80,267.5,2011,-1091.4,-1697.2,-1282.8,-1510.3
SYN001423,Fonte,Fonte ductile,125,20.8,2014,1277.4,3433.9,1297.5,3428.7
SYN001424,Fonte,Fonte ductile,100,120.9,1981,2551.2,-300.8,2472.1,-209.3
SYN001425,Fonte,Fonte ductile,250,24.2,1974,3384.0,3763.1,3408.2,3761.3
SYN001426,Fonte,Fonte grise,300,31.8,1973,3408.2,3761.3,3377.2,3754.1
SYN001427,Fonte,Fonte grise,500,122.9,1953,3377.2,3754.1,3275.7,3823.4
SYN001428,Plastique,PVC,600,78.8,1990,3275.7,3823.4,3214.4,3773.9
SYN001429,Fonte,Fonte ductile,125,76.2,2002,3214.4,3773.9,3147.2,3737.9
SYN001430,Acier,Acier,100,49.5,1986,3147.2,3737.9,3135.3,3689.9
SYN001431,Plastique,PVC collé,300,47.7,1968,3135.3,3689.9,3173.2,3660.9
SYN001432,Fonte,Fonte grise,200,61.6,1965,3173.2,3660.9,3208.5,3610.4
SYN001433,Fonte,Fonte grise,500,92.8,1930,-1202.5,2110.8,-1112.8,2134.4
SYN001434,Fonte,Fonte grise,80,41.7,1945,3748.5,1937.2,3726.4,1972.6
SYN001435,Ciment,Amiante-ciment,200,130.5,1975,524.5,2823.4,406.8,2767.1
SYN001436,Fonte,Fonte grise,40,72.9,1974,406.8,2767.1,340.7,2797.8
SYN001437,Fonte,Fonte ductile,100,72.2,1995,3720.8,2141.1,3754.1,2077.1
SYN001438,Acier,Acier,250,62.3,1955,3754.1,2077.1,3816.4,2075.2
SYN001439,Ciment,Amiante-ciment,600,46.3,1958,3816.4,2075.2,3771.9,2087.9
SYN001440,Fonte,Fonte ductile,600,123.7,1988,3771.9,2087.9,3763.0,1964.5
SYN001441,Fonte,Fonte grise,150,58.7,1971,3763.0,1964.5,3707.4,1983.1
SYN001442,Fonte,Fonte grise,40,242.2,1962,3707.4,1983.1,3875.3,1808.6
SYN001443,Fonte,Fonte grise,100,134.5,1948,3875.3,1808.6,3870.0,1943.0
SYN001444,Fonte,Fonte grise,150,44.4,1942,-3347.3,-683.0,-3339.5,-639.2
SYN001445,Plastique,PVC collé,250,35.0,1968,-3339.5,-639.2,-3366.0,-616.4
SYN001446,Plastique,PEHD,400,127.2,2007,-3061.6,2975.0,-2951.3,3038.3
SYN001447,Plastique,PVC collé,100,96.1,1960,-2951.3,3038.3,-2988.6,2949.7
SYN001448,Plastique,PVC collé,200,159.5,1976,-2988.6,2949.7,-3006.8,2791.3
SYN001449,Fonte,Fonte grise,250,38.8,1953,-3006.8,2791.3,-3003.8,2830.0
SYN001450,Plastique,PEHD,40,102.7,2023,-3003.8,2830.0,-2906.5,2862.8
SYN001451,Plastique,PVC collé,80,179.2,1973,-2906.5,2862.8,-2757.9,2963.0
SYN001452,Plastique,PEHD,150,69.8,2021,-2757.9,2963.0,-2736.4,2896.6
SYN001453,Acier,Acier,125,51.5,1982,-2736.4,2896.6,-2787.5,2890.2
SYN001454,Fonte,Fonte ductile,125,91.9,2004,-2787.5,2890.2,-2847.4,2959.9
SYN001455,Fonte,Fonte grise,500,31.6,1974,-2847.4,2959.9,-2861.5,2931.6
SYN001456,Fonte,Fonte ductile,250,5.5,1977,-2861.5,2931.6,-2860.6,2937.0
SYN001457,Fonte,Fonte ductile,200,45.9,2014,-2860.6,2937.0,-2841.5,2978.7
SYN001458,Acier,Acier,600,21.3,1978,2248.3,3439.2,2258.5,3457.9
SYN001459,Fonte,Fonte ductile,100,44.1,1974,2258.5,3457.9,2286.1,3492.2
SYN001460,Plastique,PVC,32,165.9,2001,2286.1,3492.2,2225.7,3337.7
SYN001461,Plastique,PVC collé,80,55.0,1968,2225.7,3337.7,2242.6,3390.1
SYN001462,Fonte,Fonte grise,250,29.4,1968,2242.6,3390.1,2239.8,3419.3
SYN001463,Fonte,Fonte ductile,200,96.3,1978,2239.8,3419.3,2284.9,3334.3
SYN001464,Plastique,PVC collé,80,11.0,1981,2284.9,3334.3,2287.5,3323.6
SYN001465,Plastique,PVC,200,134.4,1993,2287.5,3323.6,2169.9,3258.5
SYN001466,Fonte,Fonte ductile,125,118.2,2006,2169.9,3258.5,2074.2,3189.2
SYN001467,Fonte,Fonte ductile,80,225.9,2008,2074.2,3189.2,2281.0,3280.1
SYN001468,Plastique,PVC,250,62.3,1989,2281.0,3280.1,2228.8,3314.1
SYN001469,Fonte,Fonte grise,150,58.4,1965,2228.8,3314.1,2183.9,3276.7
SYN001470,Acier,Acier,100,266.7,1960,2183.9,3276.7,2159.6,3011.1
SYN001471,Fonte,Fonte grise,200,17.6,1969,2159.6,3011.1,2168.8,3026.1
SYN001472,Fonte,Fonte grise,150,57.9,1975,2168.8,3026.1,2125.7,2987.5
SYN001473,Fonte,Fonte ductile,32,56.6,1984,-1500.8,-3362.3,-1541.2,-3322.7
SYN001474,Fonte,Fonte ductile,200,47.1,2007,-1541.2,-3322.7,-1499.5,-3300.9
SYN001475,Fonte,Fonte ductile,80,45.1,1976,-1499.5,-3300.9,-1508.6,-3345.0
SYN001476,Fonte,Fonte ductile,50,8.3,1990,-1508.6,-3345.0,-1500.8,-3342.2
SYN001477,Ciment,Amiante-ciment,125,10.4,1978,1922.2,734.1,1928.9,742.0
SYN001478,Fonte,Fonte ductile,150,24.5,1986,-3371.5,4.4,-3369.5,28.8
SYN001479,Fonte,Fonte ductile,100,24.9,1993,-3369.5,28.8,-3364.8,4.3
SYN001480,Fonte,Fonte ductile,100,84.0,2005,-3364.8,4.3,-3353.9,87.6
SYN001481,Fonte,Fonte grise,125,93.6,1930,-3353.9,87.6,-3286.3,22.9
SYN001482,Plastique,PVC collé,40,64.9,1961,-3286.3,22.9,-3346.5,-1.5
SYN001483,Fonte,Fonte ductile,80,70.2,1980,-3346.5,-1.5,-3376.3,62.1
SYN001484,Plastique,PVC collé,40,55.9,1983,-2369.8,-3499.8,-2416.5,-3469.1
SYN001485,Fonte,Fonte grise,80,55.8,1964,-2416.5,-3469.1,-2367.2,-3443.1
SYN001486,Ciment,Amiante-ciment,250,168.8,1975,-1722.3,3691.0,-1636.5,3545.7
SYN001487,Fonte,Fonte ductile,80,442.3,2009,-1636.5,3545.7,-1376.5,3187.9
SYN001488,Plastique,PEHD,150,23.4,2003,3009.1,1877.6,3031.7,1871.7
SYN001489,Fonte,Fonte ductile,100,65.0,1992,2202.6,620.5,2211.7,684.8
SYN001490,Fonte,Fonte grise,150,62.4,1932,2211.7,684.8,2261.1,723.0
SYN001491,Plastique,PEHD,40,100.5,1999,2261.1,723.0,2262.5,823.5
SYN001492,Plastique,PVC collé,125,616.4,1971,2262.5,823.5,2626.7,1320.8
SYN001493,Plastique,PVC,50,25.3,1984,2626.7,1320.8,2651.3,1314.8
SYN001494,Fonte,Fonte ductile,250,42.6,2012,2651.3,1314.8,2684.8,1341.1
SYN001495,Plastique,PVC collé,100,63.2,1963,2684.8,1341.1,2697.6,1403.0
SYN001496,Plastique,PEHD,100,38.9,2003,2697.6,1403.0,2684.8,1366.3
SYN001497,Plastique,PVC collé,50,30.5,1961,2684.8,1366.3,2714.6,1360.0
SYN001498,Fonte,Fonte ductile,40,51.8,1997,2714.6,1360.0,2664.2,1372.1
SYN001499,Plastique,PVC collé,500,137.9,1981,2664.2,1372.1,2772.0,1458.1
SYN001500,Plastique,PVC,100,87.2,1985,-317.8,3060.9,-276.6,3137.7
SYN001501,Acier,Acier,100,53.2,1958,1052.1,2503.6,1103.7,2490.4
SYN001502,Fonte,Fonte ductile,80,82.8,2007,1103.7,2490.4,1035.8,2443.0
SYN001503,Fonte,Fonte ductile,150,77.3,1985,1035.8,2443.0,960.2,2426.8
SYN001504,Plastique,PEHD,40,27.7,2018,960.2,2426.8,973.8,2450.9
SYN001505,Fonte,Fonte ductile,125,16.0,2005,973.8,2450.9,959.4,2457.9
SYN001506,Plastique,PVC,50,300.6,1991,1438.3,2707.9,1506.8,2415.2
SYN001507,Fonte,Fonte ductile,80,212.0,2004,1506.8,2415.2,1323.5,2521.7
SYN001508,Fonte,Fonte grise,125,17.7,1956,1323.5,2521.7,1333.4,2536.4
SYN001509,Plastique,PVC,200,75.0,1982,1333.4,2536.4,1333.2,2461.4
SYN001510,Fonte,Fonte grise,250,115.1,1947,72.5,2523.6,5.4,2430.1
SYN001511,Fonte,Fonte grise,80,16.0,1967,5.4,2430.1,14.1,2443.5
SYN001512,Plastique,PVC collé,63,42.7,1978,14.1,2443.5,6.4,2401.5
SYN001513,Plastique,PVC,125,57.0,1999,115.8,319.4,149.1,273.1
SYN001514,Plastique,PEHD,100,27.2,1996,149.1,273.1,143.8,299.8
SYN001515,Fonte,Fonte ductile,200,84.9,1989,143.8,299.8,62.0,277.1
SYN001516,Fonte,Fonte grise,80,44.9,1945,3683.0,-1061.7,3690.6,-1017.4
SYN001517,Acier,Acier,63,33.9,1952,3690.6,-1017.4,3660.5,-1001.8
SYN001518,Fonte,Fonte grise,100,131.8,1958,3660.5,-1001.8,3540.5,-947.4
SYN001519,Fonte,Fonte grise,200,69.8,1938,3540.5,-947.4,3502.6,-888.8
SYN001520,Fonte,Fonte ductile,32,69.4,1970,3502.6,-888.8,3542.3,-832.0
SYN001521,Plastique,PVC collé,150,224.8,1974,2385.3,2764.6,2314.4,2551.2
SYN001522,Plastique,PEHD,500,19.5,2018,2314.4,2551.2,2316.5,2570.6
SYN001523,Plastique,PVC,80,16.3,2011,-3167.3,-3786.1,-3177.9,-3773.7
SYN001524,Plastique,PVC,250,40.8,1999,-3177.9,-3773.7,-3218.4,-3778.5
SYN001525,Fonte,Fonte grise,125,61.3,1975,-3218.4,-3778.5,-3238.0,-3720.4
SYN001526,Fonte,Fonte ductile,80,83.2,1992,-3238.0,-3720.4,-3249.1,-3638.0
SYN001527,Fonte,Fonte ductile,100,40.0,2014,675.1,-3015.7,638.9,-2998.8
SYN001528,Fonte,Fonte grise,150,75.0,1955,638.9,-2998.8,687.0,-3056.3
SYN001529,Fonte,Fonte ductile,250,36.4,1993,687.0,-3056.3,681.0,-3092.2
SYN001530,Fonte,Fonte ductile,32,14.0,2005,818.5,621.4,829.5,630.0
SYN001531,Fonte,Fonte grise,125,93.6,1953,829.5,630.0,862.5,542.4
SYN001532,Plastique,PVC collé,250,103.0,1978,-3603.5,-577.0,-3690.7,-631.8
SYN001533,Plastique,PVC,100,49.2,1996,-3690.7,-631.8,-3659.3,-669.7
SYN001534,Fonte,Fonte grise,80,84.3,1971,-3659.3,-669.7,-3635.3,-588.9
SYN001535,Fonte,Fonte ductile,250,155.4,1983,1757.2,743.9,1814.9,888.2
SYN001536,Plastique,PVC,125,135.1,2008,1814.9,888.2,1688.6,936.3
SYN001537,Plastique,PVC,600,20.2,1989,1688.6,936.3,1705.1,924.6
SYN001538,Plastique,PEHD,100,81.5,2022,-3455.9,-1326.7,-3537.4,-1324.1
SYN001539,Fonte,Fonte ductile,600,42.2,2013,-1333.5,-938.0,-1324.9,-896.7
SYN001540,Plastique,PEHD,100,224.9,2019,-1324.9,-896.7,-1142.1,-1027.7
SYN001541,Fonte,Fonte ductile,125,58.3,1998,-1142.1,-1027.7,-1199.7,-1018.9
SYN001542,Fonte,Fonte ductile,80,14.7,2015,-3285.3,2790.7,-3279.9,2804.3
SYN001543,Fonte,Fonte grise,150,27.0,1945,-3279.9,2804.3,-3252.9,2805.0
SYN001544,Fonte,Fonte ductile,150,70.6,1982,-3252.9,2805.0,-3208.7,2749.9
SYN001545,Fonte,Fonte ductile,40,43.4,2011,-3208.7,2749.9,-3205.8,2793.2
SYN001546,Fonte,Fonte ductile,200,36.3,2013,-1236.2,-35.5,-1227.0,-0.4
SYN001547,Plastique,PVC,200,16.8,2004,-1438.8,1368.5,-1428.2,1381.6
SYN001548,Fonte,Fonte ductile,150,21.1,2003,-1428.2,1381.6,-1410.3,1370.5
SYN001549,Fonte,Fonte ductile,125,33.2,1974,1822.8,-3387.9,1836.7,-3357.7
SYN001550,Fonte,Fonte grise,125,81.7,1948,1836.7,-3357.7,1764.6,-3319.3
SYN001551,Fonte,Fonte ductile,150,139.2,2013,1764.6,-3319.3,1651.7,-3400.7
SYN001552,Fonte,Fonte ductile,50,18.0,1993,1651.7,-3400.7,1654.2,-3418.5
SYN001553,Fonte,Fonte ductile,100,79.1,1972,1654.2,-3418.5,1609.9,-3484.1
SYN001554,Fonte,Fonte ductile,200,62.8,1995,3112.0,-349.6,3050.0,-339.7
SYN001555,Plastique,PVC,400,58.4,1995,-3957.9,-2274.3,-3996.4,-2230.3
SYN001556,Acier,Acier,125,21.8,1988,-3996.4,-2230.3,-3984.2,-2248.4
SYN001557,Fonte,Fonte ductile,150,27.7,1984,-2407.9,-1850.6,-2408.5,-1878.3
SYN001558,Plastique,PVC collé,100,27.0,1975,-2408.5,-1878.3,-2411.6,-1905.1
SYN001559,Plastique,PEHD,200,71.4,2007,-2411.6,-1905.1,-2397.5,-1975.1
SYN001560,Ciment,Amiante-ciment,50,81.9,1980,-2397.5,-1975.1,-2478.8,-1985.6
SYN001561,Plastique,PVC collé,125,8.7,1969,-2478.8,-1985.6,-2470.6,-1982.6
SYN001562,Plastique,PEHD,125,96.1,2013,-2470.6,-1982.6,-2505.7,-1893.2
SYN001563,Plastique,PEHD,80,24.6,1996,619.1,3867.4,610.4,3890.4
SYN001564,Plastique,PVC,80,86.8,2010,610.4,3890.4,583.7,3807.8
SYN001565,Fonte,Fonte ductile,250,15.8,1992,583.7,3807.8,595.3,3818.5
SYN001566,Fonte,Fonte grise,200,22.7,1935,3266.7,2581.4,3246.8,2570.6
SYN001567,Fonte,Fonte grise,250,47.7,1967,3246.8,2570.6,3285.9,2543.2
SYN001568,Fonte,Fonte ductile,80,60.2,1977,3285.9,2543.2,3324.2,2496.8
SYN001569,Fonte,Fonte ductile,150,29.0,2003,3324.2,2496.8,3310.4,2471.3
SYN001570,Fonte,Fonte ductile,150,108.1,1979,-1227.8,-1601.9,-1129.7,-1556.3
SYN001571,Plastique,PVC collé,63,124.0,1964,-1129.7,-1556.3,-1126.2,-1680.2
SYN001572,Plastique,PVC collé,100,58.0,1976,-1126.2,-1680.2,-1157.7,-1631.6
SYN001573,Plastique,PEHD,32,52.9,2009,-1157.7,-1631.6,-1187.6,-1587.9
SYN001574,Fonte,Fonte grise,63,69.8,1931,-1187.6,-1587.9,-1249.2,-1620.7
SYN001575,Fonte,Fonte ductile,50,57.2,1989,-1249.2,-1620.7,-1274.4,-1569.3
SYN001576,Plastique,PVC,150,102.7,2020,-2493.1,1729.6,-2543.0,1639.9
SYN001577,Plastique,PEHD,80,59.6,2015,-84.7,-1277.1,-134.9,-1245.0
SYN001578,Ciment,Amiante-ciment,200,59.0,1963,1920.7,1393.4,1939.7,1449.2
SYN001579,Plastique,PEHD,600,144.5,2021,3714.1,-268.1,3690.9,-410.8
SYN001580,Plastique,PEHD,32,30.2,2001,3690.9,-410.8,3697.9,-440.1
SYN001581,Fonte,Fonte ductile,200,79.9,1981,3697.9,-440.1,3680.1,-362.2
SYN001582,Fonte,Fonte ductile,100,39.4,2000,3680.1,-362.2,3707.7,-334.1
SYN001583,Fonte,Fonte ductile,150,45.0,2010,3707.7,-334.1,3736.6,-368.5
SYN001584,Plastique,PVC collé,250,59.6,1983,3736.6,-368.5,3787.6,-399.4
SYN001585,Acier,Acier,125,43.5,1966,1082.2,278.2,1038.8,274.6
SYN001586,Fonte,Fonte ductile,32,54.4,1986,1038.8,274.6,1002.1,314.8
SYN001587,Plastique,PVC collé,100,13.6,1980,-2087.3,-1443.2,-2100.6,-1445.9
SYN001588,Fonte,Fonte ductile,200,125.2,2011,3963.0,2699.2,3888.5,2799.8
SYN001589,Fonte,Fonte grise,80,119.2,1973,-2625.4,-2266.6,-2506.2,-2264.1
SYN001590,Fonte,Fonte grise,125,31.9,1953,-2506.2,-2264.1,-2475.8,-2254.5
SYN001591,Fonte,Fonte grise,150,86.7,1951,-2475.8,-2254.5,-2393.4,-2281.6
SYN001592,Acier,Acier,400,24.9,1986,-2393.4,-2281.6,-2386.3,-2305.5
SYN001593,Fonte,Fonte ductile,125,38.7,1981,-2386.3,-2305.5,-2366.4,-2272.4
SYN001594,Plastique,PEHD,100,19.0,2016,-2366.4,-2272.4,-2351.1,-2261.1
SYN001595,Plastique,PVC,125,45.6,1993,-2351.1,-2261.1,-2361.1,-2305.6
SYN001596,Fonte,Fonte grise,200,17.2,1971,-2361.1,-2305.6,-2347.6,-2316.2
SYN001597,Fonte,Fonte grise,250,61.4,1946,3360.2,-1848.2,3329.8,-1901.5
SYN001598,Plastique,PEHD,200,55.8,2024,-467.5,1932.3,-447.2,1984.3
SYN001599,Fonte,Fonte ductile,125,82.8,2006,-447.2,1984.3,-405.8,1912.6
SYN001600,Plastique,PEHD,150,63.1,2009,768.3,-2880.4,818.3,-2918.9
SYN001601,Fonte,Fonte grise,150,284.9,1939,-1126.4,1786.3,-1119.1,2071.1
SYN001602,Plastique,PVC,50,128.9,1995,-1119.1,2071.1,-1246.6,2052.3
SYN001603,Plastique,PEHD,250,168.3,2017,-1246.6,2052.3,-1078.5,2044.0
SYN001604,Fonte,Fonte ductile,80,27.7,1974,1280.3,2050.6,1252.7,2052.5
SYN001605,Fonte,Fonte ductile,200,57.4,1971,1252.7,2052.5,1297.1,2088.9
SYN001606,Acier,Acier,100,173.9,1958,-1633.2,146.2,-1471.2,83.1
SYN001607,Fonte,Fonte ductile,80,28.9,1973,-1471.2,83.1,-1499.6,88.7
SYN001608,Fonte,Fonte ductile,250,33.9,1999,-1499.6,88.7,-1531.9,98.9
SYN001609,Fonte,Fonte ductile,100,15.4,1989,-1531.9,98.9,-1526.1,113.2
SYN001610,Fonte,Fonte ductile,100,351.0,2001,1334.4,3368.8,1551.0,3645.1
SYN001611,Plastique,PVC,200,68.2,1996,-3522.8,-761.2,-3564.1,-706.9
SYN001612,Plastique,PVC,250,56.2,1991,-3564.1,-706.9,-3559.2,-651.0
SYN001613,Fonte,Fonte ductile,63,45.2,2000,2109.5,-341.4,2151.5,-324.6
SYN001614,Plastique,PEHD,300,99.1,2008,2151.5,-324.6,2066.1,-374.9
SYN001615,Fonte,Fonte grise,100,102.9,1975,2066.1,-374.9,2168.1,-361.2
SYN001616,Fonte,Fonte grise,500,15.9,1954,2168.1,-361.2,2159.2,-348.0
SYN001617,Plastique,PVC collé,100,61.0,1975,2159.2,-348.0,2194.0,-297.9
SYN001618,Ciment,Amiante-ciment,250,77.7,1976,2194.0,-297.9,2180.6,-374.5
SYN001619,Fonte,Fonte grise,80,28.9,1945,2180.6,-374.5,2207.9,-365.0
SYN001620,Fonte,Fonte grise,200,48.9,1933,2207.9,-365.0,2160.4,-376.9
SYN001621,Fonte,Fonte ductile,80,34.5,1979,35.8,-2878.5,3.6,-2890.7
SYN001622,Plastique,PEHD,250,57.0,2017,3.6,-2890.7,46.0,-2852.6
SYN001623,Fonte,Fonte grise,100,71.0,1935,1602.4,2354.0,1671.7,2338.2
SYN001624,Fonte,Fonte ductile,150,34.2,2013,1671.7,2338.2,1649.0,2363.9
SYN001625,Plastique,PVC,500,101.6,1980,1649.0,2363.9,1750.4,2357.5
SYN001626,Fonte,Fonte ductile,400,53.7,1993,1750.4,2357.5,1726.4,2405.5
SYN001627,Fonte,Fonte grise,250,55.0,1969,1726.4,2405.5,1758.0,2450.6
SYN001628,Fonte,Fonte grise,150,420.8,1962,1758.0,2450.6,1646.3,2856.3
SYN001629,Fonte,Fonte ductile,125,51.7,1986,1646.3,2856.3,1684.9,2890.6
SYN001630,Fonte,Fonte ductile,125,17.5,2014,873.2,-2831.2,859.7,-2842.2
SYN001631,Plastique,PEHD,50,36.5,1997,859.7,-2842.2,896.0,-2838.3
SYN001632,Plastique,PVC collé,125,95.2,1965,896.0,-2838.3,831.4,-2908.3
SYN001633,Plastique,PVC,125,63.7,1984,831.4,-2908.3,796.4,-2855.1
SYN001634,Ciment,Amiante-ciment,200,128.9,1968,796.4,-2855.1,925.3,-2856.9
SYN001635,Fonte,Fonte ductile,80,67.9,2009,-1602.3,1310.9,-1572.0,1371.7
SYN001636,Fonte,Fonte ductile,200,65.8,1973,-1572.0,1371.7,-1637.3,1379.8
SYN001637,Acier,Acier,125,14.1,1967,2609.5,2118.8,2617.7,2130.3
SYN001638,Fonte,Fonte ductile,80,46.5,1996,2617.7,2130.3,2632.9,2174.2
SYN001639,Plastique,PVC,80,79.0,2002,2632.9,2174.2,2554.8,2162.2
SYN001640,Plastique,PVC,50,17.5,1981,-3168.7,2761.7,-3151.3,2764.1
SYN001641,Fonte,Fonte grise,100,137.2,1972,-3151.3,2764.1,-3031.6,2831.1
SYN001642,Fonte,Fonte ductile,250,27.8,2007,-3031.6,2831.1,-3059.2,2827.8
SYN001643,Fonte,Fonte grise,250,27.7,1938,-1691.3,439.6,-1670.1,421.7
SYN001644,Fonte,Fonte grise,125,28.7,1955,-1670.1,421.7,-1644.1,409.6
SYN001645,Fonte,Fonte ductile,150,50.5,1995,-1644.1,409.6,-1620.8,454.4
SYN001646,Fonte,Fonte ductile,80,44.5,1982,-1620.8,454.4,-1582.6,477.2
SYN001647,Plastique,PVC,32,66.3,1996,-1582.6,477.2,-1585.2,543.5
SYN001648,Plastique,PEHD,200,55.1,2014,-1585.2,543.5,-1623.4,503.7
SYN001649,Plastique,PEHD,125,48.8,1996,157.9,1066.9,172.0,1020.1
SYN001650,Fonte,Fonte ductile,200,31.5,1972,172.0,1020.1,200.5,1033.6
SYN001651,Fonte,Fonte ductile,400,37.7,1992,200.5,1033.6,193.7,996.5
SYN001652,Fonte,Fonte ductile,200,83.0,1976,193.7,996.5,207.9,1078.3
SYN001653,Fonte,Fonte grise,150,187.7,1963,207.9,1078.3,20.2,1078.0
SYN001654,Acier,Acier,600,46.9,1962,-2622.3,-3403.2,-2621.1,-3356.3
SYN001655,Fonte,Fonte ductile,100,33.9,1995,2122.8,1391.2,2144.4,1365.1
SYN001656,Fonte,Fonte ductile,150,71.5,1984,2144.4,1365.1,2082.3,1400.4
SYN001657,Plastique,PEHD,80,65.7,2021,2082.3,1400.4,2144.5,1421.6
SYN001658,Fonte,Fonte ductile,100,99.8,2006,1632.0,-3966.3,1534.1,-3946.9
SYN001659,Fonte,Fonte grise,100,19.8,1948,1534.1,-3946.9,1514.3,-3947.8
SYN001660,Fonte,Fonte grise,32,19.4,1944,1514.3,-3947.8,1523.0,-3930.4
SYN001661,Plastique,PVC collé,80,102.7,1964,1523.0,-3930.4,1619.3,-3966.0
SYN001662,Plastique,PVC,150,106.7,1997,1619.3,-3966.0,1720.9,-3998.6
SYN001663,Fonte,Fonte grise,100,63.2,1936,-1790.9,1026.4,-1732.1,1003.0
SYN001664,Plastique,PEHD,200,137.0,2006,-1732.1,1003.0,-1826.5,903.7
SYN001665,Plastique,PEHD,600,73.0,2007,-1826.5,903.7,-1805.0,973.5
SYN001666,Plastique,PEHD,80,52.3,2011,-1805.0,973.5,-1854.6,990.0
SYN001667,Fonte,Fonte ductile,125,128.2,1976,-1854.6,990.0,-1926.3,883.8
SYN001668,Fonte,Fonte grise,250,84.1,1946,-1926.3,883.8,-2009.9,892.6
SYN001669,Plastique,PEHD,125,80.6,2019,-2009.9,892.6,-2088.9,908.8
SYN001670,Fonte,Fonte ductile,80,67.0,1970,-296.7,-684.7,-268.4,-624.0
SYN001671,Plastique,PVC collé,80,23.4,1980,-268.4,-624.0,-271.2,-600.8
SYN001672,Plastique,PVC,200,61.6,1994,-271.2,-600.8,-219.8,-566.8
SYN001673,Fonte,Fonte grise,200,5.1,1962,-219.8,-566.8,-216.0,-570.3
SYN001674,Plastique,PVC,300,21.8,1998,-642.1,-2777.1,-626.8,-2792.6
SYN001675,Acier,Acier,125,15.9,1957,-626.8,-2792.6,-641.1,-2785.6
SYN001676,Plastique,PVC,63,78.6,1992,-2093.9,3372.7,-2056.9,3442.0
SYN001677,Fonte,Fonte ductile,250,26.8,1997,-2056.9,3442.0,-2050.8,3468.1
SYN001678,Plastique,PEHD,100,20.0,2010,-2050.8,3468.1,-2039.4,3484.5
SYN001679,Plastique,PVC collé,100,19.8,1976,-2039.4,3484.5,-2026.1,3469.9
SYN001680,Plastique,PVC,125,166.1,1980,-1964.1,2266.1,-2116.7,2200.4
SYN001681,Plastique,PEHD,100,53.9,2005,-2116.7,2200.4,-2115.7,2146.5
SYN001682,Plastique,PVC,150,85.1,1994,-2115.7,2146.5,-2039.1,2183.7
SYN001683,Fonte,Fonte ductile,100,73.1,1970,-2039.1,2183.7,-2100.3,2143.7
SYN001684,Fonte,Fonte grise,200,68.5,1932,-2100.3,2143.7,-2037.5,2116.5
SYN001685,Fonte,Fonte ductile,150,64.9,2013,221.4,-2345.2,234.1,-2408.9
SYN001686,Fonte,Fonte ductile,600,56.5,2012,3592.5,1041.5,3555.8,998.5
SYN001687,Fonte,Fonte ductile,100,36.4,2012,3555.8,998.5,3592.1,1001.0
SYN001688,Plastique,PVC collé,80,46.1,1980,3592.1,1001.0,3638.2,1000.3
SYN001689,Fonte,Fonte ductile,100,101.4,1972,3638.2,1000.3,3738.3,984.0
SYN001690,Plastique,PVC,80,35.0,2012,31.5,-3226.8,50.7,-3256.0
SYN001691,Plastique,PEHD,125,151.1,2008,50.7,-3256.0,129.3,-3127.0
SYN001692,Fonte,Fonte ductile,150,19.3,1991,129.3,-3127.0,125.8,-3108.0
SYN001693,Plastique,PVC,150,65.9,2009,1528.0,1653.7,1546.9,1590.5
SYN001694,Plastique,PVC,200,54.3,1983,1546.9,1590.5,1594.6,1616.4
SYN001695,Plastique,PVC collé,80,114.0,1966,2228.9,-1695.7,2216.8,-1809.0
SYN001696,Fonte,Fonte grise,32,181.4,1962,2216.8,-1809.0,2149.0,-1977.3
SYN001697,Plastique,PVC,500,19.7,1989,2149.0,-1977.3,2161.5,-1992.4
SYN001698,Acier,Acier,80,328.1,1983,2161.5,-1992.4,1974.6,-2262.1
SYN001699,Plastique,PVC,125,16.3,2007,1974.6,-2262.1,1990.9,-2262.1
SYN001700,Plastique,PEHD,125,43.6,2013,1990.9,-2262.1,2029.0,-2283.3
SYN001701,Ciment,Amiante-ciment,125,25.9,1964,2029.0,-2283.3,2026.7,-2309.1
SYN001702,Fonte,Fonte ductile,100,29.1,1977,2026.7,-2309.1,2054.6,-2300.7
SYN001703,Plastique,PVC collé,50,128.3,1966,53.5,2836.2,47.0,2964.3
SYN001704,Fonte,Fonte ductile,150,25.9,2014,74.5,1979.6,82.1,2004.3
SYN001705,Ciment,Amiante-ciment,500,26.0,1977,82.1,2004.3,69.0,1981.9
SYN001706,Fonte,Fonte grise,50,58.8,1933,69.0,1981.9,99.5,2032.1
SYN001707,Fonte,Fonte ductile,150,27.5,1996,99.5,2032.1,89.6,2057.8
SYN001708,Plastique,PEHD,250,92.5,2001,-1674.8,336.4,-1762.3,306.5
SYN001709,Fonte,Fonte ductile,150,51.6,1993,-1762.3,306.5,-1732.5,264.3
SYN001710,Plastique,PVC,80,83.7,1996,-1732.5,264.3,-1792.4,322.8
SYN001711,Fonte,Fonte ductile,500,71.4,1996,-1792.4,322.8,-1730.3,358.2
SYN001712,Ciment,Amiante-ciment,150,45.5,1973,-1730.3,358.2,-1754.6,396.7
SYN001713,Plastique,PEHD,100,26.1,2010,3521.1,-1197.0,3547.1,-1198.6
SYN001714,Fonte,Fonte ductile,500,57.1,1972,3547.1,-1198.6,3547.3,-1141.5
SYN001715,Plastique,PVC,125,8.3,1997,3547.3,-1141.5,3545.9,-1133.4
SYN001716,Fonte,Fonte ductile,80,142.4,2015,3545.9,-1133.4,3546.8,-1275.8
SYN001717,Plastique,PVC collé,40,112.8,1962,3546.8,-1275.8,3434.0,-1278.8
SYN001718,Plastique,PVC collé,200,60.8,1968,1122.3,2970.1,1121.3,2909.3
SYN001719,Plastique,PEHD,125,73.9,2020,-621.2,1186.3,-556.6,1150.3
SYN001720,Fonte,Fonte grise,100,52.9,1930,-556.6,1150.3,-512.8,1120.6
SYN001721,Fonte,Fonte ductile,250,170.9,1979,-512.8,1120.6,-393.1,1242.6
SYN001722,Plastique,PVC,150,66.8,1984,-2732.3,2354.6,-2665.9,2347.9
SYN001723,Plastique,PVC collé,500,18.5,1968,2224.5,2149.7,2206.2,2147.4
SYN001724,Fonte,Fonte ductile,100,30.4,2008,2206.2,2147.4,2202.1,2117.2
SYN001725,Fonte,Fonte grise,50,79.7,1956,-485.5,-3221.4,-564.2,-3234.2
SYN001726,Fonte,Fonte ductile,150,19.7,1999,-564.2,-3234.2,-568.1,-3214.9
SYN001727,Plastique,PEHD,63,74.4,2016,-568.1,-3214.9,-541.7,-3145.3
SYN001728,Fonte,Fonte grise,80,7.8,1939,-541.7,-3145.3,-545.7,-3152.0
SYN001729,Fonte,Fonte ductile,125,42.4,1970,-545.7,-3152.0,-505.5,-3165.6
SYN001730,Acier,Acier,250,83.7,1958,-505.5,-3165.6,-530.5,-3245.4
SYN001731,Fonte,Fonte grise,40,97.3,1962,-530.5,-3245.4,-614.8,-3196.7
SYN001732,Plastique,PVC,80,38.6,1994,-1808.1,3388.8,-1792.0,3423.9
SYN001733,Fonte,Fonte ductile,150,31.0,1971,-1792.0,3423.9,-1761.3,3419.9
SYN001734,Plastique,PEHD,32,13.3,2024,-1761.3,3419.9,-1774.2,3423.0
SYN001735,Plastique,PVC,150,93.8,2010,-1628.4,-2833.3,-1542.6,-2871.2
SYN001736,Plastique,PEHD,150,103.7,2015,-1542.6,-2871.2,-1541.7,-2974.9
SYN001737,Fonte,Fonte grise,200,24.0,1951,319.3,288.5,301.6,304.7
SYN001738,Plastique,PVC collé,125,63.0,1983,-2110.4,-2754.1,-2102.9,-2691.6
SYN001739,Plastique,PVC,150,63.1,1996,-2102.9,-2691.6,-2165.4,-2700.2
SYN001740,Fonte,Fonte ductile,40,47.4,2007,-814.0,-2137.3,-767.3,-2145.3
SYN001741,Fonte,Fonte ductile,80,86.7,2012,-767.3,-2145.3,-847.1,-2111.4
SYN001742,Fonte,Fonte grise,63,184.7,1944,-847.1,-2111.4,-729.1,-2253.5
SYN001743,Acier,Acier,250,29.9,1955,3954.1,-1488.7,3976.2,-1508.8
SYN001744,Plastique,PVC,100,28.5,1986,3976.2,-1508.8,4001.3,-1495.3
SYN001745,Plastique,PVC collé,400,52.8,1964,-1255.0,-750.2,-1302.2,-773.9
SYN001746,Plastique,PVC,250,467.5,2000,-1302.2,-773.9,-1440.4,-327.4
SYN001747,Plastique,PVC collé,125,98.2,1975,-1440.4,-327.4,-1528.7,-284.4
SYN001748,Fonte,Fonte ductile,80,47.4,1975,-337.1,-2974.1,-382.1,-2988.8
SYN001749,Fonte,Fonte ductile,50,77.6,1980,-382.1,-2988.8,-308.7,-2963.7
SYN001750,Plastique,PVC collé,80,45.6,1968,-308.7,-2963.7,-271.8,-2936.9
SYN001751,Fonte,Fonte grise,150,81.1,1975,673.6,36.8,688.6,-42.9
SYN001752,Plastique,PEHD,80,53.5,2017,-1844.3,1231.3,-1825.8,1281.4
SYN001753,Plastique,PEHD,63,86.9,2016,-1825.8,1281.4,-1882.5,1215.6
SYN001754,Fonte,Fonte ductile,80,215.4,1997,1241.2,-3175.7,1435.1,-3269.5
SYN001755,Plastique,PVC collé,200,84.2,1974,3589.2,-1656.4,3581.0,-1572.6
SYN001756,Fonte,Fonte grise,400,22.4,1954,3581.0,-1572.6,3575.0,-1551.0
SYN001757,Ciment,Amiante-ciment,100,45.0,1963,3575.0,-1551.0,3546.9,-1586.1
SYN001758,Plastique,PEHD,250,71.2,2024,3546.9,-1586.1,3543.8,-1657.3
SYN001759,Acier,Acier,125,35.2,1969,3543.8,-1657.3,3563.2,-1627.9
SYN001760,Fonte,Fonte ductile,300,109.1,1999,3563.2,-1627.9,3454.1,-1628.8
SYN001761,Fonte,Fonte grise,250,41.7,1953,533.1,-708.0,492.5,-717.2
SYN001762,Fonte,Fonte grise,63,277.1,1950,492.5,-717.2,424.7,-985.9
SYN001763,Fonte,Fonte grise,250,76.8,1974,-2833.9,-2030.1,-2766.0,-1994.2
SYN001764,Fonte,Fonte grise,250,43.1,1971,539.8,523.3,507.3,495.1
SYN001765,Fonte,Fonte grise,80,67.1,1949,-1878.0,1450.4,-1828.5,1495.7
SYN001766,Ciment,Amiante-ciment,200,43.9,1980,-1828.5,1495.7,-1815.0,1453.9
SYN001767,Fonte,Fonte grise,150,142.8,1954,-1815.0,1453.9,-1869.6,1322.0
SYN001768,Fonte,Fonte grise,600,298.6,1951,-1869.6,1322.0,-2000.7,1590.2
SYN001769,Plastique,PEHD,250,171.0,2024,-2000.7,1590.2,-1921.0,1438.9
SYN001770,Plastique,PVC collé,80,120.2,1960,-1921.0,1438.9,-1936.3,1558.2
SYN001771,Plastique,PVC,200,215.8,1985,-1936.3,1558.2,-1970.0,1345.0
SYN001772,Plastique,PVC collé,250,18.6,1963,3634.3,-2819.3,3627.1,-2802.2
SYN001773,Plastique,PEHD,150,28.9,2004,3627.1,-2802.2,3653.1,-2814.9
SYN001774,Plastique,PVC collé,250,200.0,1965,3653.1,-2814.9,3611.2,-2619.4
SYN001775,Plastique,PVC collé,500,29.2,1985,3611.2,-2619.4,3619.4,-2591.3
SYN001776,Plastique,PVC,32,108.4,2003,-3216.3,1077.5,-3319.1,1043.1
SYN001777,Fonte,Fonte ductile,125,297.3,1986,-3319.1,1043.1,-3367.0,1336.5
SYN001778,Fonte,Fonte ductile,100,11.4,1986,-3367.0,1336.5,-3372.1,1326.3
SYN001779,Fonte,Fonte ductile,150,45.8,1980,-3372.1,1326.3,-3417.3,1333.4
SYN001780,Fonte,Fonte grise,150,31.2,1965,-3417.3,1333.4,-3441.2,1353.4
SYN001781,Plastique,PVC,100,86.8,2002,-3441.2,1353.4,-3468.4,1435.9
SYN001782,Fonte,Fonte ductile,400,25.6,1987,-3468.4,1435.9,-3453.3,1456.6
SYN001783,Fonte,Fonte grise,200,187.8,1940,-3453.3,1456.6,-3474.7,1270.0
SYN001784,Fonte,Fonte ductile,32,24.3,1983,-3474.7,1270.0,-3452.2,1279.2
SYN001785,Plastique,PEHD,200,70.4,1997,-3452.2,1279.2,-3388.4,1309.0
SYN001786,Fonte,Fonte ductile,40,34.4,2007,-3388.4,1309.0,-3381.2,1342.7
SYN001787,Plastique,PVC,200,44.8,1990,-3381.2,1342.7,-3397.0,1300.7
SYN001788,Plastique,PEHD,100,98.4,2017,-3726.5,1021.4,-3802.4,1084.2
SYN001789,Fonte,Fonte grise,200,50.3,1937,-3802.4,1084.2,-3833.1,1124.0
SYN001790,Plastique,PVC,200,12.1,1981,355.7,-915.0,344.9,-909.5
SYN001791,Fonte,Fonte ductile,150,57.2,1992,344.9,-909.5,298.7,-875.8
SYN001792,Fonte,Fonte grise,500,62.3,1973,298.7,-875.8,305.8,-813.9
SYN001793,Plastique,PVC,200,45.8,2015,305.8,-813.9,318.8,-770.0
SYN001794,Plastique,PEHD,32,37.0,2012,-454.6,861.5,-479.5,888.9
SYN001795,Fonte,Fonte ductile,100,57.5,1979,-479.5,888.9,-513.6,935.2
SYN001796,Plastique,PVC collé,32,34.3,1984,-513.6,935.2,-482.5,920.9
SYN001797,Fonte,Fonte ductile,300,130.0,2008,-482.5,920.9,-609.9,946.6
SYN001798,Plastique,PVC collé,500,40.8,1982,-609.9,946.6,-638.9,917.9
SYN001799,Plastique,PVC collé,63,41.9,1977,-638.9,917.9,-618.5,881.3
SYN001800,Plastique,PVC collé,125,12.7,1960,-618.5,881.3,-606.0,883.4
SYN001801,Plastique,PVC collé,125,25.9,1981,-606.0,883.4,-581.8,874.1
SYN001802,Fonte,Fonte grise,250,56.7,1954,-581.8,874.1,-570.7,818.4
SYN001803,Plastique,PVC,50,78.7,1980,-3530.4,1003.0,-3527.0,1081.6
SYN001804,Plastique,PVC,250,46.4,2008,-3527.0,1081.6,-3534.9,1035.9
SYN001805,Plastique,PVC,100,93.8,2018,-496.4,-579.6,-508.9,-672.6
SYN001806,Fonte,Fonte grise,80,40.8,1933,-508.9,-672.6,-533.0,-639.7
SYN001807,Fonte,Fonte ductile,125,62.0,2011,-533.0,-639.7,-593.5,-653.5
SYN001808,Fonte,Fonte ductile,100,50.5,2000,-593.5,-653.5,-544.2,-642.4
SYN001809,Fonte,Fonte grise,125,15.9,1971,-544.2,-642.4,-544.7,-658.3
SYN001810,Fonte,Fonte ductile,80,19.1,2000,-1270.9,2403.0,-1252.8,2409.2
SYN001811,Fonte,Fonte ductile,80,42.4,1993,-1252.8,2409.2,-1212.7,2395.4
SYN001812,Plastique,PVC,150,74.6,2016,-1212.7,2395.4,-1268.8,2444.7
SYN001813,Fonte,Fonte ductile,150,104.9,2009,3471.4,-2412.0,3545.9,-2338.1
SYN001814,Plastique,PEHD,200,44.0,2008,3545.9,-2338.1,3578.6,-2308.8
SYN001815,Plastique,PVC collé,100,31.4,1963,-3123.7,-2333.0,-3092.3,-2331.6
SYN001816,Plastique,PVC,200,45.7,2008,-3092.3,-2331.6,-3047.8,-2341.9
SYN001817,Fonte,Fonte ductile,150,120.8,2002,-3047.8,-2341.9,-3027.6,-2461.0
SYN001818,Fonte,Fonte ductile,500,138.7,1980,-3027.6,-2461.0,-3146.9,-2390.3
SYN001819,Plastique,PVC collé,63,75.4,1972,-3146.9,-2390.3,-3126.3,-2317.8
SYN001820,Acier,Acier,150,23.5,1953,-2774.3,-1717.8,-2797.3,-1712.9
SYN001821,Fonte,Fonte ductile,250,250.3,2006,-2797.3,-1712.9,-3043.2,-1666.2
SYN001822,Plastique,PVC collé,80,248.1,1961,-3043.2,-1666.2,-3019.2,-1419.2
SYN001823,Plastique,PVC collé,80,201.4,1960,-293.0,3430.5,-318.0,3630.3
SYN001824,Plastique,PVC,32,56.9,2011,-318.0,3630.3,-329.5,3686.1
SYN001825,Fonte,Fonte grise,125,169.6,1960,-2535.0,-1164.4,-2448.9,-1310.5
SYN001826,Fonte,Fonte ductile,125,54.7,1984,-2448.9,-1310.5,-2502.4,-1322.0
SYN001827,Fonte,Fonte ductile,125,46.9,2007,-2502.4,-1322.0,-2465.9,-1351.5
SYN001828,Acier,Acier,250,13.2,1979,-2465.9,-1351.5,-2479.1,-1350.9
SYN001829,Fonte,Fonte ductile,200,31.0,1978,-2479.1,-1350.9,-2506.2,-1365.9
SYN001830,Fonte,Fonte ductile,150,34.2,1998,-2506.2,-1365.9,-2525.4,-1394.2
SYN001831,Acier,Acier,150,47.6,1983,-2525.4,-1394.2,-2570.9,-1408.3
SYN001832,Fonte,Fonte ductile,200,127.2,1974,-2570.9,-1408.3,-2630.3,-1520.8
SYN001833,Fonte,Fonte grise,200,141.5,1944,-2630.3,-1520.8,-2699.1,-1644.4
SYN001834,Fonte,Fonte grise,32,21.0,1947,-2699.1,-1644.4,-2678.1,-1645.5
SYN001835,Fonte,Fonte grise,400,110.0,1963,-2678.1,-1645.5,-2663.6,-1536.5
SYN001836,Fonte,Fonte grise,80,4.9,1955,-2888.7,2092.3,-2890.1,2087.6
SYN001837,Fonte,Fonte ductile,125,38.2,1985,-2890.1,2087.6,-2859.5,2064.6
SYN001838,Plastique,PVC,80,22.7,2005,-2859.5,2064.6,-2852.3,2086.2
SYN001839,Plastique,PVC,150,32.0,2015,-2852.3,2086.2,-2846.0,2054.8
SYN001840,Fonte,Fonte grise,150,29.8,1957,-2846.0,2054.8,-2867.7,2034.4
SYN001841,Plastique,PVC collé,100,21.3,1960,238.4,3815.2,259.7,3815.7
SYN001842,Fonte,Fonte grise,500,26.4,1960,-2079.5,3784.8,-2103.6,3773.9
SYN001843,Acier,Acier,150,47.1,1963,2138.6,190.5,2136.6,237.6
SYN001844,Fonte,Fonte grise,100,40.5,1945,2136.6,237.6,2114.0,204.0
SYN001845,Plastique,PVC collé,150,130.0,1965,3730.6,3125.6,3789.7,3241.3
SYN001846,Fonte,Fonte ductile,100,102.9,1996,3789.7,3241.3,3892.2,3249.9
SYN001847,Plastique,PVC collé,100,60.8,1979,-2599.8,-1628.1,-2541.0,-1612.7
SYN001848,Fonte,Fonte ductile,80,18.8,2010,-2541.0,-1612.7,-2551.2,-1628.5
SYN001849,Plastique,PVC,250,30.4,1984,-2551.2,-1628.5,-2581.5,-1630.4
SYN001850,Fonte,Fonte ductile,125,29.6,2010,-2581.5,-1630.4,-2611.0,-1627.9
SYN001851,Plastique,PEHD,80,21.4,2024,-2611.0,-1627.9,-2590.3,-1622.4
SYN001852,Fonte,Fonte ductile,32,108.1,1983,-2590.3,-1622.4,-2530.7,-1532.2
SYN001853,Plastique,PVC,150,28.4,1989,2625.9,2265.2,2647.7,2247.0
SYN001854,Plastique,PEHD,150,28.1,2000,1891.7,2432.6,1867.1,2446.3
SYN001855,Ciment,Amiante-ciment,32,101.4,1970,1867.1,2446.3,1966.7,2427.3
SYN001856,Fonte,Fonte ductile,100,34.2,2008,1966.7,2427.3,1951.0,2397.0
SYN001857,Fonte,Fonte ductile,80,73.4,1999,1951.0,2397.0,1918.6,2331.1
SYN001858,Fonte,Fonte ductile,200,243.8,2015,3259.9,-2354.3,3245.2,-2110.9
SYN001859,Fonte,Fonte ductile,32,68.5,1999,3245.2,-2110.9,3183.0,-2082.4
SYN001860,Plastique,PVC collé,250,23.6,1985,3183.0,-2082.4,3189.3,-2105.1
SYN001861,Ciment,Amiante-ciment,300,44.0,1957,2186.7,-3152.6,2152.5,-3124.8
SYN001862,Ciment,Amiante-ciment,100,163.5,1978,2152.5,-3124.8,2047.6,-2999.4
SYN001863,Plastique,PVC collé,80,88.0,1972,2047.6,-2999.4,1978.7,-3054.1
SYN001864,Plastique,PVC collé,100,162.0,1970,1978.7,-3054.1,1965.5,-3215.6
SYN001865,Plastique,PEHD,100,52.9,2014,1965.5,-3215.6,1923.3,-3183.7
SYN001866,Acier,Acier,150,84.6,1961,1923.3,-3183.7,2007.7,-3188.8
SYN001867,Fonte,Fonte grise,125,94.6,1949,2007.7,-3188.8,1913.7,-3178.9
SYN001868,Plastique,PVC collé,600,85.0,1970,1913.7,-3178.9,1864.5,-3109.6
SYN001869,Plastique,PEHD,200,19.6,2012,1864.5,-3109.6,1858.3,-3091.0
SYN001870,Fonte,Fonte ductile,80,103.6,2001,1858.3,-3091.0,1775.1,-3029.2
SYN001871,Fonte,Fonte ductile,63,56.9,1972,-767.2,-1641.9,-714.5,-1620.3
SYN001872,Ciment,Amiante-ciment,150,40.4,1969,-714.5,-1620.3,-703.0,-1581.5
SYN001873,Ciment,Amiante-ciment,80,19.9,1967,-703.0,-1581.5,-722.8,-1579.3
SYN001874,Plastique,PEHD,125,43.4,1999,-722.8,-1579.3,-741.9,-1618.3
SYN001875,Plastique,PVC,100,33.4,2014,-741.9,-1618.3,-740.9,-1584.9
SYN001876,Fonte,Fonte ductile,50,55.4,2008,-740.9,-1584.9,-793.2,-1566.5
SYN001877,Fonte,Fonte ductile,125,58.4,1972,-793.2,-1566.5,-737.7,-1584.7
SYN001878,Plastique,PVC collé,80,64.4,1974,-737.7,-1584.7,-788.4,-1545.0
SYN001879,Plastique,PVC collé,500,122.5,1962,-1223.5,-2809.4,-1202.2,-2930.0
SYN001880,Fonte,Fonte ductile,125,72.9,1999,-789.3,956.4,-729.1,997.5
SYN001881,Plastique,PVC collé,150,54.2,1977,2633.5,-1540.8,2605.6,-1587.2
SYN001882,Fonte,Fonte ductile,200,112.3,1988,2605.6,-1587.2,2529.4,-1504.6
SYN001883,Plastique,PVC,200,31.4,1994,2529.4,-1504.6,2548.0,-1530.0
SYN001884,Fonte,Fonte ductile,80,25.3,1997,2548.0,-1530.0,2528.5,-1546.1
SYN001885,Fonte,Fonte ductile,40,148.3,2014,331.3,-2210.3,447.9,-2118.7
SYN001886,Fonte,Fonte grise,150,38.0,1969,447.9,-2118.7,459.0,-2082.4
SYN001887,Fonte,Fonte grise,500,50.5,1937,577.9,-338.5,619.0,-367.8
SYN001888,Plastique,PEHD,250,41.4,2020,619.0,-367.8,653.0,-344.2
SYN001889,Fonte,Fonte ductile,100,64.4,1975,3873.9,-1624.2,3888.9,-1686.8
SYN001890,Fonte,Fonte ductile,600,29.0,1983,3888.9,-1686.8,3860.4,-1692.2
SYN001891,Plastique,PVC,32,30.4,1984,2821.0,1721.1,2799.3,1742.4
SYN001892,Plastique,PVC collé,200,37.7,1984,2799.3,1742.4,2770.7,1767.0
SYN001893,Fonte,Fonte grise,250,72.4,1947,-1351.3,-3498.8,-1316.8,-3562.4
SYN001894,Fonte,Fonte ductile,250,83.4,1972,-1316.8,-3562.4,-1374.3,-3502.0
SYN001895,Fonte,Fonte grise,150,46.4,1973,-1374.3,-3502.0,-1328.9,-3511.9
SYN001896,Plastique,PVC collé,200,59.4,1965,-1328.9,-3511.9,-1271.6,-3496.4
SYN001897,Fonte,Fonte ductile,50,44.3,1994,-1271.6,-3496.4,-1315.0,-3487.3
SYN001898,Fonte,Fonte grise,200,5.5,1950,-1315.0,-3487.3,-1319.0,-3491.0
SYN001899,Fonte,Fonte grise,125,21.7,1974,-1319.0,-3491.0,-1331.2,-3508.9
SYN001900,Plastique,PVC collé,250,118.3,1977,-1331.2,-3508.9,-1227.6,-3565.9
SYN001901,Fonte,Fonte grise,150,40.8,1940,-1227.6,-3565.9,-1192.0,-3545.9
SYN001902,Plastique,PEHD,150,35.2,2004,-3928.9,1665.6,-3893.8,1663.9
SYN001903,Fonte,Fonte grise,150,24.0,1943,-3893.8,1663.9,-3875.0,1648.9
SYN001904,Plastique,PVC collé,80,104.9,1985,-3875.0,1648.9,-3790.0,1710.3
SYN001905,Fonte,Fonte ductile,100,62.5,1978,-2279.9,-3946.2,-2237.3,-3900.5
SYN001906,Fonte,Fonte ductile,100,125.1,1972,-749.1,-2812.1,-740.5,-2936.9
SYN001907,Fonte,Fonte grise,125,41.7,1975,-740.5,-2936.9,-720.3,-2900.5
SYN001908,Plastique,PEHD,125,194.2,2018,-720.3,-2900.5,-913.4,-2879.9
SYN001909,Plastique,PEHD,80,90.5,2006,-913.4,-2879.9,-831.0,-2917.4
SYN001910,Fonte,Fonte grise,200,16.6,1975,-831.0,-2917.4,-816.1,-2924.8
SYN001911,Fonte,Fonte grise,200,29.0,1932,-816.1,-2924.8,-808.6,-2896.8
SYN001912,Plastique,PEHD,500,13.8,2004,-808.6,-2896.8,-815.3,-2884.7
SYN001913,Plastique,PVC collé,80,63.3,1981,-815.3,-2884.7,-753.0,-2873.7
SYN001914,Fonte,Fonte grise,150,58.9,1975,-1396.2,-2651.7,-1419.8,-2597.7
SYN001915,Fonte,Fonte grise,50,27.8,1956,-1419.8,-2597.7,-1409.6,-2571.9
SYN001916,Plastique,PVC collé,80,11.8,1968,-1409.6,-2571.9,-1398.7,-2567.4
SYN001917,Plastique,PVC,50,74.1,2004,-1555.4,-3237.7,-1486.7,-3209.8
SYN001918,Plastique,PVC collé,250,181.6,1984,-1486.7,-3209.8,-1633.3,-3317.0
SYN001919,Acier,Acier,80,56.2,1961,-913.3,1189.2,-955.9,1152.5
SYN001920,Fonte,Fonte ductile,150,24.7,1999,-955.9,1152.5,-956.2,1127.8
SYN001921,Fonte,Fonte ductile,50,44.4,2006,3939.2,-325.2,3906.0,-354.7
SYN001922,Fonte,Fonte ductile,125,105.4,1988,3906.0,-354.7,3943.5,-453.2
SYN001923,Fonte,Fonte ductile,400,50.5,1987,3943.5,-453.2,3894.9,-466.9
SYN001924,Fonte,Fonte ductile,150,36.9,1993,3894.9,-466.9,3921.0,-492.9
SYN001925,Fonte,Fonte grise,150,38.8,1962,-461.9,-2651.7,-432.0,-2676.3
SYN001926,Fonte,Fonte ductile,100,78.6,1994,-432.0,-2676.3,-502.2,-2641.1
SYN001927,Plastique,PVC,125,67.7,1982,-502.2,-2641.1,-512.5,-2574.1
SYN001928,Fonte,Fonte grise,150,76.0,1943,-512.5,-2574.1,-567.0,-2521.2
SYN001929,Fonte,Fonte ductile,400,64.4,2002,-567.0,-2521.2,-617.6,-2561.0
SYN001930,Plastique,PVC collé,250,30.0,1979,-617.6,-2561.0,-601.1,-2586.1
SYN001931,Plastique,PVC collé,150,35.3,1968,-601.1,-2586.1,-607.4,-2620.8
SYN001932,Plastique,PVC,250,130.6,1990,-607.4,-2620.8,-596.0,-2490.7
SYN001933,Plastique,PEHD,150,34.4,2003,-596.0,-2490.7,-598.7,-2456.4
SYN001934,Plastique,PVC,100,38.4,1991,-598.7,-2456.4,-628.6,-2432.2
SYN001935,Fonte,Fonte grise,150,41.7,1944,-628.6,-2432.2,-597.2,-2404.7
SYN001936,Fonte,Fonte ductile,50,87.2,2001,-597.2,-2404.7,-628.4,-2323.3
SYN001937,Plastique,PVC collé,63,26.6,1969,-628.4,-2323.3,-637.8,-2348.2
SYN001938,Fonte,Fonte ductile,500,53.5,2006,-637.8,-2348.2,-609.6,-2393.7
SYN001939,Fonte,Fonte grise,600,83.2,1930,-609.6,-2393.7,-637.3,-2315.2
SYN001940,Fonte,Fonte ductile,125,62.2,1975,-3237.9,1421.7,-3175.8,1425.2
SYN001941,Fonte,Fonte ductile,80,20.3,2012,-3175.8,1425.2,-3177.4,1404.9
SYN001942,Fonte,Fonte ductile,150,20.1,1974,2457.6,-1024.5,2441.2,-1036.1
SYN001943,Fonte,Fonte grise,80,154.4,1947,887.7,1967.7,998.2,1859.8
SYN001944,Plastique,PEHD,125,51.2,2019,998.2,1859.8,965.1,1898.9
SYN001945,Acier,Acier,500,118.7,1950,965.1,1898.9,846.6,1892.9
SYN001946,Fonte,Fonte grise,125,38.9,1936,-380.0,2650.1,-352.5,2677.6
SYN001947,Acier,Acier,63,71.6,1965,-352.5,2677.6,-397.7,2733.1
SYN001948,Fonte,Fonte grise,250,72.9,1951,-397.7,2733.1,-409.9,2804.9
SYN001949,Acier,Acier,100,312.4,1989,-409.9,2804.9,-516.6,2511.3
SYN001950,Acier,Acier,125,55.9,1967,-516.6,2511.3,-567.2,2487.5
SYN001951,Fonte,Fonte grise,300,51.3,1971,3199.2,1566.9,3238.0,1533.4
SYN001952,Plastique,PVC,100,61.5,1988,3238.0,1533.4,3203.6,1584.4
SYN001953,Ciment,Amiante-ciment,150,17.3,1967,3203.6,1584.4,3193.2,1570.5
SYN001954,Plastique,PEHD,300,34.6,2023,3193.2,1570.5,3160.3,1581.3
SYN001955,Ciment,Amiante-ciment,125,66.4,1974,3160.3,1581.3,3206.8,1533.9
SYN001956,Plastique,PVC collé,250,34.1,1984,3206.8,1533.9,3175.3,1520.9
SYN001957,Fonte,Fonte grise,250,56.2,1930,3175.3,1520.9,3124.5,1544.9
SYN001958,Plastique,PEHD,125,146.6,2023,1339.1,111.4,1214.3,34.5
SYN001959,Plastique,PVC collé,125,47.0,1983,428.5,658.7,456.6,621.0
SYN001960,Plastique,PVC collé,200,50.1,1975,456.6,621.0,429.0,662.8
SYN001961,Fonte,Fonte ductile,200,36.6,1989,-2344.1,-3534.7,-2309.5,-3546.5
SYN001962,Plastique,PVC collé,250,63.9,1965,-2309.5,-3546.5,-2277.5,-3601.8
SYN001963,Fonte,Fonte grise,125,68.6,1940,1032.8,-2181.9,1094.9,-2211.2
SYN001964,Plastique,PVC,250,37.8,2004,1094.9,-2211.2,1131.4,-2221.0
SYN001965,Fonte,Fonte grise,200,31.5,1952,1131.4,-2221.0,1144.8,-2249.5
SYN001966,Plastique,PVC,80,40.8,1992,1144.8,-2249.5,1161.8,-2286.6
SYN001967,Plastique,PEHD,600,72.0,2008,1161.8,-2286.6,1103.4,-2328.8
SYN001968,Fonte,Fonte ductile,200,24.8,1975,1103.4,-2328.8,1085.7,-2311.5
SYN001969,Fonte,Fonte ductile,250,40.4,1976,1085.7,-2311.5,1079.5,-2351.4
SYN001970,Fonte,Fonte ductile,150,58.8,1971,1079.5,-2351.4,1081.5,-2292.6
SYN001971,Acier,Acier,125,200.6,1981,1081.5,-2292.6,904.1,-2386.3
SYN001972,Plastique,PVC,80,186.5,1989,1417.2,-2064.1,1602.0,-2088.8
SYN001973,Fonte,Fonte ductile,125,14.1,1984,1070.5,3154.2,1074.6,3140.7
SYN001974,Fonte,Fonte grise,125,142.4,1972,1074.6,3140.7,1135.7,3012.0
SYN001975,Fonte,Fonte grise,125,14.2,1971,-2001.0,1692.3,-2015.0,1690.4
SYN001976,Fonte,Fonte ductile,125,25.3,1974,1849.0,2025.5,1824.0,2029.0
SYN001977,Acier,Acier,500,36.6,1975,1824.0,2029.0,1844.6,1998.8
SYN001978,Plastique,PVC,150,123.0,1984,1844.6,1998.8,1924.7,1905.5
SYN001979,Fonte,Fonte grise,250,76.4,1963,-1789.2,3943.5,-1814.4,4015.6
SYN001980,Plastique,PEHD,40,45.1,1998,3607.0,2653.4,3574.8,2685.0
SYN001981,Fonte,Fonte ductile,80,129.3,2012,3574.8,2685.0,3577.9,2555.7
SYN001982,Plastique,PEHD,125,148.6,2011,3577.9,2555.7,3583.9,2407.2
SYN001983,Fonte,Fonte ductile,200,127.7,1995,3583.9,2407.2,3456.2,2410.1
SYN001984,Plastique,PVC collé,125,49.6,1980,3456.2,2410.1,3425.8,2449.3
SYN001985,Acier,Acier,150,26.1,1965,3425.8,2449.3,3411.8,2471.3
SYN001986,Fonte,Fonte ductile,200,50.5,2009,3411.8,2471.3,3455.4,2496.8
SYN001987,Plastique,PVC,100,84.1,1992,3455.4,2496.8,3532.2,2462.7
SYN001988,Ciment,Amiante-ciment,80,88.9,1969,3532.2,2462.7,3526.3,2551.4
SYN001989,Fonte,Fonte grise,300,81.0,1952,232.1,-3260.4,284.9,-3321.8
SYN001990,Fonte,Fonte grise,200,62.8,1942,284.9,-3321.8,264.4,-3381.2
SYN001991,Plastique,PVC,100,31.3,1998,-486.4,-33.3,-466.7,-57.6
SYN001992,Fonte,Fonte ductile,200,30.8,2008,-466.7,-57.6,-472.7,-27.4
SYN001993,Fonte,Fonte grise,150,74.7,1945,-472.7,-27.4,-509.6,37.6
SYN001994,Fonte,Fonte ductile,250,97.9,1985,-509.6,37.6,-415.2,11.8
SYN001995,Plastique,PVC,125,9.4,2006,558.9,1776.9,558.8,1786.3
SYN001996,Fonte,Fonte ductile,150,35.4,2013,49.9,-2585.0,68.3,-2615.2
SYN001997,Fonte,Fonte ductile,250,86.2,1982,68.3,-2615.2,55.9,-2529.9
SYN001998,Plastique,PEHD,63,69.7,2003,55.9,-2529.9,69.1,-2598.3
SYN001999,Plastique,PVC collé,250,8.1,1985,2813.0,1915.1,2810.6,1907.4
SYN002000,Plastique,PEHD,125,51.7,2014,2810.6,1907.4,2760.8,1893.4
SYN002001,Fonte,Fonte ductile,150,180.1,2009,2700.9,-1879.0,2521.1,-1867.5
SYN002002,Acier,Acier,200,63.3,1979,2521.1,-1867.5,2458.0,-1862.5
SYN002003,Plastique,PVC collé,250,35.2,1964,570.0,-1449.1,537.6,-1435.5
SYN002004,Fonte,Fonte grise,200,43.8,1936,2686.0,-3531.5,2721.5,-3557.2
SYN002005,Plastique,PEHD,250,70.6,1999,-2478.4,-1489.0,-2417.5,-1524.7
SYN002006,Fonte,Fonte ductile,80,21.8,1978,1820.0,3058.0,1840.7,3064.6
SYN002007,Fonte,Fonte grise,200,38.1,1940,1840.7,3064.6,1836.5,3102.5
SYN002008,Fonte,Fonte grise,100,33.3,1943,1836.5,3102.5,1833.3,3069.3
SYN002009,Plastique,PVC,125,167.4,1994,1833.3,3069.3,1993.7,3021.5
SYN002010,Fonte,Fonte grise,63,131.1,1958,1993.7,3021.5,2014.2,2892.0
SYN002011,Fonte,Fonte ductile,250,42.9,2007,2014.2,2892.0,2027.0,2932.9
SYN002012,Fonte,Fonte grise,400,19.8,1951,2027.0,2932.9,2013.9,2918.1
SYN002013,Fonte,Fonte ductile,32,155.8,1986,2013.9,2918.1,2026.8,3073.3
SYN002014,Fonte,Fonte ductile,150,62.4,1984,2026.8,3073.3,2089.1,3075.0
SYN002015,Plastique,PVC collé,200,250.7,1962,2089.1,3075.0,2338.7,3098.9
SYN002016,Fonte,Fonte ductile,125,33.6,2007,3600.3,-3980.3,3567.8,-3988.8
SYN002017,Fonte,Fonte grise,32,27.4,1952,3567.8,-3988.8,3547.9,-4007.7
SYN002018,Plastique,PVC collé,500,33.1,1965,2757.5,1048.3,2781.9,1026.0
SYN002019,Fonte,Fonte ductile,200,49.3,2009,-772.0,1735.5,-816.3,1757.0
SYN002020,Plastique,PVC collé,100,49.4,1964,-816.3,1757.0,-789.0,1798.2
SYN002021,Fonte,Fonte grise,80,19.3,1946,-789.0,1798.2,-774.6,1785.3
SYN002022,Fonte,Fonte grise,150,37.5,1947,-774.6,1785.3,-746.7,1760.2
SYN002023,Fonte,Fonte ductile,40,78.7,1977,-746.7,1760.2,-670.8,1739.4
SYN002024,Fonte,Fonte ductile,150,27.4,1985,-670.8,1739.4,-697.8,1744.2
SYN002025,Fonte,Fonte ductile,250,235.2,1980,-697.8,1744.2,-468.2,1795.5
SYN002026,Plastique,PEHD,200,34.6,2002,-468.2,1795.5,-438.3,1812.9
SYN002027,Fonte,Fonte ductile,200,73.3,1985,-438.3,1812.9,-502.9,1778.3
SYN002028,Plastique,PVC collé,250,151.7,1979,-502.9,1778.3,-602.6,1663.9
SYN002029,Plastique,PVC collé,300,67.1,1968,-602.6,1663.9,-595.3,1730.6
SYN002030,Fonte,Fonte grise,32,23.8,1969,-595.3,1730.6,-578.3,1747.2
SYN002031,Fonte,Fonte ductile,200,40.1,1994,-578.3,1747.2,-610.7,1723.6
SYN002032,Fonte,Fonte ductile,125,68.1,1997,-610.7,1723.6,-662.8,1767.6
SYN002033,Fonte,Fonte ductile,600,324.7,1984,-662.8,1767.6,-338.3,1779.3
SYN002034,Fonte,Fonte grise,250,39.0,1933,584.8,-3246.6,622.8,-3255.3
SYN002035,Plastique,PVC,125,66.0,1994,622.8,-3255.3,687.5,-3268.6
SYN002036,Acier,Acier,100,54.7,1967,687.5,-3268.6,735.0,-3295.7
SYN002037,Fonte,Fonte grise,400,396.8,1971,3244.7,1111.5,3438.4,1457.7
SYN002038,Plastique,PVC collé,100,41.3,1981,3438.4,1457.7,3397.2,1460.1
SYN002039,Plastique,PVC,125,17.1,2013,3397.2,1460.1,3413.5,1465.2
SYN002040,Fonte,Fonte ductile,150,16.8,2005,3413.5,1465.2,3429.4,1470.6
SYN002041,Plastique,PVC,125,44.5,2007,3429.4,1470.6,3425.9,1426.2
SYN002042,Plastique,PVC collé,50,36.1,1975,3425.9,1426.2,3417.9,1391.0
SYN002043,Acier,Acier,100,202.4,1977,3417.9,1391.0,3600.7,1304.2
SYN002044,Ciment,Amiante-ciment,125,26.6,1972,-1499.4,1059.0,-1472.8,1059.2
SYN002045,Fonte,Fonte grise,63,13.9,1973,-1472.8,1059.2,-1464.1,1048.4
SYN002046,Fonte,Fonte ductile,250,41.9,1978,-692.5,-2331.2,-653.3,-2346.1
SYN002047,Plastique,PVC collé,40,123.6,1980,-653.3,-2346.1,-718.8,-2241.3
SYN002048,Fonte,Fonte grise,200,43.0,1952,-718.8,-2241.3,-712.4,-2283.8
SYN002049,Fonte,Fonte ductile,200,174.1,2004,-712.4,-2283.8,-673.2,-2114.2
SYN002050,Ciment,Amiante-ciment,80,13.7,1958,-673.2,-2114.2,-680.3,-2102.5
SYN002051,Fonte,Fonte grise,200,28.3,1930,1481.3,973.1,1506.0,986.8
SYN002052,Fonte,Fonte ductile,200,75.1,1988,1506.0,986.8,1498.0,1061.5
SYN002053,Plastique,PEHD,125,136.7,2004,1498.0,1061.5,1422.7,947.4
SYN002054,Fonte,Fonte ductile,200,50.6,1972,1422.7,947.4,1438.3,995.5
SYN002055,Fonte,Fonte ductile,250,70.0,2009,1438.3,995.5,1482.4,1049.9
SYN002056,Ciment,Amiante-ciment,125,84.4,1958,1482.4,1049.9,1527.1,978.4
SYN002057,Fonte,Fonte ductile,125,35.1,2001,1527.1,978.4,1548.3,950.3
SYN002058,Fonte,Fonte grise,150,98.6,1940,1548.3,950.3,1587.9,860.1
SYN002059,Fonte,Fonte grise,80,7.4,1966,1587.9,860.1,1593.4,855.1
SYN002060,Acier,Acier,250,25.0,1959,-1771.8,1130.9,-1750.7,1117.5
SYN002061,Fonte,Fonte ductile,250,45.0,1993,-1750.7,1117.5,-1783.2,1086.4
SYN002062,Fonte,Fonte ductile,63,55.5,2000,-1783.2,1086.4,-1733.9,1060.9
SYN002063,Fonte,Fonte grise,150,113.7,1961,3746.6,1166.7,3659.9,1093.0
SYN002064,Fonte,Fonte ductile,80,171.9,1999,3659.9,1093.0,3605.4,1256.0
SYN002065,Acier,Acier,600,56.1,1971,3605.4,1256.0,3658.2,1237.2
SYN002066,Fonte,Fonte ductile,32,67.8,1975,-2256.6,-2771.8,-2270.4,-2705.4
SYN002067,Ciment,Amiante-ciment,600,45.5,1970,907.3,-1123.1,919.0,-1167.1
SYN002068,Fonte,Fonte ductile,80,57.2,1977,803.6,3040.2,859.3,3053.6
SYN002069,Fonte,Fonte ductile,80,31.7,1989,859.3,3053.6,831.2,3068.3
SYN002070,Plastique,PEHD,80,45.0,2017,910.6,1390.3,896.0,1432.9
SYN002071,Fonte,Fonte ductile,600,82.7,2002,896.0,1432.9,885.3,1350.9
SYN002072,Fonte,Fonte ductile,50,66.8,1971,885.3,1350.9,951.8,1344.4
SYN002073,Plastique,PEHD,100,383.4,2000,-1416.2,-2071.6,-1644.5,-2379.6
SYN002074,Fonte,Fonte ductile,80,40.9,1999,-1644.5,-2379.6,-1662.7,-2343.0
SYN002075,Plastique,PVC collé,150,83.9,1971,-1662.7,-2343.0,-1672.7,-2426.3
SYN002076,Ciment,Amiante-ciment,150,36.8,1963,-1672.7,-2426.3,-1636.1,-2430.4
SYN002077,Fonte,Fonte grise,150,76.8,1933,3323.7,-2908.0,3247.7,-2918.9
SYN002078,Fonte,Fonte ductile,500,65.5,1986,1772.0,2955.7,1810.1,2902.5
SYN002079,Fonte,Fonte grise,150,28.2,1942,1810.1,2902.5,1838.3,2904.5
SYN002080,Fonte,Fonte ductile,125,130.9,1999,1838.3,2904.5,1963.9,2941.1
SYN002081,Fonte,Fonte grise,200,74.5,1958,1963.9,2941.1,1906.8,2893.3
SYN002082,Plastique,PVC,250,541.5,1982,1906.8,2893.3,2117.6,3392.1
SYN002083,Fonte,Fonte grise,125,92.5,1960,413.1,1700.1,461.8,1621.4
SYN002084,Plastique,PVC,200,21.1,2018,-2699.7,1161.4,-2684.2,1147.1
SYN002085,Fonte,Fonte ductile,200,143.6,1974,-2684.2,1147.1,-2596.2,1260.6
SYN002086,Fonte,Fonte ductile,250,26.6,1986,-1713.5,2692.4,-1692.9,2709.2
SYN002087,Fonte,Fonte ductile,50,24.8,2008,-1692.9,2709.2,-1668.1,2708.2
SYN002088,Plastique,PVC,125,46.2,1990,-1668.1,2708.2,-1713.7,2716.0
SYN002089,Fonte,Fonte ductile,40,158.3,1999,100.0,-3876.7,219.6,-3773.0
SYN002090,Fonte,Fonte ductile,125,109.2,1974,219.6,-3773.0,113.7,-3746.3
SYN002091,Plastique,PEHD,50,49.8,2009,-3293.0,613.9,-3260.3,576.3
SYN002092,Plastique,PVC collé,400,10.6,1972,3481.4,1764.7,3472.2,1759.4
SYN002093,Fonte,Fonte grise,80,36.9,1952,2978.2,3332.3,2985.0,3296.1
SYN002094,Plastique,PEHD,125,98.3,2022,-2549.2,2662.6,-2603.6,2580.8
SYN002095,Fonte,Fonte ductile,80,36.6,1974,-2603.6,2580.8,-2621.9,2612.5
SYN002096,Fonte,Fonte grise,150,100.2,1949,-2621.9,2612.5,-2702.3,2552.7
SYN002097,Fonte,Fonte ductile,80,17.6,2003,-2519.9,1272.7,-2502.7,1276.4
SYN002098,Fonte,Fonte grise,250,16.1,1955,-2502.7,1276.4,-2515.0,1266.0
SYN002099,Fonte,Fonte ductile,200,314.6,2004,-2515.0,1266.0,-2216.2,1167.6
SYN002100,Plastique,PVC,200,46.3,1994,-2216.2,1167.6,-2218.7,1121.4
SYN002101,Fonte,Fonte grise,100,50.8,1942,-2218.7,1121.4,-2248.2,1162.7
SYN002102,Plastique,PEHD,200,21.1,2020,934.3,58.1,943.0,38.9
SYN002103,Acier,Acier,400,60.9,1965,943.0,38.9,965.0,95.7
SYN002104,Plastique,PVC collé,125,20.7,1976,965.0,95.7,971.7,76.1
SYN002105,Plastique,PVC,63,94.9,2018,971.7,76.1,903.5,142.1
SYN002106,Plastique,PVC,150,142.7,1985,903.5,142.1,950.6,7.4
SYN002107,Ciment,Amiante-ciment,125,134.5,1979,950.6,7.4,927.7,140.0
SYN002108,Fonte,Fonte ductile,63,63.1,2006,-351.8,-1604.5,-351.2,-1541.4
SYN002109,Fonte,Fonte grise,150,30.1,1968,-3955.5,453.3,-3932.6,472.8
SYN002110,Fonte,Fonte ductile,250,168.5,1991,-3932.6,472.8,-4090.0,412.8
SYN002111,Plastique,PVC collé,250,60.8,1985,2236.9,3104.7,2176.4,3111.0
SYN002112,Fonte,Fonte grise,200,159.9,1937,2176.4,3111.0,2105.5,2967.7
SYN002113,Plastique,PVC collé,80,168.9,1964,2105.5,2967.7,1937.6,2949.4
SYN002114,Fonte,Fonte grise,50,31.8,1966,1937.6,2949.4,1934.1,2981.0
SYN002115,Acier,Acier,125,29.7,1966,-3903.1,-3222.3,-3932.6,-3226.2
SYN002116,Fonte,Fonte ductile,80,56.7,2008,-3932.6,-3226.2,-3884.9,-3256.8
SYN002117,Fonte,Fonte grise,200,85.5,1946,-3884.9,-3256.8,-3964.5,-3225.8
SYN002118,Fonte,Fonte grise,250,42.0,1960,-604.4,521.2,-637.9,546.6
SYN002119,Fonte,Fonte ductile,100,30.1,1982,-637.9,546.6,-610.3,558.6
SYN002120,Fonte,Fonte ductile,125,84.5,2010,-610.3,558.6,-568.5,632.0
SYN002121,Fonte,Fonte grise,125,70.5,1975,-568.5,632.0,-626.1,591.4
SYN002122,Fonte,Fonte ductile,250,377.0,1989,1482.1,-1790.6,1569.4,-1423.8
SYN002123,Fonte,Fonte grise,125,24.9,1960,1569.4,-1423.8,1560.4,-1400.6
SYN002124,Fonte,Fonte ductile,32,38.3,1996,1560.4,-1400.6,1598.7,-1399.8
SYN002125,Fonte,Fonte ductile,100,30.5,1981,1598.7,-1399.8,1619.4,-1422.2
SYN002126,Fonte,Fonte ductile,125,48.1,1979,1619.4,-1422.2,1571.4,-1419.0
SYN002127,Fonte,Fonte ductile,63,50.1,2000,1571.4,-1419.0,1614.6,-1393.5
SYN002128,Fonte,Fonte grise,200,87.5,1964,1614.6,-1393.5,1652.1,-1472.6
SYN002129,Fonte,Fonte grise,125,107.5,1950,-339.9,3970.4,-432.6,4024.8
SYN002130,Fonte,Fonte grise,80,82.3,1970,-3510.7,-3111.6,-3578.1,-3064.3
SYN002131,Plastique,PVC,125,64.4,2016,-3578.1,-3064.3,-3615.2,-3116.9
SYN002132,Ciment,Amiante-ciment,125,59.2,1955,-3615.2,-3116.9,-3664.6,-3084.3
SYN002133,Acier,Acier,40,243.9,1964,-3664.6,-3084.3,-3624.8,-3324.9
SYN002134,Fonte,Fonte ductile,200,12.9,1988,-3624.8,-3324.9,-3623.1,-3337.7
SYN002135,Plastique,PVC collé,32,87.1,1960,-3623.1,-3337.7,-3708.7,-3321.4
SYN002136,Fonte,Fonte ductile,100,126.9,1990,-338.6,-681.5,-233.7,-610.0
SYN002137,Plastique,PVC,80,91.7,2015,-3784.7,178.0,-3868.7,141.1
SYN002138,Plastique,PVC,200,47.0,1990,1194.1,-2573.4,1147.2,-2569.5
SYN002139,Plastique,PEHD,200,29.0,2011,-560.3,2067.4,-564.6,2038.7
SYN002140,Plastique,PEHD,100,54.2,2021,-564.6,2038.7,-575.9,2091.8
SYN002141,Fonte,Fonte ductile,32,32.1,1989,-575.9,2091.8,-607.1,2084.4
SYN002142,Plastique,PVC,600,22.8,2009,2183.8,-1181.5,2178.4,-1203.6
SYN002143,Plastique,PEHD,63,160.9,2019,2178.4,-1203.6,2031.1,-1268.4
SYN002144,Fonte,Fonte ductile,500,59.7,1990,840.2,-3795.3,878.6,-3841.0
SYN002145,Acier,Acier,125,79.8,1986,2890.3,-1247.2,2938.5,-1183.6
SYN002146,Fonte,Fonte grise,125,25.2,1953,2938.5,-1183.6,2930.2,-1159.8
SYN002147,Ciment,Amiante-ciment,100,225.4,1957,-1219.6,-3177.5,-1112.9,-2979.0
SYN002148,Plastique,PVC,250,100.6,1991,-1112.9,-2979.0,-1055.4,-2896.4
SYN002149,Fonte,Fonte grise,200,29.5,1952,-1055.4,-2896.4,-1032.2,-2914.7
SYN002150,Plastique,PVC collé,63,10.0,1967,-1032.2,-2914.7,-1026.1,-2922.6
SYN002151,Fonte,Fonte grise,200,56.9,1969,2051.4,1358.9,1995.8,1370.9
SYN002152,Plastique,PVC,150,26.5,1993,1995.8,1370.9,2007.4,1394.7
SYN002153,Plastique,PVC,63,14.3,2015,2007.4,1394.7,2020.8,1399.6
SYN002154,Plastique,PVC collé,200,23.3,1983,2020.8,1399.6,2039.6,1413.4
SYN002155,Plastique,PEHD,150,71.0,1997,2039.6,1413.4,2002.1,1473.6
SYN002156,Fonte,Fonte grise,250,20.5,1973,2002.1,1473.6,1981.7,1471.4
SYN002157,Fonte,Fonte ductile,250,28.9,1973,1981.7,1471.4,1993.8,1445.2
SYN002158,Fonte,Fonte ductile,250,122.1,1993,-3089.7,-1658.9,-3211.8,-1661.2
SYN002159,Fonte,Fonte grise,200,64.5,1968,-3211.8,-1661.2,-3273.6,-1642.7
SYN002160,Fonte,Fonte ductile,250,54.7,2010,-3273.6,-1642.7,-3324.0,-1663.9
SYN002161,Fonte,Fonte ductile,125,85.3,2006,1008.9,-3277.6,1014.4,-3362.7
SYN002162,Fonte,Fonte ductile,63,44.6,1985,1014.4,-3362.7,1032.5,-3322.0
SYN002163,Fonte,Fonte ductile,100,177.9,1990,1032.5,-3322.0,1082.6,-3492.7
SYN002164,Plastique,PEHD,250,209.1,2000,1082.6,-3492.7,1182.4,-3676.4
SYN002165,Fonte,Fonte ductile,150,9.7,1979,1182.4,-3676.4,1191.9,-3674.9
SYN002166,Plastique,PEHD,150,230.0,1998,1191.9,-3674.9,967.7,-3623.9
SYN002167,Fonte,Fonte ductile,600,32.9,2011,-2345.3,-1062.6,-2377.6,-1068.9
SYN002168,Fonte,Fonte ductile,250,38.3,2003,-2377.6,-1068.9,-2383.1,-1031.0
SYN002169,Fonte,Fonte ductile,80,16.7,1980,-2383.1,-1031.0,-2398.4,-1037.7
SYN002170,Fonte,Fonte ductile,125,29.3,1973,-2518.8,-2598.5,-2510.6,-2626.7
SYN002171,Fonte,Fonte ductile,150,23.2,1998,-2510.6,-2626.7,-2510.6,-2603.5
SYN002172,Fonte,Fonte ductile,63,82.5,1998,-701.9,484.1,-754.9,547.3
SYN002173,Fonte,Fonte grise,600,30.0,1936,-754.9,547.3,-726.6,537.4
SYN002174,Fonte,Fonte ductile,250,196.0,1982,-726.6,537.4,-885.5,422.7
SYN002175,Plastique,PVC collé,50,33.1,1966,-1445.6,-1170.0,-1467.7,-1145.4
SYN002176,Fonte,Fonte ductile,100,76.5,1991,-1467.7,-1145.4,-1408.3,-1097.2
SYN002177,Plastique,PEHD,125,51.9,2003,-1408.3,-1097.2,-1378.9,-1140.0
SYN002178,Fonte,Fonte ductile,250,81.6,2008,-1378.9,-1140.0,-1454.3,-1171.1
SYN002179,Acier,Acier,125,35.6,1962,-1454.3,-1171.1,-1483.0,-1192.1
SYN002180,Plastique,PVC,200,42.5,2019,-290.0,-3684.9,-251.5,-3666.8
SYN002181,Acier,Acier,100,35.7,1982,-251.5,-3666.8,-251.2,-3702.5
SYN002182,Plastique,PEHD,50,194.8,2009,-3247.6,-2796.9,-3385.7,-2934.3
SYN002183,Fonte,Fonte grise,150,26.4,1943,-2259.2,1343.9,-2259.2,1317.5
SYN002184,Plastique,PVC collé,200,33.1,1960,-2086.4,969.3,-2116.9,982.3
SYN002185,Fonte,Fonte grise,100,95.9,1956,-3994.5,8.2,-4090.4,7.5
SYN002186,Plastique,PEHD,100,70.7,2004,-4090.4,7.5,-4080.8,-62.5
SYN002187,Plastique,PVC collé,250,52.2,1979,-4080.8,-62.5,-4030.2,-49.9
SYN002188,Fonte,Fonte ductile,200,11.9,1987,1403.1,983.0,1406.9,971.7
SYN002189,Acier,Acier,250,33.2,1964,1406.9,971.7,1418.8,940.7
SYN002190,Fonte,Fonte grise,50,52.3,1943,1418.8,940.7,1448.5,983.7
SYN002191,Plastique,PVC collé,80,126.0,1965,-2075.5,-2716.7,-2034.9,-2597.5
SYN002192,Plastique,PVC,400,420.3,1991,-2034.9,-2597.5,-2063.6,-2178.1
SYN002193,Fonte,Fonte grise,80,174.0,1952,-2063.6,-2178.1,-1892.1,-2148.7
SYN002194,Plastique,PVC collé,100,115.1,1985,-1892.1,-2148.7,-1941.9,-2252.5
SYN002195,Plastique,PEHD,250,37.6,2021,-1941.9,-2252.5,-1917.1,-2280.7
SYN002196,Fonte,Fonte grise,250,118.1,1964,2468.4,-3009.9,2528.4,-2908.1
SYN002197,Fonte,Fonte ductile,125,157.9,1991,-2754.4,2216.8,-2779.1,2060.9
SYN002198,Fonte,Fonte ductile,250,261.0,1972,-2779.1,2060.9,-2692.5,2307.1
SYN002199,Plastique,PVC collé,63,92.3,1964,-2692.5,2307.1,-2658.7,2221.2
SYN002200,Fonte,Fonte grise,100,47.9,1940,-2658.7,2221.2,-2634.2,2180.1
SYN002201,Acier,Acier,100,26.8,1954,-2634.2,2180.1,-2651.9,2200.2
SYN002202,Plastique,PEHD,50,23.0,2009,-673.3,344.6,-654.3,357.5
SYN002203,Fonte,Fonte grise,300,24.7,1944,862.5,-1384.6,858.5,-1360.2
SYN002204,Fonte,Fonte ductile,150,126.5,1984,858.5,-1360.2,806.7,-1475.6
SYN002205,Plastique,PVC collé,150,51.7,1967,806.7,-1475.6,768.8,-1510.8
SYN002206,Plastique,PVC,250,17.0,1982,768.8,-1510.8,785.7,-1513.0
SYN002207,Fonte,Fonte ductile,80,14.6,2001,785.7,-1513.0,772.7,-1506.3
SYN002208,Fonte,Fonte grise,125,69.0,1942,772.7,-1506.3,712.0,-1539.2
SYN002209,Fonte,Fonte grise,40,134.3,1966,1885.8,-3230.5,1820.7,-3347.9
SYN002210,Ciment,Amiante-ciment,250,31.4,1978,1820.7,-3347.9,1844.1,-3368.9
SYN002211,Fonte,Fonte ductile,250,101.9,1981,1844.1,-3368.9,1814.3,-3271.4
SYN002212,Plastique,PEHD,63,24.7,1998,1814.3,-3271.4,1802.8,-3249.6
SYN002213,Fonte,Fonte ductile,80,240.3,2001,-1359.8,3626.4,-1395.9,3864.0
SYN002214,Acier,Acier,250,17.8,1959,-1395.9,3864.0,-1411.5,3855.4
SYN002215,Fonte,Fonte grise,100,9.6,1946,-1411.5,3855.4,-1421.0,3857.2
SYN002216,Fonte,Fonte grise,250,172.8,1931,-1421.0,3857.2,-1266.3,3780.2
SYN002217,Acier,Acier,100,51.8,1990,-1877.7,3688.4,-1851.2,3733.0
SYN002218,Acier,Acier,150,11.4,1961,-1851.2,3733.0,-1845.8,3743.0
SYN002219,Fonte,Fonte ductile,300,21.1,1985,-1845.8,3743.0,-1839.7,3722.7
SYN002220,Fonte,Fonte ductile,125,15.5,2008,-2057.4,-2874.7,-2042.0,-2873.8
SYN002221,Fonte,Fonte ductile,100,63.7,1990,-2042.0,-2873.8,-2105.6,-2877.4
SYN002222,Fonte,Fonte ductile,250,68.3,1974,-2105.6,-2877.4,-2088.8,-2943.6
SYN002223,Fonte,Fonte grise,200,59.1,1963,1307.3,3434.4,1272.6,3482.2
SYN002224,Plastique,PEHD,250,102.2,2009,1272.6,3482.2,1367.9,3445.5
SYN002225,Fonte,Fonte ductile,125,18.5,2012,-1871.4,3252.1,-1854.9,3243.6
SYN002226,Plastique,PVC,100,53.7,1993,-1854.9,3243.6,-1841.6,3295.6
SYN002227,Fonte,Fonte grise,125,35.0,1958,2218.4,-1231.4,2185.9,-1244.5
SYN002228,Fonte,Fonte grise,80,113.9,1942,-3566.7,2552.3,-3487.6,2634.3
SYN002229,Plastique,PVC collé,100,35.0,1976,-3487.6,2634.3,-3460.2,2612.4
SYN002230,Fonte,Fonte ductile,150,85.1,1988,-3460.2,2612.4,-3394.8,2666.9
SYN002231,Plastique,PVC collé,80,15.2,1968,-3394.8,2666.9,-3384.2,2677.7
SYN002232,Fonte,Fonte grise,63,7.2,1955,-3384.2,2677.7,-3388.5,2683.4
SYN002233,Acier,Acier,250,121.4,1960,1660.4,-3524.6,1603.8,-3631.9
SYN002234,Plastique,PVC,80,20.2,2008,-1574.0,-1186.7,-1591.5,-1176.6
SYN002235,Plastique,PEHD,250,128.0,2007,-2588.7,2368.8,-2647.9,2482.3
SYN002236,Fonte,Fonte grise,500,189.1,1965,-2647.9,2482.3,-2670.0,2670.1
SYN002237,Fonte,Fonte ductile,150,55.1,1975,-2670.0,2670.1,-2623.1,2699.0
SYN002238,Fonte,Fonte ductile,40,50.2,2001,-2623.1,2699.0,-2646.4,2654.6
SYN002239,Plastique,PVC collé,200,72.7,1961,-2646.4,2654.6,-2576.8,2633.7
SYN002240,Fonte,Fonte ductile,63,65.9,2011,-3235.0,3568.7,-3170.7,3583.0
SYN002241,Fonte,Fonte grise,250,55.6,1969,-3170.7,3583.0,-3162.9,3638.1
SYN002242,Fonte,Fonte ductile,200,93.9,2009,-3162.9,3638.1,-3220.3,3712.4
SYN002243,Fonte,Fonte ductile,125,50.3,2000,1616.3,1590.3,1595.1,1544.7
SYN002244,Fonte,Fonte ductile,250,116.6,1998,1595.1,1544.7,1708.5,1517.5
SYN002245,Fonte,Fonte grise,250,32.9,1946,1708.5,1517.5,1678.3,1504.4
SYN002246,Fonte,Fonte ductile,40,55.2,2002,1770.3,200.9,1823.0,184.4
SYN002247,Plastique,PVC collé,200,75.2,1976,1823.0,184.4,1898.1,180.2
SYN002248,Fonte,Fonte ductile,150,14.7,1972,1898.1,180.2,1901.4,194.5
SYN002249,Fonte,Fonte ductile,80,54.6,1978,1901.4,194.5,1945.4,226.9
SYN002250,Plastique,PVC collé,80,33.1,1973,1945.4,226.9,1978.5,227.5
SYN002251,Plastique,PVC,125,40.5,1992,1978.5,227.5,2018.0,236.4
SYN002252,Fonte,Fonte ductile,200,45.1,1972,2018.0,236.4,2027.5,280.5
SYN002253,Plastique,PVC collé,80,67.2,1985,2027.5,280.5,2032.1,347.5
SYN002254,Acier,Acier,100,43.5,1988,2032.1,347.5,1996.0,371.8
SYN002255,Plastique,PVC collé,80,54.4,1978,1996.0,371.8,2048.4,357.0
SYN002256,Plastique,PEHD,100,44.8,1999,2048.4,357.0,2011.0,381.7
SYN002257,Plastique,PVC,50,111.5,2004,2011.0,381.7,1904.9,416.1
SYN002258,Fonte,Fonte grise,200,65.4,1964,1904.9,416.1,1840.3,406.1
SYN002259,Fonte,Fonte ductile,250,64.7,1989,1840.3,406.1,1828.3,342.5
SYN002260,Plastique,PVC,125,38.9,1981,1828.3,342.5,1795.4,363.3
SYN002261,Ciment,Amiante-ciment,80,48.2,1965,1795.4,363.3,1747.2,363.0
SYN002262,Fonte,Fonte ductile,150,246.4,2004,835.9,-2645.2,732.8,-2421.4
SYN002263,Fonte,Fonte grise,150,75.8,1945,732.8,-2421.4,700.5,-2489.9
SYN002264,Plastique,PVC collé,250,36.9,1968,3740.2,676.4,3751.5,641.2
SYN002265,Fonte,Fonte grise,250,143.4,1956,3751.5,641.2,3813.8,512.1
SYN002266,Plastique,PVC,150,35.9,2015,3813.8,512.1,3832.0,543.0
SYN002267,Fonte,Fonte ductile,200,93.3,2008,-3876.4,1974.7,-3784.6,1991.2
SYN002268,Plastique,PVC,250,50.4,2020,-2994.3,-1753.7,-2944.6,-1762.1
SYN002269,Plastique,PEHD,80,43.9,2021,-2944.6,-1762.1,-2911.8,-1791.3
SYN002270,Plastique,PVC collé,50,40.5,1968,3809.4,-3865.2,3846.6,-3881.2
SYN002271,Plastique,PVC collé,200,161.7,1966,3846.6,-3881.2,3717.5,-3978.5
SYN002272,Plastique,PVC,250,85.1,2004,-1535.2,-3990.9,-1555.1,-4073.6
SYN002273,Plastique,PEHD,40,41.2,2016,-1555.1,-4073.6,-1596.0,-4069.3
SYN002274,Plastique,PEHD,63,17.4,1996,-1596.0,-4069.3,-1595.8,-4086.7
SYN002275,Fonte,Fonte grise,500,436.7,1953,-2131.3,-1420.6,-2509.6,-1202.4
SYN002276,Plastique,PVC collé,100,29.7,1960,-2509.6,-1202.4,-2500.6,-1230.8
SYN002277,Fonte,Fonte grise,63,21.5,1971,-2500.6,-1230.8,-2520.9,-1238.0
SYN002278,Plastique,PEHD,200,29.3,2014,-2520.9,-1238.0,-2508.4,-1211.5
SYN002279,Plastique,PVC collé,200,45.0,1962,-2508.4,-1211.5,-2498.3,-1255.4
SYN002280,Fonte,Fonte ductile,150,47.8,1976,-2498.3,-1255.4,-2506.2,-1208.2
SYN002281,Fonte,Fonte grise,200,32.4,1942,-2506.2,-1208.2,-2473.8,-1209.5
SYN002282,Fonte,Fonte ductile,150,71.5,1991,-2473.8,-1209.5,-2402.4,-1206.9
SYN002283,Plastique,PVC,63,94.8,2006,-214.8,1759.1,-145.1,1823.4
SYN002284,Fonte,Fonte grise,63,261.3,1942,-145.1,1823.4,-373.4,1696.3
SYN002285,Fonte,Fonte grise,80,11.1,1955,-373.4,1696.3,-371.0,1707.2
SYN002286,Plastique,PEHD,300,128.2,2016,-371.0,1707.2,-498.2,1723.1
SYN002287,Plastique,PVC,250,62.6,2009,1702.2,3108.5,1678.0,3050.7
SYN002288,Fonte,Fonte grise,50,84.0,1933,1678.0,3050.7,1661.3,2968.4
SYN002289,Fonte,Fonte ductile,400,264.7,1981,1661.3,2968.4,1754.6,2720.7
SYN002290,Ciment,Amiante-ciment,100,188.6,1963,-3825.0,-3562.5,-3910.8,-3394.6
SYN002291,Plastique,PVC,125,43.0,1998,-3255.1,2213.8,-3261.1,2171.2
SYN002292,Plastique,PVC collé,150,24.3,1965,-1448.3,135.7,-1470.6,145.5
SYN002293,Fonte,Fonte ductile,200,24.7,1997,1748.1,-3116.0,1728.4,-3130.9
SYN002294,Fonte,Fonte ductile,50,52.9,2007,1728.4,-3130.9,1778.6,-3147.8
SYN002295,Fonte,Fonte grise,150,78.6,1972,1778.6,-3147.8,1846.6,-3108.4
SYN002296,Plastique,PVC,300,20.8,1984,-1366.5,-1497.2,-1378.7,-1480.3
SYN002297,Fonte,Fonte grise,200,224.5,1938,-1378.7,-1480.3,-1196.0,-1610.9
SYN002298,Fonte,Fonte grise,250,58.0,1948,-3280.6,1617.0,-3329.2,1648.7
SYN002299,Plastique,PVC,40,47.5,1996,1228.7,-3228.0,1269.7,-3252.1
SYN002300,Acier,Acier,63,35.3,1970,1269.7,-3252.1,1304.2,-3259.6
SYN002301,Plastique,PVC,600,43.5,1994,1304.2,-3259.6,1312.9,-3302.2
SYN002302,Fonte,Fonte ductile,125,95.1,2015,1312.9,-3302.2,1271.1,-3387.7
SYN002303,Fonte,Fonte ductile,63,109.6,1992,1271.1,-3387.7,1359.5,-3322.8
SYN002304,Fonte,Fonte ductile,150,44.3,2008,1359.5,-3322.8,1366.5,-3366.6
SYN002305,Fonte,Fonte ductile,80,49.0,1973,-2565.3,-2543.4,-2585.7,-2498.9
SYN002306,Plastique,PVC collé,80,35.5,1972,3589.3,2576.6,3564.1,2601.6
SYN002307,Fonte,Fonte ductile,250,65.4,2009,3564.1,2601.6,3523.3,2550.5
SYN002308,Plastique,PVC collé,100,71.6,1969,-3526.7,2527.9,-3455.1,2528.7
SYN002309,Plastique,PEHD,150,108.3,2014,-3302.2,944.0,-3345.1,844.5
SYN002310,Ciment,Amiante-ciment,80,144.4,1966,-3345.1,844.5,-3217.7,912.4
SYN002311,Fonte,Fonte grise,250,130.5,1934,-1484.6,-3982.9,-1409.7,-3876.0
SYN002312,Fonte,Fonte ductile,150,19.4,2014,-1409.7,-3876.0,-1407.7,-3856.7
SYN002313,Fonte,Fonte grise,80,17.1,1962,-1407.7,-3856.7,-1406.2,-3873.8
SYN002314,Fonte,Fonte ductile,100,22.3,1972,-1406.2,-3873.8,-1426.1,-3863.7
SYN002315,Fonte,Fonte ductile,40,53.6,1979,1754.0,1208.8,1705.3,1186.6
SYN002316,Fonte,Fonte grise,250,100.8,1958,1705.3,1186.6,1611.3,1150.1
SYN002317,Plastique,PVC,80,40.0,1989,1611.3,1150.1,1597.9,1112.5
SYN002318,Fonte,Fonte ductile,150,56.0,1974,-356.3,291.2,-306.6,316.9
SYN002319,Plastique,PEHD,50,49.2,2002,-3732.4,-2335.2,-3704.5,-2294.7
SYN002320,Fonte,Fonte grise,125,31.3,1967,631.5,-3484.2,655.8,-3464.5
SYN002321,Fonte,Fonte grise,125,23.7,1958,655.8,-3464.5,643.0,-3444.6
SYN002322,Fonte,Fonte ductile,125,48.7,2012,-420.3,1286.1,-373.1,1273.8
SYN002323,Fonte,Fonte grise,200,92.2,1967,-2040.3,233.2,-2058.5,142.8
SYN002324,Fonte,Fonte ductile,150,57.0,1972,-2058.5,142.8,-2079.4,89.8
SYN002325,Ciment,Amiante-ciment,500,40.7,1978,3965.8,-2551.9,4005.4,-2561.2
SYN002326,Fonte,Fonte grise,150,36.4,1965,2413.0,3994.3,2430.7,3962.5
SYN002327,Fonte,Fonte grise,100,292.9,1964,2430.7,3962.5,2461.5,4253.8
SYN002328,Plastique,PVC collé,50,27.1,1979,2461.5,4253.8,2434.4,4255.3
SYN002329,Fonte,Fonte ductile,100,60.9,1971,2434.4,4255.3,2375.0,4268.7
SYN002330,Plastique,PVC collé,250,112.4,1963,2375.0,4268.7,2269.0,4306.1
SYN002331,Fonte,Fonte ductile,250,249.3,2012,1680.6,-611.0,1707.1,-858.9
SYN002332,Plastique,PEHD,150,20.8,2016,1707.1,-858.9,1692.9,-843.7
SYN002333,Fonte,Fonte grise,250,113.8,1931,1692.9,-843.7,1670.5,-732.1
SYN002334,Fonte,Fonte ductile,80,20.4,1995,1670.5,-732.1,1661.8,-713.7
SYN002335,Plastique,PVC,40,148.8,2020,1661.8,-713.7,1781.1,-624.7
SYN002336,Plastique,PEHD,100,31.8,2022,1781.1,-624.7,1801.6,-649.1
SYN002337,Fonte,Fonte ductile,80,77.6,2001,284.0,-1499.1,283.9,-1421.5
SYN002338,Plastique,PVC collé,250,56.0,1972,-2606.1,-3740.5,-2652.2,-3708.8
SYN002339,Fonte,Fonte grise,100,339.9,1933,1552.2,-209.4,1542.7,130.4
SYN002340,Fonte,Fonte grise,200,70.1,1935,1542.7,130.4,1580.7,71.5
SYN002341,Fonte,Fonte grise,600,42.0,1973,1580.7,71.5,1545.0,93.6
SYN002342,Plastique,PVC,600,44.2,1982,1545.0,93.6,1532.4,135.9
SYN002343,Fonte,Fonte ductile,150,50.3,1978,-3766.0,-2495.7,-3781.7,-2447.9
SYN002344,Plastique,PVC,40,34.8,2009,-3781.7,-2447.9,-3800.0,-2418.3
SYN002345,Fonte,Fonte grise,125,143.9,1959,-3800.0,-2418.3,-3768.9,-2277.8
SYN002346,Plastique,PEHD,250,105.7,2004,-3768.9,-2277.8,-3735.8,-2177.4
SYN002347,Plastique,PEHD,80,134.5,2024,1753.5,-2256.9,1856.5,-2170.5
SYN002348,Fonte,Fonte grise,80,326.1,1954,1856.5,-2170.5,1543.2,-2080.1
SYN002349,Fonte,Fonte grise,600,74.4,1945,-1968.0,3096.8,-1966.1,3171.1
SYN002350,Fonte,Fonte grise,32,27.4,1971,-1966.1,3171.1,-1987.6,3154.2
SYN002351,Plastique,PEHD,63,82.5,2024,-1928.9,3468.3,-1853.8,3502.5
SYN002352,Fonte,Fonte ductile,200,29.0,1975,1942.4,1492.4,1968.1,1478.8
SYN002353,Plastique,PVC collé,32,124.7,1984,-248.6,-3623.1,-211.4,-3742.1
SYN002354,Fonte,Fonte ductile,300,68.9,1997,-2597.1,-1795.8,-2665.5,-1787.4
SYN002355,Plastique,PVC,150,13.3,1993,-2665.5,-1787.4,-2669.4,-1774.7
SYN002356,Fonte,Fonte ductile,150,239.6,1996,-2669.4,-1774.7,-2887.5,-1873.9
SYN002357,Fonte,Fonte ductile,250,58.9,1994,-2887.5,-1873.9,-2828.6,-1873.9
SYN002358,Ciment,Amiante-ciment,80,79.1,1966,20.4,-2332.9,-19.7,-2401.1
SYN002359,Fonte,Fonte grise,150,79.1,1957,-19.7,-2401.1,-98.3,-2410.4
SYN002360,Plastique,PEHD,200,96.2,2000,-98.3,-2410.4,-2.6,-2419.8
SYN002361,Fonte,Fonte grise,80,172.6,1973,-2061.7,3282.3,-2215.8,3360.1
SYN002362,Fonte,Fonte ductile,40,113.8,1990,-3223.6,2718.3,-3332.0,2683.7
SYN002363,Plastique,PEHD,100,67.9,2008,2952.9,-3882.9,3014.0,-3853.3
SYN002364,Plastique,PVC collé,200,21.1,1960,3014.0,-3853.3,2993.5,-3848.1
SYN002365,Plastique,PVC,32,205.8,1981,2993.5,-3848.1,3169.1,-3740.8
SYN002366,Fonte,Fonte ductile,600,36.7,1999,2453.3,-3359.5,2488.2,-3370.8
SYN002367,Fonte,Fonte ductile,150,91.3,1987,2488.2,-3370.8,2538.0,-3447.3
SYN002368,Fonte,Fonte ductile,150,54.4,1990,3940.3,-3393.1,3972.6,-3349.4
SYN002369,Plastique,PVC collé,250,40.6,1969,1469.2,-3596.3,1429.3,-3588.9
SYN002370,Fonte,Fonte ductile,50,54.9,1983,1408.3,-295.4,1378.8,-249.0
SYN002371,Fonte,Fonte ductile,100,31.1,1999,1378.8,-249.0,1351.0,-235.1
SYN002372,Fonte,Fonte ductile,250,49.5,2007,1351.0,-235.1,1369.1,-189.0
SYN002373,Fonte,Fonte ductile,250,44.9,1999,-511.0,-690.8,-555.0,-682.0
SYN002374,Fonte,Fonte ductile,200,18.1,1987,3651.7,1638.2,3667.4,1647.1
SYN002375,Fonte,Fonte grise,125,71.4,1932,1624.2,742.0,1583.8,683.0
SYN002376,Plastique,PEHD,50,23.0,2023,1583.8,683.0,1563.9,671.5
SYN002377,Plastique,PVC collé,32,51.2,1965,1563.9,671.5,1523.9,639.6
SYN002378,Fonte,Fonte grise,40,43.9,1974,2233.0,1965.7,2189.1,1965.4
SYN002379,Plastique,PVC,150,111.9,1989,2189.1,1965.4,2300.8,1971.9
SYN002380,Plastique,PEHD,80,37.5,2006,2300.8,1971.9,2338.3,1971.7
SYN002381,Fonte,Fonte ductile,80,39.2,1974,2338.3,1971.7,2368.9,1947.2
SYN002382,Fonte,Fonte grise,125,44.4,1940,-765.4,2096.2,-751.7,2138.5
SYN002383,Fonte,Fonte grise,250,34.9,1946,-751.7,2138.5,-717.8,2146.6
SYN002384,Fonte,Fonte grise,150,36.8,1960,-717.8,2146.6,-742.8,2173.5
SYN002385,Plastique,PVC,250,65.5,2013,-742.8,2173.5,-716.1,2113.7
SYN002386,Ciment,Amiante-ciment,40,23.2,1966,-716.1,2113.7,-692.9,2113.6
SYN002387,Fonte,Fonte grise,63,141.9,1972,-692.9,2113.6,-777.4,2227.6
SYN002388,Plastique,PVC,125,174.7,2005,-777.4,2227.6,-679.8,2082.7
SYN002389,Fonte,Fonte grise,80,51.5,1931,-144.9,3853.8,-194.2,3839.2
SYN002390,Plastique,PVC collé,250,69.1,1976,-194.2,3839.2,-258.8,3814.5
SYN002391,Plastique,PVC,100,74.8,1981,-258.8,3814.5,-252.4,3740.0
SYN002392,Fonte,Fonte ductile,80,37.2,1979,-252.4,3740.0,-217.1,3728.3
SYN002393,Fonte,Fonte grise,150,132.2,1959,-217.1,3728.3,-338.8,3780.0
SYN002394,Plastique,PVC collé,250,198.1,1970,-338.8,3780.0,-535.6,3803.1
SYN002395,Ciment,Amiante-ciment,32,43.7,1964,-2985.8,-1391.1,-2984.2,-1434.8
SYN002396,Fonte,Fonte ductile,600,123.7,1989,-2984.2,-1434.8,-3015.8,-1554.4
SYN002397,Fonte,Fonte grise,250,54.0,1946,-3015.8,-1554.4,-3030.7,-1502.5
SYN002398,Fonte,Fonte grise,100,72.0,1959,-2190.6,2621.7,-2133.6,2665.7
SYN002399,Plastique,PVC collé,100,10.4,1970,-2133.6,2665.7,-2130.7,2675.7
SYN002400,Plastique,PVC collé,80,108.4,1981,-2130.7,2675.7,-2045.6,2608.5
SYN002401,Plastique,PVC,63,77.9,1999,-1296.9,-1963.7,-1327.5,-1892.1
SYN002402,Plastique,PVC,125,56.0,2009,1553.6,3896.4,1564.9,3841.6
SYN002403,Plastique,PEHD,250,50.1,2000,1564.9,3841.6,1588.2,3797.3
SYN002404,Plastique,PEHD,200,37.3,1995,1588.2,3797.3,1605.0,3763.9
SYN002405,Fonte,Fonte ductile,300,122.9,2009,1605.0,3763.9,1515.3,3679.9
SYN002406,Plastique,PVC collé,40,161.5,1971,22.4,-996.1,-58.8,-1135.8
SYN002407,Fonte,Fonte ductile,100,63.6,1987,-58.8,-1135.8,4.6,-1141.4
SYN002408,Fonte,Fonte ductile,250,49.7,1986,4.6,-1141.4,-1.9,-1190.7
SYN002409,Acier,Acier,200,97.9,1987,-1.9,-1190.7,-95.2,-1220.2
SYN002410,Plastique,PVC,100,36.6,2016,-95.2,-1220.2,-91.7,-1256.7
SYN002411,Ciment,Amiante-ciment,150,79.0,1962,-91.7,-1256.7,-170.3,-1248.9
SYN002412,Fonte,Fonte ductile,250,147.8,1996,-170.3,-1248.9,-33.4,-1193.2
SYN002413,Plastique,PVC collé,150,18.0,1966,-33.4,-1193.2,-17.3,-1185.0
SYN002414,Fonte,Fonte ductile,150,125.9,2007,-17.3,-1185.0,84.0,-1259.7
SYN002415,Fonte,Fonte grise,80,48.5,1932,84.0,-1259.7,44.8,-1231.1
SYN002416,Fonte,Fonte ductile,250,20.3,2008,44.8,-1231.1,60.8,-1243.7
SYN002417,Plastique,PVC collé,125,144.0,1985,-25.6,-1546.3,-7.0,-1403.5
SYN002418,Fonte,Fonte grise,600,18.3,1942,-7.0,-1403.5,8.7,-1394.0
SYN002419,Acier,Acier,150,65.6,1955,8.7,-1394.0,10.7,-1459.6
SYN002420,Fonte,Fonte grise,80,20.9,1953,10.7,-1459.6,1.6,-1478.4
SYN002421,Fonte,Fonte grise,500,111.4,1932,1.6,-1478.4,-70.6,-1563.3
SYN002422,Plastique,PVC,250,33.4,1983,1632.1,-2798.6,1661.0,-2782.0
SYN002423,Fonte,Fonte grise,80,173.9,1946,1661.0,-2782.0,1834.3,-2767.4
SYN002424,Plastique,PEHD,500,32.0,2004,3849.7,-3757.1,3817.7,-3758.1
SYN002425,Plastique,PVC,100,8.7,2015,1663.5,-1660.4,1659.3,-1652.7
SYN002426,Fonte,Fonte grise,250,24.8,1947,1659.3,-1652.7,1661.2,-1628.0
SYN002427,Plastique,PVC,80,10.6,2008,1661.2,-1628.0,1671.5,-1630.6
SYN002428,Plastique,PVC collé,80,199.9,1967,1671.5,-1630.6,1561.2,-1463.9
SYN002429,Plastique,PVC,150,156.9,2004,1561.2,-1463.9,1454.3,-1578.7
SYN002430,Plastique,PEHD,200,35.5,1996,980.5,2234.2,962.2,2203.8
SYN002431,Plastique,PVC,200,31.4,2003,962.2,2203.8,986.2,2224.0
SYN002432,Plastique,PVC collé,80,43.8,1978,986.2,2224.0,1015.7,2256.4
SYN002433,Fonte,Fonte ductile,400,125.9,1973,1015.7,2256.4,1091.7,2356.8
SYN002434,Plastique,PVC,125,402.9,2011,1091.7,2356.8,897.4,2003.8
SYN002435,Acier,Acier,125,119.0,1965,897.4,2003.8,958.2,1901.6
SYN002436,Plastique,PVC collé,200,184.3,1967,-1642.1,2277.5,-1600.6,2098.0
SYN002437,Plastique,PVC collé,100,22.7,1973,-1600.6,2098.0,-1581.2,2109.8
SYN002438,Fonte,Fonte ductile,50,14.0,1976,-2042.7,87.7,-2051.1,76.5
SYN002439,Plastique,PVC,500,60.0,2009,-2051.1,76.5,-2005.3,115.3
SYN002440,Ciment,Amiante-ciment,500,14.7,1979,-2005.3,115.3,-2016.4,124.9
SYN002441,Fonte,Fonte grise,150,31.4,1936,-974.7,-1830.5,-944.6,-1839.3
SYN002442,Fonte,Fonte grise,150,40.5,1951,-944.6,-1839.3,-933.1,-1878.2
SYN002443,Plastique,PVC collé,80,31.8,1962,-933.1,-1878.2,-919.0,-1849.7
SYN002444,Fonte,Fonte ductile,600,53.0,2006,-919.0,-1849.7,-872.3,-1824.5
SYN002445,Plastique,PVC collé,150,38.8,1983,-872.3,-1824.5,-892.5,-1791.4
SYN002446,Fonte,Fonte grise,150,38.7,1952,-892.5,-1791.4,-931.1,-1789.2
SYN002447,Fonte,Fonte ductile,50,75.9,1997,-931.1,-1789.2,-1005.7,-1803.6
SYN002448,Plastique,PVC collé,150,146.5,1964,-1005.7,-1803.6,-1087.0,-1925.5
SYN002449,Plastique,PVC collé,80,39.2,1967,-1087.0,-1925.5,-1053.2,-1945.4
SYN002450,Plastique,PVC collé,250,203.8,1972,-1053.2,-1945.4,-1253.0,-1985.7
SYN002451,Plastique,PVC,125,22.8,1984,-1253.0,-1985.7,-1259.9,-2007.4
SYN002452,Plastique,PVC collé,200,50.0,1979,2769.8,2537.1,2732.0,2504.4
SYN002453,Plastique,PVC,50,87.0,2017,2732.0,2504.4,2679.4,2435.1
SYN002454,Plastique,PVC collé,100,133.4,1974,2679.4,2435.1,2619.1,2316.1
SYN002455,Plastique,PVC collé,125,40.7,1966,2619.1,2316.1,2579.6,2325.8
SYN002456,Plastique,PVC collé,40,34.4,1963,3154.7,2074.0,3189.1,2072.3
SYN002457,Fonte,Fonte grise,200,72.0,1965,3189.1,2072.3,3261.1,2071.4
SYN002458,Fonte,Fonte ductile,125,41.3,1986,3860.9,-2848.8,3823.0,-2832.3
SYN002459,Plastique,PVC collé,80,98.1,1979,3823.0,-2832.3,3921.1,-2830.6
SYN002460,Plastique,PEHD,150,15.3,2014,3921.1,-2830.6,3936.2,-2827.9
SYN002461,Plastique,PVC,150,103.7,2004,-2056.6,1156.6,-2091.7,1059.0
SYN002462,Fonte,Fonte grise,150,95.8,1956,-2091.7,1059.0,-2187.3,1064.5
SYN002463,Plastique,PVC collé,125,27.2,1979,-2187.3,1064.5,-2169.1,1084.6
SYN002464,Fonte,Fonte ductile,150,26.2,1994,998.8,-3608.8,1022.9,-3619.0
SYN002465,Plastique,PVC,150,95.5,2010,542.8,3353.4,621.5,3299.3
SYN002466,Plastique,PEHD,400,28.3,2013,621.5,3299.3,645.2,3283.9
SYN002467,Plastique,PVC collé,150,68.6,1968,645.2,3283.9,650.7,3215.5
SYN002468,Plastique,PVC collé,100,56.7,1971,650.7,3215.5,676.1,3164.9
SYN002469,Fonte,Fonte ductile,125,136.2,1976,-116.2,59.5,-162.2,187.7
SYN002470,Fonte,Fonte ductile,100,76.3,2005,-162.2,187.7,-123.1,253.2
SYN002471,Plastique,PEHD,80,37.8,2006,-123.1,253.2,-117.0,215.9
SYN002472,Plastique,PVC,80,74.2,1987,-117.0,215.9,-175.2,262.0
SYN002473,Fonte,Fonte ductile,63,23.8,2006,-175.2,262.0,-167.2,239.5
SYN002474,Fonte,Fonte ductile,250,47.2,1981,-3284.2,-3137.9,-3326.4,-3158.9
SYN002475,Fonte,Fonte grise,500,86.4,1958,-3326.4,-3158.9,-3410.7,-3139.8
SYN002476,Fonte,Fonte grise,50,109.6,1973,1508.1,-3544.3,1426.2,-3617.1
SYN002477,Fonte,Fonte grise,80,59.0,1971,1426.2,-3617.1,1368.5,-3629.3
SYN002478,Fonte,Fonte ductile,200,13.7,1997,1368.5,-3629.3,1371.6,-3642.6
SYN002479,Acier,Acier,100,25.3,1987,1371.6,-3642.6,1394.1,-3631.1
SYN002480,Fonte,Fonte ductile,250,62.5,1976,2349.0,3974.7,2411.4,3978.9
SYN002481,Fonte,Fonte ductile,250,168.5,1995,2411.4,3978.9,2255.1,4041.9
SYN002482,Fonte,Fonte grise,125,86.7,1941,-386.6,1781.7,-376.6,1695.6
SYN002483,Fonte,Fonte ductile,32,21.6,2009,-545.9,-1859.1,-534.9,-1840.5
SYN002484,Plastique,PEHD,200,309.8,2003,-534.9,-1840.5,-225.3,-1851.5
SYN002485,Fonte,Fonte ductile,80,156.8,1991,-1849.2,-2839.2,-1933.4,-2706.9
SYN002486,Plastique,PVC,150,45.1,1981,-1933.4,-2706.9,-1974.0,-2726.5
SYN002487,Plastique,PEHD,150,16.9,1997,-3323.0,2871.7,-3307.3,2865.5
SYN002488,Fonte,Fonte grise,100,244.8,1931,3292.8,-942.9,3406.1,-1159.8
SYN002489,Plastique,PVC collé,80,241.2,1981,2786.0,1058.9,2812.9,819.2
SYN002490,Acier,Acier,250,25.4,1969,2812.9,819.2,2832.1,802.5
SYN002491,Fonte,Fonte ductile,200,67.8,1973,2832.1,802.5,2899.6,807.9
SYN002492,Fonte,Fonte grise,600,65.2,1974,2899.6,807.9,2955.4,841.8
SYN002493,Acier,Acier,500,32.0,1963,-2804.2,-3671.1,-2789.6,-3699.6
SYN002494,Plastique,PEHD,32,29.9,2002,-2789.6,-3699.6,-2819.4,-3697.2
SYN002495,Plastique,PVC collé,125,122.3,1985,-2819.4,-3697.2,-2924.4,-3634.4
SYN002496,Plastique,PVC collé,150,75.5,1978,-2924.4,-3634.4,-2849.5,-3625.0
SYN002497,Fonte,Fonte grise,150,53.6,1952,2042.3,-2391.2,2061.5,-2341.1
SYN002498,Plastique,PEHD,200,46.1,2023,64.1,-2468.5,50.5,-2424.4
SYN002499,Fonte,Fonte ductile,300,132.2,2010,50.5,-2424.4,115.0,-2539.8
SYN002500,Fonte,Fonte grise,200,73.3,1965,115.0,-2539.8,68.9,-2482.8
SYN002501,Plastique,PVC,32,38.1,2010,68.9,-2482.8,96.0,-2456.0
SYN002502,Acier,Acier,250,165.5,1950,96.0,-2456.0,183.7,-2596.3
SYN002503,Plastique,PEHD,150,52.8,2001,-3627.0,487.6,-3575.5,475.7
SYN002504,Fonte,Fonte ductile,80,19.9,2001,-3575.5,475.7,-3569.9,456.6
SYN002505,Fonte,Fonte grise,80,31.0,1957,-3569.9,456.6,-3544.3,474.0
SYN002506,Acier,Acier,150,94.2,1952,-917.7,-3865.7,-939.9,-3774.1
SYN002507,Acier,Acier,100,25.4,1959,-939.9,-3774.1,-960.7,-3759.6
SYN002508,Plastique,PVC collé,63,127.5,1979,-960.7,-3759.6,-1077.0,-3811.9
SYN002509,Plastique,PVC collé,40,25.8,1967,-1660.6,-1630.7,-1634.8,-1631.6
SYN002510,Fonte,Fonte ductile,80,41.5,1993,-1634.8,-1631.6,-1674.4,-1643.9
SYN002511,Fonte,Fonte ductile,200,41.0,2013,-1674.4,-1643.9,-1662.1,-1683.0
SYN002512,Fonte,Fonte grise,400,46.1,1958,-1662.1,-1683.0,-1694.8,-1650.4
SYN002513,Fonte,Fonte grise,100,81.2,1935,-1694.8,-1650.4,-1626.9,-1605.8
SYN002514,Fonte,Fonte ductile,250,194.8,1976,1751.0,-3226.0,1558.0,-3252.1
SYN002515,Plastique,PEHD,150,324.1,2002,3745.0,-1751.4,4037.6,-1612.1
SYN002516,Fonte,Fonte grise,63,38.9,1963,4037.6,-1612.1,4004.1,-1631.7
SYN002517,Fonte,Fonte ductile,50,43.6,1979,4004.1,-1631.7,3995.0,-1589.0
SYN002518,Plastique,PVC collé,250,26.6,1977,-644.1,-3656.7,-647.4,-3630.3
SYN002519,Fonte,Fonte grise,250,93.8,1959,-647.4,-3630.3,-692.8,-3548.2
SYN002520,Fonte,Fonte grise,250,18.8,1937,-946.1,-3319.6,-931.1,-3308.2
SYN002521,Plastique,PVC collé,250,138.0,1960,-931.1,-3308.2,-1046.7,-3383.7
SYN002522,Fonte,Fonte ductile,63,74.9,2010,-1046.7,-3383.7,-977.7,-3354.6
SYN002523,Plastique,PVC collé,250,220.5,1981,-977.7,-3354.6,-959.5,-3134.8
SYN002524,Plastique,PEHD,63,52.8,2019,-959.5,-3134.8,-995.0,-3095.7
SYN002525,Fonte,Fonte grise,600,7.7,1930,70.6,390.3,72.8,382.9
SYN002526,Plastique,PEHD,40,22.8,1999,72.8,382.9,65.8,361.3
SYN002527,Plastique,PEHD,100,37.8,2017,65.8,361.3,52.1,326.0
SYN002528,Plastique,PEHD,125,90.5,2019,-1173.2,-1934.5,-1176.7,-2025.0
SYN002529,Plastique,PVC collé,100,161.3,1970,-3760.1,1812.4,-3913.1,1761.4
SYN002530,Plastique,PVC collé,400,157.6,1981,-3913.1,1761.4,-3809.9,1880.6
SYN002531,Plastique,PVC collé,150,212.4,1965,-3809.9,1880.6,-3692.8,2057.7
SYN002532,Plastique,PVC,400,50.0,2018,556.2,-2041.3,601.5,-2020.3
SYN002533,Fonte,Fonte grise,80,18.5,1955,601.5,-2020.3,616.1,-2031.6
SYN002534,Acier,Acier,250,76.2,1963,616.1,-2031.6,635.9,-2105.2
SYN002535,Plastique,PVC collé,250,57.4,1985,635.9,-2105.2,612.0,-2053.0
SYN002536,Plastique,PVC,200,124.8,2011,-3338.4,-530.6,-3348.2,-406.2
SYN002537,Fonte,Fonte ductile,500,44.0,1971,-1705.7,-778.5,-1688.3,-738.1
SYN002538,Fonte,Fonte grise,50,17.9,1964,2758.1,1961.8,2740.4,1959.7
SYN002539,Fonte,Fonte ductile,80,8.1,1973,2740.4,1959.7,2746.5,1965.0
SYN002540,Fonte,Fonte ductile,200,88.0,2012,2746.5,1965.0,2802.7,2032.7
SYN002541,Fonte,Fonte ductile,200,250.0,1972,2802.7,2032.7,3052.6,2023.9
SYN002542,Fonte,Fonte ductile,200,280.0,1979,3052.6,2023.9,2924.6,2273.0
SYN002543,Fonte,Fonte ductile,200,14.5,1981,2924.6,2273.0,2935.2,2282.8
SYN002544,Plastique,PVC collé,200,51.4,1970,2935.2,2282.8,2924.9,2333.1
SYN002545,Fonte,Fonte ductile,125,61.8,1976,1940.4,-3916.7,1984.1,-3873.0
SYN002546,Acier,Acier,250,10.8,1973,1984.1,-3873.0,1994.7,-3871.1
SYN002547,Fonte,Fonte grise,600,53.5,1949,1994.7,-3871.1,2038.1,-3902.4
SYN002548,Fonte,Fonte ductile,150,11.2,2013,2038.1,-3902.4,2027.1,-3904.4
SYN002549,Fonte,Fonte ductile,300,24.6,2001,2027.1,-3904.4,2051.7,-3902.8
SYN002550,Plastique,PVC collé,40,42.9,1966,-567.0,-811.0,-600.6,-784.4
SYN002551,Fonte,Fonte ductile,125,73.8,1998,-600.6,-784.4,-630.8,-717.1
SYN002552,Plastique,PVC collé,200,119.3,1960,2919.5,3421.1,3019.7,3356.3
SYN002553,Acier,Acier,250,135.1,1965,3019.7,3356.3,2918.5,3445.8
SYN002554,Fonte,Fonte ductile,63,39.2,2012,-3843.3,1716.7,-3880.8,1705.3
SYN002555,Plastique,PVC,80,34.4,1991,52.1,-3523.2,58.6,-3489.5
SYN002556,Fonte,Fonte grise,250,55.0,1938,-3784.9,2634.8,-3752.3,2679.0
SYN002557,Fonte,Fonte ductile,125,67.9,1981,-3752.3,2679.0,-3684.4,2679.6
SYN002558,Fonte,Fonte ductile,150,61.3,1975,-3684.4,2679.6,-3623.1,2680.1
SYN002559,Fonte,Fonte grise,150,58.9,1959,-3623.1,2680.1,-3667.6,2641.5
SYN002560,Plastique,PVC collé,150,117.6,1966,678.9,221.1,792.6,251.1
SYN002561,Plastique,PVC,80,44.2,2019,792.6,251.1,828.8,225.7
SYN002562,Plastique,PVC,150,187.4,2017,828.8,225.7,653.8,292.6
SYN002563,Fonte,Fonte ductile,500,89.4,1998,-26.9,-630.2,-34.3,-719.3
SYN002564,Plastique,PVC collé,250,32.6,1984,-34.3,-719.3,-23.7,-750.1
SYN002565,Fonte,Fonte ductile,80,84.9,1971,-23.7,-750.1,-91.7,-800.9
SYN002566,Fonte,Fonte grise,50,28.8,1959,363.2,-1216.8,386.8,-1233.4
SYN002567,Fonte,Fonte grise,250,275.0,1952,386.8,-1233.4,544.0,-1459.0
SYN002568,Plastique,PVC collé,100,239.2,1960,-71.6,-2038.3,-180.7,-1825.4
SYN002569,Ciment,Amiante-ciment,63,123.4,1956,1834.6,1888.6,1767.2,1785.3
SYN002570,Fonte,Fonte grise,80,29.6,1932,1767.2,1785.3,1738.7,1777.2
SYN002571,Plastique,PVC collé,150,46.5,1966,1738.7,1777.2,1774.3,1747.3
SYN002572,Plastique,PVC,150,42.8,1994,-144.1,-3834.9,-123.2,-3797.5
SYN002573,Plastique,PEHD,100,16.5,2014,-123.2,-3797.5,-139.7,-3797.0
SYN002574,Plastique,PVC collé,80,95.1,1972,-139.7,-3797.0,-133.5,-3702.1
SYN002575,Plastique,PVC collé,200,29.8,1982,-133.5,-3702.1,-150.5,-3677.7
SYN002576,Plastique,PVC,150,93.7,1992,-150.5,-3677.7,-57.3,-3667.7
SYN002577,Plastique,PEHD,250,19.3,2004,-3515.2,-1833.0,-3525.5,-1849.4
SYN002578,Fonte,Fonte grise,200,41.0,1975,-3525.5,-1849.4,-3520.7,-1808.7
SYN002579,Acier,Acier,50,261.4,1986,-3520.7,-1808.7,-3469.7,-2065.0
SYN002580,Fonte,Fonte grise,250,53.6,1974,-3469.7,-2065.0,-3509.0,-2101.4
SYN002581,Plastique,PEHD,150,6.0,2015,-3509.0,-2101.4,-3514.6,-2103.6
SYN002582,Fonte,Fonte grise,40,41.3,1955,-3514.6,-2103.6,-3546.9,-2129.3
SYN002583,Fonte,Fonte grise,100,115.8,1946,-3794.1,352.3,-3773.1,238.4
SYN002584,Fonte,Fonte grise,150,27.0,1950,-3773.1,238.4,-3767.6,212.0
SYN002585,Fonte,Fonte ductile,100,29.1,1972,-3767.6,212.0,-3745.1,230.5
SYN002586,Fonte,Fonte ductile,125,40.6,1998,-3745.1,230.5,-3742.7,271.0
SYN002587,Fonte,Fonte grise,100,32.7,1950,-3269.9,2545.1,-3295.1,2524.3
SYN002588,Fonte,Fonte ductile,50,40.1,1999,-3295.1,2524.3,-3335.2,2524.5
SYN002589,Fonte,Fonte ductile,125,63.3,1997,-3335.2,2524.5,-3276.0,2502.1
SYN002590,Plastique,PVC,200,26.0,2010,-631.3,-1073.6,-629.8,-1047.6
SYN002591,Plastique,PEHD,200,36.3,1999,-629.8,-1047.6,-665.2,-1056.0
SYN002592,Plastique,PVC collé,100,31.1,1981,3576.2,-2571.8,3582.1,-2602.4
SYN002593,Fonte,Fonte grise,80,56.7,1936,3582.1,-2602.4,3545.3,-2559.3
SYN002594,Fonte,Fonte ductile,32,51.9,1991,3545.3,-2559.3,3584.8,-2593.0
SYN002595,Plastique,PEHD,50,36.8,2001,3584.8,-2593.0,3611.5,-2618.2
SYN002596,Fonte,Fonte grise,150,62.6,1932,3611.5,-2618.2,3582.1,-2673.5
SYN002597,Fonte,Fonte ductile,100,38.8,1975,3582.1,-2673.5,3549.2,-2694.0
SYN002598,Acier,Acier,63,316.5,1983,3549.2,-2694.0,3282.3,-2523.9
SYN002599,Acier,Acier,250,65.6,1950,3282.3,-2523.9,3314.3,-2466.6
SYN002600,Fonte,Fonte ductile,50,142.6,1995,2848.4,-3440.2,2706.5,-3426.0
SYN002601,Plastique,PVC collé,500,138.7,1975,2706.5,-3426.0,2838.2,-3382.5
SYN002602,Fonte,Fonte ductile,150,34.0,2015,-2865.6,-199.6,-2839.8,-177.4
SYN002603,Plastique,PVC,150,53.2,2001,-2839.8,-177.4,-2856.1,-228.1
SYN002604,Fonte,Fonte grise,80,51.9,1948,-2856.1,-228.1,-2897.0,-259.9
SYN002605,Fonte,Fonte grise,500,111.0,1943,-2897.0,-259.9,-2793.9,-300.9
SYN002606,Plastique,PVC collé,80,132.0,1963,-2793.9,-300.9,-2851.9,-419.5
SYN002607,Fonte,Fonte ductile,600,37.3,2008,1678.6,-698.9,1643.7,-711.9
SYN002608,Plastique,PVC collé,250,115.2,1965,-2567.6,3202.8,-2496.7,3293.6
SYN002609,Fonte,Fonte ductile,250,50.3,1982,2970.8,1989.4,2997.0,2032.4
SYN002610,Plastique,PEHD,150,29.3,2008,2997.0,2032.4,3005.8,2004.4
SYN002611,Plastique,PEHD,50,148.5,2017,3005.8,2004.4,3050.0,2146.2
SYN002612,Fonte,Fonte ductile,40,204.8,1972,735.0,-915.0,797.7,-720.0
SYN002613,Plastique,PVC,200,110.2,2007,797.7,-720.0,738.3,-627.2
SYN002614,Fonte,Fonte ductile,150,34.2,1982,738.3,-627.2,704.4,-623.2
SYN002615,Fonte,Fonte ductile,100,17.3,2014,704.4,-623.2,714.5,-637.3
SYN002616,Fonte,Fonte grise,150,107.3,1965,714.5,-637.3,620.0,-586.5
SYN002617,Plastique,PEHD,250,90.5,2000,620.0,-586.5,613.1,-496.3
SYN002618,Plastique,PEHD,200,51.6,2009,613.1,-496.3,664.3,-490.0
SYN002619,Plastique,PEHD,250,73.6,2013,478.7,-87.8,465.7,-160.3
SYN002620,Plastique,PEHD,600,107.2,1995,465.7,-160.3,572.3,-148.5
SYN002621,Acier,Acier,100,29.6,1955,-771.3,355.2,-743.0,346.7
SYN002622,Fonte,Fonte ductile,250,133.2,1980,-743.0,346.7,-804.1,228.3
SYN002623,Acier,Acier,150,210.7,1951,-804.1,228.3,-866.7,27.1
SYN002624,Plastique,PVC collé,200,60.9,1984,-866.7,27.1,-887.9,-30.0
SYN002625,Fonte,Fonte ductile,600,240.9,1981,-887.9,-30.0,-1084.0,109.9
SYN002626,Plastique,PVC collé,200,88.3,1960,-1084.0,109.9,-995.9,104.7
SYN002627,Fonte,Fonte ductile,200,46.6,1995,-995.9,104.7,-975.9,146.8
SYN002628,Fonte,Fonte ductile,125,75.3,2007,-2667.1,3082.4,-2672.8,3007.3
SYN002629,Fonte,Fonte ductile,125,15.2,1984,-2672.8,3007.3,-2658.5,3002.3
SYN002630,Fonte,Fonte grise,125,153.0,1952,-2658.5,3002.3,-2542.7,2902.3
SYN002631,Fonte,Fonte ductile,80,56.4,1971,-2542.7,2902.3,-2491.2,2879.2
SYN002632,Plastique,PEHD,80,38.4,2012,-2491.2,2879.2,-2524.5,2860.1
SYN002633,Plastique,PVC collé,500,105.6,1978,-2524.5,2860.1,-2585.7,2774.0
SYN002634,Plastique,PVC collé,200,88.5,1982,-2585.7,2774.0,-2613.2,2858.2
SYN002635,Fonte,Fonte ductile,100,58.2,1991,-2613.2,2858.2,-2619.1,2916.1
SYN002636,Fonte,Fonte ductile,125,31.9,1989,-61.2,-2231.5,-38.0,-2209.6
SYN002637,Fonte,Fonte grise,80,43.2,1957,-3632.7,-1603.1,-3592.6,-1619.2
SYN002638,Plastique,PEHD,80,89.5,2022,-3592.6,-1619.2,-3550.7,-1698.3
SYN002639,Fonte,Fonte grise,200,86.1,1955,-3550.7,-1698.3,-3530.6,-1614.6
SYN002640,Plastique,PVC,125,12.4,2004,2890.0,3013.1,2879.1,3007.2
SYN002641,Plastique,PVC,100,18.3,1990,2879.1,3007.2,2869.9,2991.4
SYN002642,Plastique,PVC collé,125,27.9,1974,2869.9,2991.4,2892.0,2974.5
SYN002643,Plastique,PEHD,125,40.8,1997,2892.0,2974.5,2875.7,2937.1
SYN002644,Fonte,Fonte ductile,50,57.3,1984,2875.7,2937.1,2903.4,2886.9
SYN002645,Plastique,PEHD,125,255.3,2012,2903.4,2886.9,3131.0,3002.4
SYN002646,Plastique,PVC,200,88.1,2000,3131.0,3002.4,3208.9,3043.6
SYN002647,Plastique,PVC,150,47.4,2020,3208.9,3043.6,3215.2,3090.5
SYN002648,Plastique,PVC collé,200,165.7,1977,3215.2,3090.5,3110.1,2962.4
SYN002649,Plastique,PEHD,200,21.3,2021,3110.1,2962.4,3131.4,2963.6
SYN002650,Ciment,Amiante-ciment,250,87.6,1975,3131.4,2963.6,3161.3,3045.9
SYN002651,Fonte,Fonte ductile,600,43.0,1993,3161.3,3045.9,3138.4,3082.3
SYN002652,Plastique,PEHD,32,64.8,2000,3138.4,3082.3,3196.5,3053.7
SYN002653,Plastique,PVC,125,42.8,2001,3196.5,3053.7,3154.9,3043.6
SYN002654,Fonte,Fonte ductile,125,38.9,2001,3154.9,3043.6,3143.1,3006.6
SYN002655,Acier,Acier,400,26.2,1968,-989.6,-2872.8,-977.7,-2849.4
SYN002656,Fonte,Fonte ductile,200,147.8,1978,3599.4,-2806.1,3451.6,-2804.9
SYN002657,Plastique,PVC collé,80,66.4,1981,-2522.7,2184.5,-2521.2,2118.1
SYN002658,Fonte,Fonte grise,400,91.0,1963,2030.7,1857.2,1951.6,1902.3
SYN002659,Fonte,Fonte ductile,125,11.5,1981,1951.6,1902.3,1952.4,1913.7
SYN002660,Plastique,PEHD,250,50.3,2000,3422.6,-30.0,3466.2,-55.1
SYN002661,Fonte,Fonte ductile,200,31.7,2005,3466.2,-55.1,3493.7,-39.3
SYN002662,Fonte,Fonte ductile,80,71.7,1986,-2176.3,-45.9,-2168.4,-117.1
SYN002663,Fonte,Fonte ductile,32,376.3,1980,-2168.4,-117.1,-2228.8,-488.5
SYN002664,Fonte,Fonte ductile,100,36.2,1975,-1269.3,287.4,-1268.7,251.2
SYN002665,Plastique,PEHD,400,139.2,2001,-1268.7,251.2,-1335.3,129.0
SYN002666,Plastique,PEHD,500,45.2,2000,2185.6,870.9,2222.4,844.6
SYN002667,Fonte,Fonte grise,600,81.9,1975,2222.4,844.6,2192.3,920.8
SYN002668,Plastique,PVC collé,200,52.8,1965,2192.3,920.8,2230.2,884.0
SYN002669,Fonte,Fonte ductile,250,155.6,2000,3097.3,812.1,3251.8,793.7
SYN002670,Plastique,PVC collé,250,45.1,1984,3251.8,793.7,3230.9,833.7
SYN002671,Fonte,Fonte ductile,100,355.9,2009,3230.9,833.7,3586.8,838.9
SYN002672,Fonte,Fonte ductile,200,59.1,1999,3586.8,838.9,3638.2,868.0
SYN002673,Fonte,Fonte ductile,150,116.7,2008,3638.2,868.0,3714.5,956.4
SYN002674,Plastique,PVC collé,250,96.0,1979,3905.5,-1116.9,3820.1,-1073.0
SYN002675,Fonte,Fonte ductile,80,337.5,1998,3820.1,-1073.0,3494.9,-982.9
SYN002676,Fonte,Fonte ductile,80,29.0,2006,3494.9,-982.9,3471.4,-965.8
SYN002677,Plastique,PEHD,150,19.0,2020,3471.4,-965.8,3477.4,-947.8
SYN002678,Plastique,PVC,600,150.5,1992,3477.4,-947.8,3544.9,-813.3
SYN002679,Fonte,Fonte ductile,150,130.9,1975,3544.9,-813.3,3561.9,-683.5
SYN002680,Plastique,PEHD,150,9.7,2004,-598.6,-3995.6,-607.9,-3998.0
SYN002681,Plastique,PEHD,250,63.2,2016,-607.9,-3998.0,-557.1,-4035.5
SYN002682,Fonte,Fonte grise,80,123.1,1952,-557.1,-4035.5,-567.0,-3912.8
SYN002683,Plastique,PVC collé,32,116.0,1960,-3845.2,-3051.7,-3768.3,-3138.6
SYN002684,Fonte,Fonte ductile,250,198.9,2009,1958.1,-3940.7,1929.3,-4137.5
SYN002685,Plastique,PVC,500,63.4,2016,1929.3,-4137.5,1915.5,-4199.4
SYN002686,Fonte,Fonte ductile,125,31.4,1990,-1115.0,-898.9,-1146.2,-896.2
SYN002687,Plastique,PVC,250,315.3,2014,-1146.2,-896.2,-840.6,-973.6
SYN002688,Fonte,Fonte ductile,250,150.4,1973,-840.6,-973.6,-727.6,-1072.9
SYN002689,Fonte,Fonte ductile,125,52.2,2005,-727.6,-1072.9,-756.7,-1029.5
SYN002690,Acier,Acier,40,17.6,1954,-756.7,-1029.5,-773.8,-1033.7
SYN002691,Fonte,Fonte ductile,150,57.6,2012,-647.6,-933.2,-632.6,-877.6
SYN002692,Plastique,PEHD,80,180.8,2004,-632.6,-877.6,-541.9,-1033.9
SYN002693,Ciment,Amiante-ciment,125,29.5,1980,3542.9,1439.0,3537.8,1468.1
SYN002694,Plastique,PEHD,125,29.5,2003,3537.8,1468.1,3525.6,1494.9
SYN002695,Fonte,Fonte grise,100,59.2,1930,3525.6,1494.9,3506.8,1551.1
SYN002696,Plastique,PEHD,250,27.8,2018,3506.8,1551.1,3534.6,1552.4
SYN002697,Fonte,Fonte grise,400,71.4,1932,3534.6,1552.4,3511.1,1619.9
SYN002698,Fonte,Fonte ductile,150,75.6,1989,-151.1,-1452.7,-85.6,-1415.0
SYN002699,Plastique,PEHD,250,24.5,2023,-1767.3,2453.4,-1772.2,2429.3
SYN002700,Plastique,PVC,80,270.7,2006,-1772.2,2429.3,-1860.1,2685.4
SYN002701,Plastique,PVC collé,125,134.4,1969,1779.5,3775.4,1913.6,3765.9
SYN002702,Fonte,Fonte ductile,250,28.8,1996,-1731.4,-3877.8,-1723.7,-3905.6
SYN002703,Plastique,PEHD,250,68.1,2018,2011.8,3435.7,2077.9,3452.1
SYN002704,Plastique,PVC,250,38.3,2010,2077.9,3452.1,2065.7,3488.4
SYN002705,Fonte,Fonte ductile,200,43.3,1970,2065.7,3488.4,2037.6,3521.3
SYN002706,Plastique,PEHD,150,31.1,1996,2037.6,3521.3,2062.7,3539.7
SYN002707,Fonte,Fonte ductile,125,42.1,1974,2062.7,3539.7,2103.5,3550.3
SYN002708,Fonte,Fonte grise,63,119.9,1974,2103.5,3550.3,2061.8,3662.8
SYN002709,Plastique,PVC collé,32,22.6,1985,2061.8,3662.8,2073.3,3643.3
SYN002710,Ciment,Amiante-ciment,80,42.1,1956,-3507.3,-3752.7,-3502.3,-3710.9
SYN002711,Fonte,Fonte ductile,80,224.8,1982,2999.6,1362.3,2893.6,1164.1
SYN002712,Fonte,Fonte ductile,125,66.6,1974,-2862.9,3183.6,-2905.6,3234.8
SYN002713,Fonte,Fonte grise,50,18.7,1938,-2905.6,3234.8,-2901.9,3216.5
SYN002714,Plastique,PEHD,150,22.6,2008,1122.3,1552.2,1144.6,1556.1
SYN002715,Fonte,Fonte ductile,80,10.9,2009,1144.6,1556.1,1149.3,1566.0
SYN002716,Fonte,Fonte ductile,250,64.1,2002,1633.7,476.3,1659.7,534.9
SYN002717,Ciment,Amiante-ciment,100,34.0,1972,1659.7,534.9,1625.8,536.8
SYN002718,Fonte,Fonte grise,100,83.1,1974,1625.8,536.8,1631.4,453.9
SYN002719,Plastique,PVC collé,125,134.2,1971,1631.4,453.9,1535.3,547.6
SYN002720,Fonte,Fonte ductile,80,27.9,1986,1535.3,547.6,1563.2,545.9
SYN002721,Plastique,PEHD,125,43.3,2007,1563.2,545.9,1544.1,584.8
SYN002722,Fonte,Fonte ductile,80,23.5,2009,-2586.0,-1889.1,-2603.1,-1873.1
SYN002723,Fonte,Fonte ductile,63,82.9,1986,-306.4,-403.2,-388.9,-395.5
SYN002724,Fonte,Fonte grise,250,247.2,1940,-388.9,-395.5,-161.2,-491.7
SYN002725,Plastique,PVC,125,185.5,2003,-161.2,-491.7,-182.2,-676.1
SYN002726,Plastique,PVC,100,164.8,1990,-182.2,-676.1,-193.1,-840.5
SYN002727,Fonte,Fonte grise,100,12.7,1939,-193.1,-840.5,-195.3,-828.0
SYN002728,Fonte,Fonte ductile,150,97.9,1977,-195.3,-828.0,-229.9,-919.5
SYN002729,Plastique,PEHD,250,59.0,1999,-229.9,-919.5,-185.8,-958.7
SYN002730,Fonte,Fonte grise,200,12.0,1945,-185.8,-958.7,-192.5,-968.6
SYN002731,Fonte,Fonte ductile,150,180.4,1981,-192.5,-968.6,-35.6,-879.5
SYN002732,Plastique,PVC collé,100,144.2,1971,-1209.2,3800.0,-1259.0,3664.7
SYN002733,Fonte,Fonte ductile,200,74.5,1971,-103.9,-1064.6,-111.6,-1138.7
SYN002734,Fonte,Fonte ductile,150,77.2,2006,-111.6,-1138.7,-99.0,-1214.9
SYN002735,Fonte,Fonte ductile,125,57.5,2000,-99.0,-1214.9,-42.0,-1207.6
SYN002736,Fonte,Fonte grise,32,220.7,1967,-42.0,-1207.6,-216.0,-1343.3
SYN002737,Plastique,PVC collé,50,52.7,1971,-216.0,-1343.3,-163.4,-1346.8
SYN002738,Plastique,PVC,80,32.9,1992,-163.4,-1346.8,-158.2,-1314.3
SYN002739,Plastique,PVC collé,150,28.6,1968,-597.7,-3831.3,-571.9,-3843.8
SYN002740,Fonte,Fonte grise,100,22.8,1939,-2888.3,-3360.4,-2891.4,-3337.8
SYN002741,Plastique,PEHD,63,68.8,2010,-1541.3,2433.6,-1481.1,2400.3
SYN002742,Fonte,Fonte grise,250,23.0,1974,-1481.1,2400.3,-1462.2,2387.2
SYN002743,Plastique,PVC,200,244.2,2015,-1462.2,2387.2,-1231.5,2467.2
SYN002744,Fonte,Fonte ductile,200,36.9,1994,-1231.5,2467.2,-1201.9,2489.2
SYN002745,Plastique,PVC,200,42.0,2008,-1201.9,2489.2,-1160.1,2493.5
SYN002746,Fonte,Fonte grise,150,99.7,1939,-1160.1,2493.5,-1133.4,2397.5
SYN002747,Fonte,Fonte grise,63,34.1,1937,-1133.4,2397.5,-1158.9,2420.1
SYN002748,Fonte,Fonte ductile,300,138.2,1980,-1158.9,2420.1,-1296.1,2403.3
SYN002749,Fonte,Fonte grise,150,71.6,1971,-1296.1,2403.3,-1356.7,2365.2
SYN002750,Fonte,Fonte ductile,250,65.2,2009,888.5,-2433.3,953.7,-2434.5
SYN002751,Plastique,PVC,80,115.4,2020,953.7,-2434.5,1060.8,-2391.5
SYN002752,Plastique,PEHD,80,21.2,2023,1060.8,-2391.5,1074.6,-2375.5
SYN002753,Fonte,Fonte grise,600,193.2,1967,1079.1,2744.5,1011.4,2925.4
SYN002754,Plastique,PEHD,125,22.2,2012,161.5,-1826.8,165.8,-1848.5
SYN002755,Plastique,PVC,40,17.8,2015,165.8,-1848.5,150.4,-1839.7
SYN002756,Plastique,PEHD,200,62.5,2006,150.4,-1839.7,108.2,-1885.9
SYN002757,Plastique,PVC,250,96.8,2010,108.2,-1885.9,181.2,-1822.2
SYN002758,Plastique,PVC,125,177.6,1991,181.2,-1822.2,232.1,-1992.4
SYN002759,Plastique,PVC collé,250,100.5,1960,232.1,-1992.4,290.6,-1910.6
SYN002760,Plastique,PVC collé,63,42.8,1973,290.6,-1910.6,270.3,-1872.9
SYN002761,Plastique,PEHD,80,39.8,1996,270.3,-1872.9,232.9,-1886.4
SYN002762,Fonte,Fonte grise,200,11.5,1936,232.9,-1886.4,227.1,-1896.3
SYN002763,Fonte,Fonte ductile,200,47.4,2015,227.1,-1896.3,273.0,-1908.1
SYN002764,Fonte,Fonte grise,500,14.6,1952,273.0,-1908.1,261.3,-1899.4
SYN002765,Acier,Acier,150,80.0,1970,1704.8,3733.6,1772.4,3776.3
SYN002766,Fonte,Fonte ductile,40,103.1,1970,-2970.7,365.6,-3039.5,288.9
SYN002767,Plastique,PVC,600,146.5,1980,-3039.5,288.9,-2940.4,181.1
SYN002768,Plastique,PEHD,80,79.4,2017,-2940.4,181.1,-2980.4,112.5
SYN002769,Ciment,Amiante-ciment,200,239.9,1978,-2980.4,112.5,-3212.5,51.9
SYN002770,Fonte,Fonte grise,200,97.2,1966,1130.9,-2996.8,1086.8,-3083.4
SYN002771,Plastique,PVC,80,106.3,2000,1086.8,-3083.4,1142.8,-3173.8
SYN002772,Plastique,PEHD,100,53.3,2006,1142.8,-3173.8,1097.6,-3145.5
SYN002773,Fonte,Fonte grise,150,53.2,1937,-1524.4,-3949.5,-1530.5,-3896.6
SYN002774,Plastique,PVC,150,108.1,1992,-100.3,2099.1,-196.6,2050.0
SYN002775,Fonte,Fonte ductile,50,85.0,1983,-196.6,2050.0,-239.9,2123.2
SYN002776,Plastique,PVC collé,200,224.7,1970,-239.9,2123.2,-437.1,2230.8
SYN002777,Fonte,Fonte ductile,32,22.7,1977,-437.1,2230.8,-414.4,2231.5
SYN002778,Fonte,Fonte ductile,100,8.7,1985,-414.4,2231.5,-406.4,2234.9
SYN002779,Fonte,Fonte grise,100,84.6,1930,-406.4,2234.9,-462.4,2298.3
SYN002780,Fonte,Fonte grise,150,29.8,1966,-1907.2,-2652.8,-1900.2,-2681.8
SYN002781,Fonte,Fonte grise,150,41.5,1969,3818.4,3506.5,3850.1,3479.7
SYN002782,Plastique,PVC collé,40,16.3,1980,3850.1,3479.7,3834.0,3477.1
SYN002783,Fonte,Fonte ductile,80,44.8,1979,-2504.0,2523.2,-2525.9,2562.3
SYN002784,Fonte,Fonte grise,100,15.0,1970,-2525.9,2562.3,-2523.8,2577.1
SYN002785,Plastique,PVC,250,65.5,1984,1690.9,-3732.8,1714.7,-3793.8
SYN002786,Plastique,PVC,250,36.4,2010,1714.7,-3793.8,1704.3,-3828.7
SYN002787,Plastique,PVC collé,150,13.5,1963,1704.3,-3828.7,1714.9,-3837.1
SYN002788,Acier,Acier,100,97.1,1951,1714.9,-3837.1,1762.9,-3921.5
SYN002789,Fonte,Fonte ductile,250,37.3,2012,1762.9,-3921.5,1796.8,-3906.0
SYN002790,Plastique,PEHD,150,271.6,2002,1796.8,-3906.0,1533.2,-3971.3
SYN002791,Fonte,Fonte grise,125,67.8,1964,1533.2,-3971.3,1579.7,-4020.6
SYN002792,Plastique,PVC,500,42.0,1981,1579.7,-4020.6,1571.9,-3979.3
SYN002793,Ciment,Amiante-ciment,63,55.0,1965,1571.9,-3979.3,1602.3,-3933.5
SYN002794,Plastique,PEHD,50,63.3,2020,1125.5,3495.9,1177.5,3459.9
SYN002795,Plastique,PVC collé,80,56.1,1983,1177.5,3459.9,1231.1,3476.4
SYN002796,Plastique,PVC collé,100,22.2,1976,1231.1,3476.4,1209.0,3478.2
SYN002797,Fonte,Fonte ductile,125,29.7,1999,-1772.7,1380.6,-1782.6,1352.6
SYN002798,Plastique,PVC,125,125.2,2007,-1847.9,-3170.0,-1751.2,-3249.5
SYN002799,Plastique,PVC,80,157.8,1985,-50.7,-399.5,71.9,-498.8
SYN002800,Ciment,Amiante-ciment,80,84.8,1968,71.9,-498.8,150.5,-530.8
SYN002801,Fonte,Fonte ductile,80,69.9,1983,2598.1,2723.5,2609.1,2792.5
SYN002802,Fonte,Fonte grise,150,34.6,1936,2609.1,2792.5,2636.1,2770.8
SYN002803,Plastique,PVC collé,100,27.6,1971,3388.9,-3961.3,3414.5,-3951.0
SYN002804,Fonte,Fonte grise,250,32.7,1942,-3771.3,-431.8,-3798.8,-414.1
SYN002805,Fonte,Fonte ductile,80,18.3,1984,-3798.8,-414.1,-3788.3,-429.2
SYN002806,Fonte,Fonte ductile,150,66.8,1970,-3824.6,-3213.9,-3828.7,-3147.3
SYN002807,Plastique,PVC,50,24.7,1984,-3828.7,-3147.3,-3836.4,-3123.8
SYN002808,Fonte,Fonte grise,150,50.0,1930,-3836.4,-3123.8,-3857.1,-3169.3
SYN002809,Fonte,Fonte grise,100,34.5,1940,-196.4,-540.3,-226.6,-523.7
SYN002810,Fonte,Fonte grise,40,106.7,1973,-226.6,-523.7,-319.9,-575.5
SYN002811,Plastique,PEHD,100,157.8,2020,-2576.8,-3556.3,-2419.1,-3550.6
SYN002812,Plastique,PVC,250,130.6,2003,2845.3,-74.6,2822.2,53.9
SYN002813,Fonte,Fonte grise,250,141.5,1940,-2558.0,-1172.7,-2426.3,-1121.0
SYN002814,Fonte,Fonte grise,125,69.2,1973,-2426.3,-1121.0,-2399.4,-1184.7
SYN002815,Plastique,PVC collé,250,50.2,1980,-2399.4,-1184.7,-2397.2,-1234.9
SYN002816,Fonte,Fonte ductile,250,29.5,1995,-3253.0,572.1,-3275.2,552.8
SYN002817,Plastique,PVC collé,250,251.5,1961,-1801.1,1059.9,-2040.5,982.7
SYN002818,Fonte,Fonte ductile,125,38.1,2009,-2040.5,982.7,-2013.1,956.2
SYN002819,Acier,Acier,100,22.2,1953,2438.2,208.6,2416.1,206.2
SYN002820,Fonte,Fonte ductile,150,86.4,2006,2416.1,206.2,2341.2,249.3
SYN002821,Plastique,PVC,100,111.2,1982,2341.2,249.3,2430.3,182.8
SYN002822,Fonte,Fonte grise,125,123.5,1973,-3197.9,-1630.3,-3170.2,-1750.7
SYN002823,Acier,Acier,500,13.1,1975,-3170.2,-1750.7,-3165.8,-1763.0
SYN002824,Ciment,Amiante-ciment,250,53.5,1980,-2879.3,3411.9,-2845.1,3453.1
SYN002825,Plastique,PVC,32,76.9,1981,-2845.1,3453.1,-2768.2,3455.7
SYN002826,Fonte,Fonte ductile,50,21.9,1984,321.7,-3374.6,299.8,-3372.6
SYN002827,Fonte,Fonte grise,125,51.2,1934,299.8,-3372.6,256.1,-3399.2
SYN002828,Plastique,PEHD,200,82.7,2022,256.1,-3399.2,223.9,-3475.4
SYN002829,Plastique,PVC,63,74.1,1994,-3473.0,879.7,-3536.7,917.5
SYN002830,Fonte,Fonte ductile,150,53.5,1985,3192.4,3917.1,3179.1,3968.9
SYN002831,Fonte,Fonte ductile,80,47.8,2003,-814.0,2579.5,-861.2,2571.4
SYN002832,Fonte,Fonte ductile,400,27.6,2006,-861.2,2571.4,-859.3,2543.8
SYN002833,Plastique,PEHD,125,62.2,2001,-859.3,2543.8,-916.2,2568.9
SYN002834,Plastique,PVC,100,97.2,2007,-3341.3,3250.1,-3253.0,3209.4
SYN002835,Plastique,PVC collé,200,152.3,1966,-3253.0,3209.4,-3385.6,3134.4
SYN002836,Plastique,PVC collé,200,112.2,1979,-3385.6,3134.4,-3303.3,3210.6
SYN002837,Fonte,Fonte ductile,40,146.8,1983,-1912.8,3969.6,-2044.2,3904.1
SYN002838,Fonte,Fonte ductile,200,113.6,2012,-2044.2,3904.1,-2154.4,3876.7
SYN002839,Fonte,Fonte grise,63,65.5,1946,3129.9,-840.4,3142.9,-904.6
SYN002840,Plastique,PVC,80,103.6,1986,3142.9,-904.6,3202.9,-820.1
SYN002841,Fonte,Fonte ductile,200,15.1,1972,3202.9,-820.1,3217.7,-822.9
SYN002842,Fonte,Fonte ductile,100,40.4,1977,377.5,226.2,412.5,246.5
SYN002843,Fonte,Fonte ductile,150,46.7,1979,412.5,246.5,443.9,211.8
SYN002844,Fonte,Fonte grise,200,19.2,1936,443.9,211.8,462.8,214.7
SYN002845,Plastique,PVC collé,200,95.8,1966,462.8,214.7,409.8,294.4
SYN002846,Fonte,Fonte ductile,80,79.5,2010,409.8,294.4,346.3,246.5
SYN002847,Fonte,Fonte grise,125,67.9,1930,-697.8,3108.5,-748.0,3062.8
SYN002848,Plastique,PVC,600,46.1,2004,-748.0,3062.8,-791.0,3046.2
SYN002849,Fonte,Fonte ductile,80,93.4,1995,3363.7,687.3,3319.4,605.1
SYN002850,Fonte,Fonte ductile,150,16.8,1989,3319.4,605.1,3307.0,593.7
SYN002851,Fonte,Fonte ductile,100,161.6,1970,3307.0,593.7,3149.4,629.4
SYN002852,Plastique,PEHD,150,50.5,2012,3149.4,629.4,3191.4,657.4
SYN002853,Fonte,Fonte ductile,80,75.2,1985,3191.4,657.4,3195.8,582.3
SYN002854,Plastique,PVC,150,134.4,2014,2595.8,3895.8,2482.2,3823.9
SYN002855,Acier,Acier,200,38.9,1972,492.6,-1571.6,513.6,-1604.3
SYN002856,Plastique,PVC collé,100,24.3,1960,513.6,-1604.3,492.1,-1592.9
SYN002857,Fonte,Fonte ductile,150,54.5,2007,492.1,-1592.9,439.1,-1605.5
SYN002858,Plastique,PVC,100,33.0,1983,439.1,-1605.5,408.0,-1594.3
SYN002859,Fonte,Fonte ductile,125,99.1,1980,-247.8,3949.2,-240.1,3850.4
SYN002860,Fonte,Fonte ductile,600,15.2,2002,93.5,-44.2,101.9,-31.5
SYN002861,Plastique,PVC collé,125,157.5,1975,101.9,-31.5,-8.5,80.8
SYN002862,Fonte,Fonte ductile,100,165.0,1990,-8.5,80.8,80.5,-58.1
SYN002863,Fonte,Fonte grise,150,85.1,1947,80.5,-58.1,1.6,-26.3
SYN002864,Fonte,Fonte ductile,200,29.0,1992,386.8,-3555.3,358.3,-3549.6
SYN002865,Fonte,Fonte grise,80,46.3,1970,358.3,-3549.6,318.5,-3526.0
SYN002866,Fonte,Fonte ductile,50,132.9,1973,318.5,-3526.0,248.3,-3638.9
SYN002867,Plastique,PVC collé,250,9.1,1971,248.3,-3638.9,242.4,-3632.0
SYN002868,Acier,Acier,40,27.1,1972,242.4,-3632.0,230.5,-3656.3
SYN002869,Fonte,Fonte grise,200,21.6,1942,230.5,-3656.3,235.9,-3635.4
SYN002870,Plastique,PVC collé,63,65.6,1962,-3871.4,-2982.0,-3876.7,-2916.6
SYN002871,Fonte,Fonte ductile,125,141.8,2004,-3876.7,-2916.6,-4015.8,-2944.1
SYN002872,Fonte,Fonte grise,200,139.8,1961,-4015.8,-2944.1,-3883.3,-2899.5
SYN002873,Fonte,Fonte ductile,500,61.2,1980,-3883.3,-2899.5,-3869.5,-2959.1
SYN002874,Fonte,Fonte grise,250,25.0,1946,-3869.5,-2959.1,-3885.3,-2939.8
SYN002875,Fonte,Fonte grise,125,51.0,1964,-3885.3,-2939.8,-3918.4,-2978.7
SYN002876,Fonte,Fonte ductile,63,20.5,1995,3160.1,1369.5,3140.0,1365.4
SYN002877,Fonte,Fonte ductile,200,74.7,2006,-1739.3,-3148.1,-1813.4,-3139.4
SYN002878,Plastique,PVC collé,200,33.6,1965,62.7,2261.6,89.8,2241.7
SYN002879,Fonte,Fonte grise,50,57.2,1933,89.8,2241.7,99.3,2298.1
SYN002880,Fonte,Fonte grise,150,8.8,1967,99.3,2298.1,105.7,2292.0
SYN002881,Fonte,Fonte grise,250,45.4,1946,105.7,2292.0,63.8,2274.5
SYN002882,Plastique,PVC collé,600,129.1,1962,216.1,-778.6,300.1,-680.6
SYN002883,Fonte,Fonte ductile,200,305.3,1977,300.1,-680.6,0.6,-739.8
SYN002884,Plastique,PVC collé,150,33.5,1967,0.6,-739.8,34.1,-739.1
SYN002885,Fonte,Fonte ductile,200,203.5,2003,-1547.4,3677.0,-1750.9,3677.5
SYN002886,Fonte,Fonte grise,600,76.2,1932,-1750.9,3677.5,-1675.4,3667.3
SYN002887,Acier,Acier,32,140.7,1977,-1675.4,3667.3,-1787.8,3582.7
SYN002888,Fonte,Fonte grise,50,11.2,1952,-1787.8,3582.7,-1788.0,3571.5
SYN002889,Fonte,Fonte grise,200,24.4,1975,-1788.0,3571.5,-1769.6,3555.5
SYN002890,Fonte,Fonte grise,100,221.4,1956,-3722.6,1432.7,-3774.6,1217.5
SYN002891,Ciment,Amiante-ciment,50,58.5,1960,1643.1,2219.2,1585.6,2208.3
SYN002892,Plastique,PVC collé,100,72.5,1961,-3129.1,-565.6,-3107.3,-496.5
SYN002893,Plastique,PVC collé,100,95.2,1973,-3107.3,-496.5,-3093.9,-402.2
SYN002894,Ciment,Amiante-ciment,150,80.0,1977,-3093.9,-402.2,-3029.0,-355.4
SYN002895,Fonte,Fonte grise,50,148.9,1944,3622.0,-494.2,3754.0,-425.2
SYN002896,Ciment,Amiante-ciment,32,44.2,1970,-2182.1,-2524.4,-2224.8,-2535.9
SYN002897,Fonte,Fonte grise,125,55.9,1959,-2224.8,-2535.9,-2238.6,-2481.7
SYN002898,Plastique,PVC collé,250,284.1,1980,-2238.6,-2481.7,-2283.7,-2201.2
SYN002899,Fonte,Fonte ductile,80,9.5,1980,-2283.7,-2201.2,-2274.6,-2198.5
SYN002900,Fonte,Fonte ductile,100,44.1,2009,-2274.6,-2198.5,-2310.2,-2172.5
SYN002901,Acier,Acier,600,243.3,1968,1755.3,3285.9,1663.3,3511.1
SYN002902,Fonte,Fonte grise,80,136.1,1956,1663.3,3511.1,1779.2,3582.5
SYN002903,Ciment,Amiante-ciment,125,51.3,1956,2264.5,1027.8,2292.2,1071.0
SYN002904,Fonte,Fonte ductile,100,18.9,1999,2292.2,1071.0,2275.7,1061.8
SYN002905,Plastique,PVC collé,63,81.2,1965,2275.7,1061.8,2356.9,1062.1
SYN002906,Acier,Acier,250,72.5,1953,2356.9,1062.1,2346.1,990.4
SYN002907,Fonte,Fonte grise,200,70.0,1941,2346.1,990.4,2411.1,964.5
SYN002908,Acier,Acier,150,15.6,1960,1917.3,1211.0,1907.9,1198.5
SYN002909,Plastique,PVC collé,63,100.7,1972,1907.9,1198.5,1945.4,1105.1
SYN002910,Plastique,PVC,80,81.1,2007,1945.4,1105.1,2026.5,1103.1
SYN002911,Fonte,Fonte grise,32,29.0,1945,2026.5,1103.1,2000.9,1089.3
SYN002912,Plastique,PVC collé,32,568.1,1980,3700.9,880.9,3718.3,1448.8
SYN002913,Plastique,PVC,500,49.9,1991,3026.3,1022.5,3006.0,976.9
SYN002914,Fonte,Fonte ductile,125,68.2,2004,3006.0,976.9,2961.9,924.9
SYN002915,Fonte,Fonte grise,125,50.1,1933,-3702.4,2819.4,-3663.0,2788.4
SYN002916,Fonte,Fonte ductile,125,82.5,2001,-3663.0,2788.4,-3690.2,2866.3
SYN002917,Plastique,PEHD,125,80.7,2007,-3690.2,2866.3,-3713.6,2789.1
SYN002918,Fonte,Fonte grise,80,82.1,1931,-3713.6,2789.1,-3759.7,2721.1
SYN002919,Plastique,PVC,150,15.1,1986,2139.3,310.4,2145.9,324.0
SYN002920,Ciment,Amiante-ciment,250,58.7,1970,2145.9,324.0,2143.0,382.6
SYN002921,Fonte,Fonte grise,125,12.5,1931,2143.0,382.6,2150.8,372.8
SYN002922,Fonte,Fonte grise,250,42.4,1955,2499.0,3311.0,2512.1,3270.6
SYN002923,Plastique,PVC,400,288.7,2004,2512.1,3270.6,2753.6,3112.3
SYN002924,Fonte,Fonte grise,80,66.5,1942,2753.6,3112.3,2712.0,3060.4
SYN002925,Plastique,PVC collé,100,45.0,1964,2712.0,3060.4,2737.5,3097.5
SYN002926,Plastique,PVC,50,30.8,2017,2737.5,3097.5,2734.9,3128.2
SYN002927,Plastique,PVC collé,600,28.7,1966,2734.9,3128.2,2761.9,3137.8
SYN002928,Fonte,Fonte ductile,250,46.2,1990,-2572.6,553.8,-2584.5,509.1
SYN002929,Plastique,PVC,80,15.8,1980,-2584.5,509.1,-2570.4,516.1
SYN002930,Plastique,PVC collé,250,202.4,1979,-2570.4,516.1,-2655.2,332.4
SYN002931,Fonte,Fonte grise,125,30.7,1950,-2655.2,332.4,-2627.8,346.2
SYN002932,Plastique,PVC collé,250,54.2,1967,-2627.8,346.2,-2626.3,400.4
SYN002933,Plastique,PEHD,63,16.1,2014,-2626.3,400.4,-2616.0,388.0
SYN002934,Plastique,PVC collé,250,33.4,1980,-2616.0,388.0,-2594.7,413.7
SYN002935,Fonte,Fonte ductile,100,27.7,2014,-397.3,2425.8,-425.0,2426.4
SYN002936,Fonte,Fonte ductile,250,57.0,1972,-425.0,2426.4,-375.6,2397.8
SYN002937,Fonte,Fonte grise,500,19.9,1960,-375.6,2397.8,-395.3,2394.7
SYN002938,Fonte,Fonte ductile,150,68.4,1980,-395.3,2394.7,-429.4,2454.0
SYN002939,Fonte,Fonte grise,125,18.8,1973,-429.4,2454.0,-429.5,2472.8
SYN002940,Ciment,Amiante-ciment,300,114.0,1972,-429.5,2472.8,-391.0,2580.1
SYN002941,Fonte,Fonte ductile,200,32.2,2007,-3783.1,-126.7,-3791.5,-157.7
SYN002942,Plastique,PEHD,200,22.9,1998,-3791.5,-157.7,-3812.8,-166.1
SYN002943,Fonte,Fonte grise,200,33.1,1946,3516.6,2844.0,3487.1,2829.0
SYN002944,Fonte,Fonte ductile,200,30.3,1988,3487.1,2829.0,3502.0,2855.4
SYN002945,Fonte,Fonte ductile,50,189.0,2002,767.4,119.1,942.8,189.6
SYN002946,Fonte,Fonte ductile,100,22.4,1996,942.8,189.6,965.1,191.6
SYN002947,Plastique,PVC,80,50.3,1991,2433.9,-3749.7,2384.5,-3740.0
SYN002948,Acier,Acier,500,69.5,1962,2384.5,-3740.0,2451.5,-3758.7
SYN002949,Plastique,PEHD,250,32.6,2020,3886.8,2129.5,3911.8,2150.5
SYN002950,Fonte,Fonte grise,100,38.8,1965,1029.8,-3521.2,1042.2,-3484.5
SYN002951,Plastique,PVC,100,58.7,2000,1042.2,-3484.5,1045.4,-3425.8
SYN002952,Fonte,Fonte grise,40,308.3,1956,1045.4,-3425.8,949.4,-3132.9
SYN002953,Plastique,PEHD,150,148.5,2022,949.4,-3132.9,950.5,-2984.4
SYN002954,Fonte,Fonte ductile,125,19.7,1979,950.5,-2984.4,970.2,-2984.9
SYN002955,Fonte,Fonte ductile,80,180.4,2005,970.2,-2984.9,1131.3,-3066.1
SYN002956,Fonte,Fonte grise,100,37.8,1960,1131.3,-3066.1,1093.6,-3063.7
SYN002957,Fonte,Fonte grise,100,52.6,1960,1093.6,-3063.7,1049.2,-3035.4
SYN002958,Fonte,Fonte ductile,200,12.4,2014,1049.2,-3035.4,1054.7,-3046.6
SYN002959,Plastique,PEHD,32,17.6,2009,1054.7,-3046.6,1070.8,-3053.6
SYN002960,Plastique,PVC,200,359.4,2000,1070.8,-3053.6,717.4,-2988.1
SYN002961,Acier,Acier,200,171.9,1966,717.4,-2988.1,829.6,-3118.3
SYN002962,Fonte,Fonte grise,200,24.2,1966,829.6,-3118.3,830.8,-3094.1
SYN002963,Plastique,PVC collé,80,54.4,1969,830.8,-3094.1,809.3,-3044.1
SYN002964,Fonte,Fonte ductile,80,37.5,2014,809.3,-3044.1,775.8,-3061.0
SYN002965,Plastique,PVC collé,200,133.1,1982,49.2,1404.3,150.1,1491.1
SYN002966,Fonte,Fonte ductile,250,74.6,2003,150.1,1491.1,168.9,1563.3
SYN002967,Fonte,Fonte ductile,250,21.5,1992,168.9,1563.3,189.7,1568.9
SYN002968,Plastique,PVC collé,400,32.8,1984,189.7,1568.9,184.9,1536.5
SYN002969,Fonte,Fonte grise,150,116.4,1961,184.9,1536.5,158.6,1649.9
SYN002970,Fonte,Fonte ductile,250,26.5,2012,158.6,1649.9,135.9,1663.6
SYN002971,Plastique,PVC collé,125,57.0,1962,135.9,1663.6,82.4,1683.1
SYN002972,Fonte,Fonte grise,250,53.8,1965,82.4,1683.1,89.2,1629.7
SYN002973,Acier,Acier,50,127.7,1969,89.2,1629.7,-1.6,1539.8
SYN002974,Fonte,Fonte ductile,200,132.6,2006,-1.6,1539.8,-105.0,1622.8
SYN002975,Plastique,PEHD,200,18.4,2023,-105.0,1622.8,-95.5,1607.0
SYN002976,Plastique,PVC collé,80,158.6,1971,-95.5,1607.0,17.1,1718.7
SYN002977,Plastique,PVC,600,241.6,2006,17.1,1718.7,-61.7,1947.1
SYN002978,Plastique,PVC,200,51.6,2010,-61.7,1947.1,-57.5,1998.6
SYN002979,Plastique,PEHD,150,37.7,2018,-57.5,1998.6,-60.9,1961.0
SYN002980,Plastique,PVC collé,100,77.8,1960,-60.9,1961.0,-114.1,1904.2
SYN002981,Fonte,Fonte ductile,500,104.3,2014,-114.1,1904.2,-134.2,2006.6
SYN002982,Fonte,Fonte grise,63,19.3,1967,-134.2,2006.6,-131.6,2025.7
SYN002983,Plastique,PVC collé,150,91.6,1971,-131.6,2025.7,-128.9,1934.1
SYN002984,Fonte,Fonte grise,200,66.9,1975,-128.9,1934.1,-186.2,1968.7
SYN002985,Fonte,Fonte ductile,80,130.9,1982,-186.2,1968.7,-310.6,1927.9
SYN002986,Fonte,Fonte grise,250,42.4,1931,507.2,554.6,477.8,585.2
SYN002987,Plastique,PVC collé,63,31.5,1970,477.8,585.2,506.1,598.9
SYN002988,Fonte,Fonte grise,50,78.2,1942,506.1,598.9,480.8,672.9
SYN002989,Plastique,PVC collé,80,110.9,1971,480.8,672.9,446.9,567.3
SYN002990,Plastique,PVC,40,162.6,2011,446.9,567.3,316.5,664.4
SYN002991,Plastique,PEHD,80,73.5,1997,1944.9,-166.8,2009.8,-132.2
SYN002992,Fonte,Fonte ductile,100,131.4,1976,-2559.1,1610.2,-2686.0,1576.2
SYN002993,Plastique,PVC collé,150,226.9,1966,-2686.0,1576.2,-2751.5,1359.0
SYN002994,Plastique,PVC collé,50,121.5,1974,-2751.5,1359.0,-2843.5,1438.3
SYN002995,Fonte,Fonte ductile,200,43.4,1973,1046.5,-3294.4,1015.1,-3264.3
SYN002996,Plastique,PVC collé,32,115.3,1973,3552.6,3394.7,3525.2,3506.7
SYN002997,Fonte,Fonte grise,250,61.7,1937,3525.2,3506.7,3582.2,3483.1
SYN002998,Ciment,Amiante-ciment,100,50.1,1975,3582.2,3483.1,3628.0,3462.8
SYN002999,Fonte,Fonte grise,150,46.0,1947,3628.0,3462.8,3674.0,3461.8
