id,materiau_famille,materiau,diametre,longueur,annee_pose,x1,y1,x2,y2
PAR00000,Plastique,PVC collé,40,117.9,1960,-1829.8,-2643.9,-1761.2,-2548.1
PAR00001,Fonte,Fonte grise,50,145.2,1930,-1889.9,-2465.5,-1952.7,-2334.6
PAR00002,Fonte,Fonte grise,200,119.7,1943,-1952.7,-2334.6,-1833.1,-2339.7
PAR00003,Fonte,Fonte grise,32,96.5,1975,-1952.7,-2334.6,-1908.0,-2249.1
PAR00004,Plastique,PVC collé,250,171.2,1960,-2000.9,-2144.3,-2001.1,-1973.2
PAR00005,Ciment,Amiante-ciment,80,64.5,1980,-2001.1,-1973.2,-1943.1,-1944.8
PAR00006,Fonte,Fonte ductile,80,131.7,1982,-2001.1,-1973.2,-2071.4,-1861.8
PAR00007,Fonte,Fonte grise,125,118.9,1943,-2071.4,-1861.8,-1958.8,-1823.5
PAR00008,Plastique,PVC collé,250,84.7,1960,-2071.4,-1861.8,-2099.5,-1781.9
PAR00009,Fonte,Fonte grise,150,143.0,1953,-2099.5,-1781.9,-1988.3,-1692.1
PAR00010,Plastique,PEHD,125,175.7,1995,-2099.5,-1781.9,-2123.0,-1607.8
PAR00011,Fonte,Fonte ductile,150,95.0,1970,-2123.0,-1607.8,-2028.2,-1601.1
PAR00012,Fonte,Fonte ductile,80,105.5,1984,-2123.0,-1607.8,-2177.4,-1517.4
PAR00013,Fonte,Fonte grise,40,168.7,1937,-2177.4,-1517.4,-2018.8,-1460.2
PAR00014,Plastique,PVC collé,500,119.0,1960,-2177.4,-1517.4,-2139.7,-1404.6
PAR00015,Fonte,Fonte ductile,50,79.2,1970,-2139.7,-1404.6,-2067.3,-1372.5
PAR00016,Fonte,Fonte ductile,80,185.6,1970,-2139.7,-1404.6,-2232.1,-1243.6
PAR00017,Fonte,Fonte ductile,40,120.6,1970,-2232.1,-1243.6,-2113.0,-1224.8
PAR00018,Plastique,PVC collé,50,110.6,1960,-2232.1,-1243.6,-2237.7,-1133.2
PAR00019,Ciment,Amiante-ciment,400,134.9,1955,-2237.7,-1133.2,-2102.8,-1134.0
PAR00020,Fonte,Fonte ductile,80,127.5,1989,-2237.7,-1133.2,-2291.3,-1017.5
PAR00021,Plastique,PVC collé,100,132.4,1960,-2291.3,-1017.5,-2169.2,-966.4
PAR00022,Fonte,Fonte ductile,40,95.3,1970,-2291.3,-1017.5,-2293.8,-922.2
PAR00023,Plastique,PEHD,63,136.1,1995,-2293.8,-922.2,-2307.7,-786.9
PAR00024,Plastique,PEHD,250,113.8,1995,-2307.7,-786.9,-2220.9,-713.4
PAR00025,Fonte,Fonte grise,400,200.5,1930,-2307.7,-786.9,-2376.7,-598.6
PAR00026,Fonte,Fonte ductile,300,105.6,1970,-2376.7,-598.6,-2375.2,-493.0
PAR00027,Plastique,PVC,100,91.3,1980,-2375.2,-493.0,-2284.7,-505.3
PAR00028,Ciment,Amiante-ciment,600,146.5,1966,-2375.2,-493.0,-2435.7,-359.6
PAR00029,Plastique,PVC collé,600,121.9,1977,-2511.2,-276.8,-2395.7,-237.8
PAR00030,Plastique,PVC,50,174.0,1980,-2511.2,-276.8,-2541.6,-105.4
PAR00031,Plastique,PEHD,150,84.4,2001,-2541.6,-105.4,-2514.1,-25.6
PAR00032,Fonte,Fonte ductile,250,83.3,1971,-2514.1,-25.6,-2464.4,41.3
PAR00033,Fonte,Fonte ductile,200,157.9,1981,-2603.8,70.6,-2469.0,152.8
PAR00034,Fonte,Fonte ductile,100,187.2,1970,-2603.8,70.6,-2601.9,257.7
PAR00035,Plastique,PVC collé,250,103.3,1981,-2601.9,257.7,-2503.0,227.8
PAR00036,Fonte,Fonte ductile,200,71.1,2000,-2601.9,257.7,-2645.3,314.0
PAR00037,Plastique,PVC,250,139.4,1980,-2645.3,314.0,-2514.8,362.8
PAR00038,Fonte,Fonte ductile,125,159.1,1974,-2645.3,314.0,-2666.6,471.6
PAR00039,Fonte,Fonte ductile,63,115.3,1970,-2666.6,471.6,-2558.6,511.8
PAR00040,Plastique,PEHD,100,141.1,1995,-2666.6,471.6,-2677.9,612.3
PAR00041,Fonte,Fonte ductile,100,121.6,1984,-2677.9,612.3,-2556.4,608.1
PAR00042,Fonte,Fonte ductile,63,123.7,1981,-2731.6,713.9,-2619.3,765.9
PAR00043,Plastique,PVC collé,150,159.0,1960,-2731.6,713.9,-2749.7,871.9
PAR00044,Fonte,Fonte ductile,100,67.2,2004,-2749.7,871.9,-2684.0,857.8
PAR00045,Fonte,Fonte grise,125,115.5,1934,-2749.7,871.9,-2819.6,963.9
PAR00046,Fonte,Fonte grise,80,161.9,1952,-2819.6,963.9,-2657.8,966.8
PAR00047,Fonte,Fonte grise,125,122.4,1936,-2853.0,1092.6,-2744.5,1149.3
PAR00048,Plastique,PVC collé,50,107.0,1960,-2853.9,1206.7,-2749.7,1231.1
PAR00049,Fonte,Fonte ductile,63,141.6,1970,-2853.9,1206.7,-2910.9,1336.4
PAR00050,Plastique,PVC,40,100.4,1980,-2910.9,1336.4,-2810.5,1336.0
PAR00051,Plastique,PVC collé,125,104.9,1961,-1761.2,-2548.1,-1656.7,-2538.9
PAR00052,Fonte,Fonte ductile,80,90.7,1970,-1761.2,-2548.1,-1743.8,-2459.0
PAR00053,Fonte,Fonte ductile,125,72.2,1970,-1743.8,-2459.0,-1678.9,-2427.6
PAR00054,Fonte,Fonte ductile,150,149.1,1978,-1743.8,-2459.0,-1833.1,-2339.7
PAR00055,Fonte,Fonte ductile,125,159.4,1970,-1833.1,-2339.7,-1679.7,-2296.4
PAR00056,Plastique,PVC collé,150,122.5,1960,-1833.1,-2339.7,-1816.3,-2218.4
PAR00057,Plastique,PVC,150,134.0,1980,-1816.3,-2218.4,-1682.9,-2206.3
PAR00058,Fonte,Fonte grise,125,102.6,1930,-1816.3,-2218.4,-1814.5,-2115.8
PAR00059,Fonte,Fonte ductile,80,214.0,1972,-1814.5,-2115.8,-1943.1,-1944.8
PAR00060,Plastique,PVC collé,63,156.4,1960,-1943.1,-1944.8,-1786.9,-1938.5
PAR00061,Plastique,PEHD,250,122.4,1995,-1943.1,-1944.8,-1958.8,-1823.5
PAR00062,Fonte,Fonte grise,40,157.4,1930,-1958.8,-1823.5,-1811.7,-1767.4
PAR00063,Ciment,Amiante-ciment,150,134.7,1955,-1958.8,-1823.5,-1988.3,-1692.1
PAR00064,Fonte,Fonte ductile,200,172.9,1981,-1988.3,-1692.1,-1815.7,-1681.0
PAR00065,Fonte,Fonte ductile,250,151.1,2006,-2028.2,-1601.1,-1884.6,-1554.1
PAR00066,Fonte,Fonte ductile,50,141.2,1970,-2028.2,-1601.1,-2018.8,-1460.2
PAR00067,Fonte,Fonte ductile,80,69.0,1984,-2018.8,-1460.2,-1949.8,-1457.7
PAR00068,Fonte,Fonte ductile,40,100.2,1970,-2018.8,-1460.2,-2067.3,-1372.5
PAR00069,Plastique,PVC,250,154.6,1980,-2067.3,-1372.5,-2113.0,-1224.8
PAR00070,Plastique,PVC,250,180.0,1980,-2113.0,-1224.8,-1937.3,-1185.8
PAR00071,Plastique,PVC,400,91.4,1980,-2113.0,-1224.8,-2102.8,-1134.0
PAR00072,Plastique,PVC,50,90.0,1980,-2102.8,-1134.0,-2037.8,-1071.7
PAR00073,Fonte,Fonte ductile,80,180.2,1988,-2102.8,-1134.0,-2169.2,-966.4
PAR00074,Fonte,Fonte grise,200,95.3,1930,-2169.2,-966.4,-2073.9,-966.1
PAR00075,Fonte,Fonte ductile,100,92.6,1980,-2169.2,-966.4,-2219.5,-888.7
PAR00076,Fonte,Fonte ductile,250,119.1,1983,-2219.5,-888.7,-2117.0,-828.1
PAR00077,Plastique,PVC,100,175.2,1980,-2219.5,-888.7,-2220.9,-713.4
PAR00078,Fonte,Fonte ductile,40,79.0,1974,-2220.9,-713.4,-2146.0,-688.1
PAR00079,Fonte,Fonte ductile,50,74.9,1994,-2220.9,-713.4,-2257.7,-648.2
PAR00080,Plastique,PEHD,125,120.1,1995,-2257.7,-648.2,-2142.2,-615.3
PAR00081,Plastique,PVC,40,145.4,1980,-2257.7,-648.2,-2284.7,-505.3
PAR00082,Fonte,Fonte ductile,200,198.6,1970,-2284.7,-505.3,-2369.1,-325.5
PAR00083,Ciment,Amiante-ciment,100,116.5,1955,-2369.1,-325.5,-2252.8,-319.5
PAR00084,Plastique,PEHD,150,91.6,1995,-2369.1,-325.5,-2395.7,-237.8
PAR00085,Fonte,Fonte ductile,125,139.3,1970,-2395.7,-237.8,-2261.0,-202.2
PAR00086,Fonte,Fonte ductile,63,180.4,1970,-2378.5,-117.4,-2464.4,41.3
PAR00087,Fonte,Fonte ductile,100,131.4,1998,-2464.4,41.3,-2334.6,61.4
PAR00088,Acier,Acier,300,111.6,1950,-2464.4,41.3,-2469.0,152.8
PAR00089,Fonte,Fonte ductile,300,119.8,2007,-2469.0,152.8,-2353.4,121.4
PAR00090,Fonte,Fonte ductile,150,82.4,1970,-2469.0,152.8,-2503.0,227.8
PAR00091,Plastique,PVC collé,250,123.8,1960,-2503.0,227.8,-2390.9,280.4
PAR00092,Fonte,Fonte grise,80,135.5,1930,-2503.0,227.8,-2514.8,362.8
PAR00093,Plastique,PVC collé,32,136.4,1960,-2514.8,362.8,-2412.4,452.8
PAR00094,Plastique,PVC collé,200,155.2,1960,-2514.8,362.8,-2558.6,511.8
PAR00095,Fonte,Fonte ductile,200,106.0,1977,-2558.6,511.8,-2454.3,531.1
PAR00096,Fonte,Fonte grise,200,96.3,1930,-2558.6,511.8,-2556.4,608.1
PAR00097,Acier,Acier,32,80.6,1957,-2556.4,608.1,-2478.3,628.3
PAR00098,Fonte,Fonte ductile,80,149.4,1976,-2619.3,765.9,-2470.4,754.6
PAR00099,Fonte,Fonte ductile,250,112.3,1970,-2619.3,765.9,-2684.0,857.8
PAR00100,Plastique,PVC collé,80,193.5,1960,-2684.0,857.8,-2519.1,959.1
PAR00101,Ciment,Amiante-ciment,250,112.1,1955,-2684.0,857.8,-2657.8,966.8
PAR00102,Plastique,PEHD,50,153.5,1995,-2657.8,966.8,-2548.4,1074.5
PAR00103,Fonte,Fonte grise,63,202.1,1930,-2657.8,966.8,-2744.5,1149.3
PAR00104,Ciment,Amiante-ciment,40,162.5,1955,-2744.5,1149.3,-2583.0,1167.3
PAR00105,Fonte,Fonte grise,100,82.0,1971,-2744.5,1149.3,-2749.7,1231.1
PAR00106,Plastique,PVC collé,80,154.5,1960,-2749.7,1231.1,-2623.2,1319.9
PAR00107,Fonte,Fonte grise,100,121.2,1936,-2749.7,1231.1,-2810.5,1336.0
PAR00108,Plastique,PVC collé,200,136.9,1971,-2810.5,1336.0,-2680.0,1377.5
PAR00109,Plastique,PVC,200,145.8,1980,-1656.7,-2538.9,-1511.0,-2545.1
PAR00110,Plastique,PVC,63,126.4,1980,-1678.9,-2427.6,-1560.1,-2384.2
PAR00111,Fonte,Fonte ductile,125,131.2,1970,-1678.9,-2427.6,-1679.7,-2296.4
PAR00112,Fonte,Fonte grise,40,116.4,1930,-1679.7,-2296.4,-1577.5,-2240.6
PAR00113,Fonte,Fonte grise,100,90.1,1955,-1679.7,-2296.4,-1682.9,-2206.3
PAR00114,Plastique,PVC,125,83.3,2020,-1682.9,-2206.3,-1612.2,-2162.4
PAR00115,Plastique,PEHD,400,156.6,1995,-1682.9,-2206.3,-1726.4,-2055.8
PAR00116,Plastique,PVC,250,95.6,2006,-1726.4,-2055.8,-1644.7,-2006.3
PAR00117,Plastique,PVC,63,116.5,1980,-1786.9,-1938.5,-1670.9,-1927.7
PAR00118,Plastique,PVC collé,32,172.9,1981,-1786.9,-1938.5,-1811.7,-1767.4
PAR00119,Plastique,PEHD,100,109.2,2001,-1811.7,-1767.4,-1704.5,-1787.9
PAR00120,Plastique,PVC,250,86.4,1980,-1811.7,-1767.4,-1815.7,-1681.0
PAR00121,Fonte,Fonte ductile,125,90.6,1970,-1815.7,-1681.0,-1745.2,-1624.2
PAR00122,Plastique,PEHD,100,128.6,1995,-1884.6,-1554.1,-1765.9,-1504.7
PAR00123,Fonte,Fonte ductile,63,116.4,1971,-1884.6,-1554.1,-1949.8,-1457.7
PAR00124,Acier,Acier,50,178.6,1959,-1949.8,-1457.7,-1791.9,-1374.1
PAR00125,Acier,Acier,40,155.8,1950,-1949.8,-1457.7,-1920.2,-1304.7
PAR00126,Fonte,Fonte ductile,200,116.3,1985,-1920.2,-1304.7,-1818.2,-1248.8
PAR00127,Fonte,Fonte ductile,50,120.1,1970,-1920.2,-1304.7,-1937.3,-1185.8
PAR00128,Fonte,Fonte ductile,32,44.7,1970,-1937.3,-1185.8,-1892.7,-1182.2
PAR00129,Plastique,PEHD,200,152.1,1995,-1937.3,-1185.8,-2037.8,-1071.7
PAR00130,Ciment,Amiante-ciment,63,130.6,1955,-2037.8,-1071.7,-1919.0,-1017.5
PAR00131,Ciment,Amiante-ciment,200,111.6,1955,-2037.8,-1071.7,-2073.9,-966.1
PAR00132,Fonte,Fonte grise,200,121.6,1931,-2073.9,-966.1,-1952.4,-962.5
PAR00133,Fonte,Fonte grise,40,152.2,1930,-2117.0,-828.1,-1965.6,-812.2
PAR00134,Plastique,PVC collé,150,142.9,1960,-2117.0,-828.1,-2146.0,-688.1
PAR00135,Fonte,Fonte ductile,100,193.0,1976,-2146.0,-688.1,-1963.3,-626.0
PAR00136,Plastique,PEHD,200,72.9,1995,-2146.0,-688.1,-2142.2,-615.3
PAR00137,Plastique,PVC,100,189.4,1980,-2142.2,-615.3,-1999.8,-490.4
PAR00138,Fonte,Fonte ductile,100,164.9,1970,-2142.2,-615.3,-2165.7,-452.1
PAR00139,Plastique,PVC,32,113.0,1980,-2165.7,-452.1,-2055.7,-426.4
PAR00140,Fonte,Fonte ductile,150,158.6,1988,-2165.7,-452.1,-2252.8,-319.5
PAR00141,Plastique,PVC collé,300,140.2,1960,-2252.8,-319.5,-2126.5,-258.6
PAR00142,Fonte,Fonte ductile,32,139.2,1970,-2261.0,-202.2,-2281.1,-64.5
PAR00143,Plastique,PEHD,200,144.6,1995,-2281.1,-64.5,-2137.9,-84.3
PAR00144,Fonte,Fonte grise,150,155.9,1930,-2334.6,61.4,-2180.4,38.2
PAR00145,Fonte,Fonte ductile,50,62.8,1985,-2334.6,61.4,-2353.4,121.4
PAR00146,Fonte,Fonte ductile,100,183.0,1970,-2353.4,121.4,-2197.3,216.9
PAR00147,Plastique,PEHD,100,163.4,1995,-2353.4,121.4,-2390.9,280.4
PAR00148,Fonte,Fonte grise,80,127.3,1930,-2390.9,280.4,-2263.7,285.4
PAR00149,Plastique,PVC collé,150,173.8,1981,-2390.9,280.4,-2412.4,452.8
PAR00150,Plastique,PEHD,200,117.2,1995,-2412.4,452.8,-2310.4,395.2
PAR00151,Fonte,Fonte ductile,125,88.8,1985,-2412.4,452.8,-2454.3,531.1
PAR00152,Plastique,PVC collé,150,171.7,1975,-2454.3,531.1,-2284.7,557.6
PAR00153,Ciment,Amiante-ciment,125,100.1,1955,-2454.3,531.1,-2478.3,628.3
PAR00154,Plastique,PVC collé,100,91.4,1962,-2478.3,628.3,-2394.8,665.5
PAR00155,Fonte,Fonte ductile,80,80.8,1986,-2470.4,754.6,-2402.6,798.6
PAR00156,Fonte,Fonte ductile,100,210.3,1982,-2470.4,754.6,-2519.1,959.1
PAR00157,Fonte,Fonte grise,200,104.6,1961,-2519.1,959.1,-2416.4,939.3
PAR00158,Plastique,PVC collé,300,119.0,1960,-2519.1,959.1,-2548.4,1074.5
PAR00159,Acier,Acier,40,117.2,1952,-2548.4,1074.5,-2435.4,1105.7
PAR00160,Fonte,Fonte grise,600,100.0,1930,-2583.0,1167.3,-2483.3,1158.7
PAR00161,Plastique,PVC,100,157.8,1990,-2583.0,1167.3,-2623.2,1319.9
PAR00162,Fonte,Fonte grise,150,107.5,1930,-2623.2,1319.9,-2518.8,1294.7
PAR00163,Fonte,Fonte grise,100,80.9,1936,-2623.2,1319.9,-2680.0,1377.5
PAR00164,Fonte,Fonte ductile,150,108.6,2012,-2680.0,1377.5,-2576.3,1409.5
PAR00165,Plastique,PVC,32,110.1,1980,-1511.0,-2545.1,-1415.5,-2490.3
PAR00166,Plastique,PVC collé,200,168.3,1960,-1511.0,-2545.1,-1560.1,-2384.2
PAR00167,Plastique,PVC,150,179.3,1980,-1560.1,-2384.2,-1392.1,-2321.4
PAR00168,Plastique,PVC collé,150,144.6,1960,-1560.1,-2384.2,-1577.5,-2240.6
PAR00169,Plastique,PVC collé,100,173.9,1971,-1577.5,-2240.6,-1406.6,-2272.3
PAR00170,Plastique,PVC,200,85.5,1980,-1577.5,-2240.6,-1612.2,-2162.4
PAR00171,Fonte,Fonte grise,80,130.3,1930,-1612.2,-2162.4,-1489.7,-2117.9
PAR00172,Fonte,Fonte ductile,63,159.5,1981,-1612.2,-2162.4,-1644.7,-2006.3
PAR00173,Plastique,PVC collé,50,82.8,1960,-1644.7,-2006.3,-1670.9,-1927.7
PAR00174,Plastique,PVC,50,91.5,1982,-1670.9,-1927.7,-1584.8,-1896.6
PAR00175,Plastique,PVC collé,100,143.8,1960,-1670.9,-1927.7,-1704.5,-1787.9
PAR00176,Plastique,PVC collé,200,168.7,1960,-1704.5,-1787.9,-1745.2,-1624.2
PAR00177,Acier,Acier,80,103.0,1950,-1745.2,-1624.2,-1644.3,-1645.1
PAR00178,Fonte,Fonte grise,300,121.3,1942,-1745.2,-1624.2,-1765.9,-1504.7
PAR00179,Fonte,Fonte ductile,500,133.2,1981,-1765.9,-1504.7,-1791.9,-1374.1
PAR00180,Plastique,PVC collé,125,126.7,1966,-1791.9,-1374.1,-1668.9,-1404.6
PAR00181,Plastique,PVC,250,128.0,1980,-1791.9,-1374.1,-1818.2,-1248.8
PAR00182,Ciment,Amiante-ciment,125,107.7,1955,-1818.2,-1248.8,-1710.5,-1246.5
PAR00183,Plastique,PVC collé,125,100.0,1969,-1818.2,-1248.8,-1892.7,-1182.2
PAR00184,Plastique,PVC collé,50,132.6,1966,-1892.7,-1182.2,-1776.9,-1117.6
PAR00185,Plastique,PVC collé,500,64.4,1960,-1919.0,-1017.5,-1952.4,-962.5
PAR00186,Fonte,Fonte grise,150,138.3,1948,-1952.4,-962.5,-1863.3,-856.6
PAR00187,Fonte,Fonte ductile,100,150.9,1970,-1952.4,-962.5,-1965.6,-812.2
PAR00188,Plastique,PVC,100,130.1,1980,-1965.6,-812.2,-1837.0,-792.6
PAR00189,Fonte,Fonte grise,200,186.2,1939,-1965.6,-812.2,-1963.3,-626.0
PAR00190,Fonte,Fonte grise,63,64.3,1930,-1963.3,-626.0,-1905.4,-654.1
PAR00191,Acier,Acier,50,140.4,1950,-1963.3,-626.0,-1999.8,-490.4
PAR00192,Plastique,PVC collé,100,71.2,1960,-1999.8,-490.4,-1948.2,-539.4
PAR00193,Acier,Acier,125,85.0,1950,-1999.8,-490.4,-2055.7,-426.4
PAR00194,Acier,Acier,80,134.1,1950,-2055.7,-426.4,-1921.6,-426.0
PAR00195,Fonte,Fonte ductile,150,182.1,1970,-2055.7,-426.4,-2126.5,-258.6
PAR00196,Acier,Acier,100,141.3,1954,-2126.5,-258.6,-1986.9,-280.4
PAR00197,Fonte,Fonte ductile,400,82.5,1976,-2085.9,-192.3,-2013.9,-151.9
PAR00198,Plastique,PEHD,200,105.7,2016,-2137.9,-84.3,-2050.1,-25.3
PAR00199,Plastique,PEHD,100,129.6,1995,-2137.9,-84.3,-2180.4,38.2
PAR00200,Plastique,PEHD,600,94.2,1995,-2180.4,38.2,-2100.4,87.8
PAR00201,Fonte,Fonte ductile,200,179.5,1970,-2180.4,38.2,-2197.3,216.9
PAR00202,Plastique,PEHD,50,103.7,1995,-2197.3,216.9,-2096.7,242.1
PAR00203,Plastique,PVC,63,95.4,1980,-2197.3,216.9,-2263.7,285.4
PAR00204,Fonte,Fonte grise,250,142.2,1930,-2263.7,285.4,-2128.6,329.6
PAR00205,Plastique,PVC,80,119.3,1980,-2263.7,285.4,-2310.4,395.2
PAR00206,Ciment,Amiante-ciment,80,164.5,1960,-2310.4,395.2,-2284.7,557.6
PAR00207,Plastique,PVC,40,76.9,1980,-2284.7,557.6,-2207.9,560.8
PAR00208,Fonte,Fonte grise,40,154.1,1945,-2284.7,557.6,-2394.8,665.5
PAR00209,Fonte,Fonte grise,150,162.2,1951,-2394.8,665.5,-2236.8,701.8
PAR00210,Fonte,Fonte grise,250,138.2,1964,-2402.6,798.6,-2268.3,830.8
PAR00211,Fonte,Fonte grise,200,92.0,1936,-2416.4,939.3,-2334.7,981.8
PAR00212,Acier,Acier,32,94.1,1963,-2435.4,1105.7,-2362.8,1045.9
PAR00213,Fonte,Fonte grise,32,71.5,1968,-2435.4,1105.7,-2483.3,1158.7
PAR00214,Plastique,PVC,100,158.6,2004,-2483.3,1158.7,-2354.5,1251.2
PAR00215,Plastique,PEHD,200,140.5,1995,-2483.3,1158.7,-2518.8,1294.7
PAR00216,Plastique,PEHD,125,159.5,1995,-2518.8,1294.7,-2365.3,1338.0
PAR00217,Plastique,PVC collé,40,128.5,1960,-2518.8,1294.7,-2576.3,1409.5
PAR00218,Fonte,Fonte grise,80,117.4,1951,-2576.3,1409.5,-2478.1,1473.9
PAR00219,Plastique,PVC collé,200,170.5,1960,-1415.5,-2490.3,-1392.1,-2321.4
PAR00220,Fonte,Fonte ductile,100,98.3,1983,-1392.1,-2321.4,-1298.8,-2352.0
PAR00221,Plastique,PVC,150,51.2,1990,-1392.1,-2321.4,-1406.6,-2272.3
PAR00222,Fonte,Fonte grise,100,88.3,1930,-1406.6,-2272.3,-1361.2,-2196.5
PAR00223,Fonte,Fonte grise,125,175.4,1975,-1406.6,-2272.3,-1489.7,-2117.9
PAR00224,Plastique,PVC,300,102.7,1990,-1489.7,-2117.9,-1407.3,-2056.6
PAR00225,Fonte,Fonte ductile,80,102.4,1986,-1489.7,-2117.9,-1515.0,-2018.6
PAR00226,Acier,Acier,250,133.1,1951,-1515.0,-2018.6,-1397.9,-1955.3
PAR00227,Plastique,PEHD,300,140.6,1995,-1515.0,-2018.6,-1584.8,-1896.6
PAR00228,Plastique,PVC collé,50,132.5,1978,-1584.8,-1896.6,-1471.4,-1828.1
PAR00229,Fonte,Fonte grise,500,175.4,1966,-1584.8,-1896.6,-1571.0,-1721.8
PAR00230,Plastique,PVC,100,133.0,1990,-1571.0,-1721.8,-1443.2,-1685.0
PAR00231,Fonte,Fonte ductile,40,106.0,1987,-1571.0,-1721.8,-1644.3,-1645.1
PAR00232,Plastique,PEHD,80,158.0,1995,-1644.3,-1645.1,-1488.2,-1621.2
PAR00233,Plastique,PVC collé,150,189.2,1960,-1644.3,-1645.1,-1621.4,-1457.3
PAR00234,Fonte,Fonte ductile,125,115.7,1980,-1621.4,-1457.3,-1506.5,-1444.1
PAR00235,Plastique,PEHD,40,71.0,2024,-1621.4,-1457.3,-1668.9,-1404.6
PAR00236,Plastique,PEHD,40,81.2,1995,-1668.9,-1404.6,-1588.7,-1391.9
PAR00237,Plastique,PEHD,50,163.5,1995,-1668.9,-1404.6,-1710.5,-1246.5
PAR00238,Fonte,Fonte ductile,600,145.0,1975,-1710.5,-1246.5,-1776.9,-1117.6
PAR00239,Plastique,PEHD,32,114.5,1995,-1776.9,-1117.6,-1662.6,-1111.5
PAR00240,Fonte,Fonte grise,100,213.2,1930,-1746.0,-1034.7,-1863.3,-856.6
PAR00241,Plastique,PVC,200,200.8,1980,-1863.3,-856.6,-1662.9,-843.0
PAR00242,Ciment,Amiante-ciment,250,69.2,1955,-1863.3,-856.6,-1837.0,-792.6
PAR00243,Fonte,Fonte grise,63,154.5,1932,-1837.0,-792.6,-1706.1,-710.4
PAR00244,Fonte,Fonte ductile,125,154.6,1972,-1837.0,-792.6,-1905.4,-654.1
PAR00245,Plastique,PVC collé,100,123.9,1960,-1905.4,-654.1,-1811.3,-573.4
PAR00246,Fonte,Fonte grise,600,122.4,1930,-1905.4,-654.1,-1948.2,-539.4
PAR00247,Plastique,PVC,150,203.8,1980,-1948.2,-539.4,-1755.1,-474.1
PAR00248,Fonte,Fonte grise,100,78.1,1952,-1921.6,-426.0,-1867.4,-369.7
PAR00249,Fonte,Fonte ductile,150,155.0,1970,-1986.9,-280.4,-1832.4,-267.3
PAR00250,Ciment,Amiante-ciment,80,131.3,1955,-1986.9,-280.4,-2013.9,-151.9
PAR00251,Fonte,Fonte grise,125,131.7,1932,-2013.9,-151.9,-2050.1,-25.3
PAR00252,Fonte,Fonte ductile,150,96.7,1970,-2050.1,-25.3,-1970.2,29.2
PAR00253,Fonte,Fonte ductile,200,123.7,1970,-2050.1,-25.3,-2100.4,87.8
PAR00254,Fonte,Fonte ductile,125,115.9,1970,-2100.4,87.8,-2012.4,163.3
PAR00255,Fonte,Fonte ductile,200,129.6,1970,-2096.7,242.1,-1978.5,295.3
PAR00256,Fonte,Fonte ductile,125,93.1,1970,-2096.7,242.1,-2128.6,329.6
PAR00257,Fonte,Fonte grise,100,147.6,1930,-2128.6,329.6,-2010.9,418.7
PAR00258,Fonte,Fonte ductile,250,131.3,1970,-2128.6,329.6,-2178.6,451.0
PAR00259,Fonte,Fonte grise,100,162.7,1930,-2178.6,451.0,-2019.5,485.0
PAR00260,Fonte,Fonte ductile,250,113.7,1971,-2178.6,451.0,-2207.9,560.8
PAR00261,Fonte,Fonte ductile,63,103.4,1970,-2207.9,560.8,-2117.1,610.3
PAR00262,Fonte,Fonte grise,80,143.9,1930,-2207.9,560.8,-2236.8,701.8
PAR00263,Fonte,Fonte ductile,150,159.0,1970,-2236.8,701.8,-2098.7,780.5
PAR00264,Fonte,Fonte grise,40,132.8,1930,-2236.8,701.8,-2268.3,830.8
PAR00265,Plastique,PVC,40,149.0,1980,-2268.3,830.8,-2129.5,884.9
PAR00266,Fonte,Fonte ductile,200,165.0,1984,-2268.3,830.8,-2334.7,981.8
PAR00267,Fonte,Fonte ductile,150,142.9,1970,-2334.7,981.8,-2191.9,980.3
PAR00268,Plastique,PVC collé,250,70.0,1960,-2334.7,981.8,-2362.8,1045.9
PAR00269,Plastique,PEHD,125,181.2,1995,-2362.8,1045.9,-2214.6,1150.1
PAR00270,Fonte,Fonte ductile,100,205.5,1970,-2362.8,1045.9,-2354.5,1251.2
PAR00271,Fonte,Fonte grise,150,82.5,1930,-2354.5,1251.2,-2281.8,1212.3
PAR00272,Plastique,PVC collé,500,87.5,1960,-2354.5,1251.2,-2365.3,1338.0
PAR00273,Fonte,Fonte grise,125,107.5,1930,-2365.3,1338.0,-2265.1,1377.0
PAR00274,Plastique,PVC,200,176.6,1984,-2365.3,1338.0,-2478.1,1473.9
PAR00275,Plastique,PVC collé,80,119.8,1965,-1249.2,-2423.9,-1131.6,-2446.6
PAR00276,Fonte,Fonte ductile,32,87.3,2002,-1249.2,-2423.9,-1298.8,-2352.0
PAR00277,Plastique,PEHD,150,150.4,2011,-1298.8,-2352.0,-1160.2,-2293.6
PAR00278,Plastique,PVC collé,40,137.6,1963,-1361.2,-2196.5,-1223.6,-2192.9
PAR00279,Fonte,Fonte ductile,150,147.3,1970,-1361.2,-2196.5,-1407.3,-2056.6
PAR00280,Plastique,PEHD,125,155.9,1995,-1407.3,-2056.6,-1253.3,-2081.4
PAR00281,Fonte,Fonte grise,100,101.8,1930,-1407.3,-2056.6,-1397.9,-1955.3
PAR00282,Fonte,Fonte grise,80,140.8,1941,-1397.9,-1955.3,-1258.1,-1971.5
PAR00283,Plastique,PEHD,200,146.9,1995,-1397.9,-1955.3,-1471.4,-1828.1
PAR00284,Plastique,PVC collé,250,135.9,1965,-1471.4,-1828.1,-1337.7,-1852.4
PAR00285,Fonte,Fonte ductile,200,145.8,1970,-1471.4,-1828.1,-1443.2,-1685.0
PAR00286,Plastique,PEHD,80,66.9,1995,-1443.2,-1685.0,-1376.5,-1680.0
PAR00287,Fonte,Fonte ductile,200,88.6,1973,-1488.2,-1621.2,-1402.3,-1599.6
PAR00288,Ciment,Amiante-ciment,300,97.6,1955,-1506.5,-1444.1,-1413.4,-1473.3
PAR00289,Fonte,Fonte ductile,125,97.4,1992,-1506.5,-1444.1,-1588.7,-1391.9
PAR00290,Fonte,Fonte grise,200,173.4,1930,-1588.7,-1391.9,-1452.9,-1284.3
PAR00291,Acier,Acier,50,150.5,1950,-1588.7,-1391.9,-1582.8,-1241.6
PAR00292,Plastique,PVC,150,120.5,2020,-1582.8,-1241.6,-1485.0,-1171.3
PAR00293,Fonte,Fonte ductile,400,152.6,1970,-1582.8,-1241.6,-1662.6,-1111.5
PAR00294,Fonte,Fonte grise,80,160.0,1930,-1662.6,-1111.5,-1520.3,-1038.4
PAR00295,Plastique,PVC,200,137.8,1982,-1648.5,-1007.2,-1528.4,-939.6
PAR00296,Plastique,PEHD,125,164.9,1995,-1648.5,-1007.2,-1662.9,-843.0
PAR00297,Plastique,PVC collé,125,110.2,1960,-1662.9,-843.0,-1552.8,-843.5
PAR00298,Fonte,Fonte ductile,100,139.4,1974,-1662.9,-843.0,-1706.1,-710.4
PAR00299,Fonte,Fonte ductile,80,71.0,1979,-1706.1,-710.4,-1644.5,-675.2
PAR00300,Plastique,PEHD,150,172.8,1995,-1706.1,-710.4,-1811.3,-573.4
PAR00301,Fonte,Fonte grise,80,172.1,1946,-1811.3,-573.4,-1645.0,-617.6
PAR00302,Plastique,PVC collé,40,114.1,1960,-1811.3,-573.4,-1755.1,-474.1
PAR00303,Plastique,PVC,250,153.3,1980,-1755.1,-474.1,-1867.4,-369.7
PAR00304,Fonte,Fonte ductile,150,144.8,1992,-1867.4,-369.7,-1730.1,-323.7
PAR00305,Fonte,Fonte ductile,250,108.2,1977,-1867.4,-369.7,-1832.4,-267.3
PAR00306,Fonte,Fonte grise,40,71.0,1957,-1832.4,-267.3,-1774.3,-226.5
PAR00307,Fonte,Fonte ductile,125,193.9,2004,-1832.4,-267.3,-1936.2,-103.6
PAR00308,Plastique,PVC collé,80,171.1,1960,-1936.2,-103.6,-1765.2,-97.7
PAR00309,Ciment,Amiante-ciment,63,137.1,1955,-1936.2,-103.6,-1970.2,29.2
PAR00310,Fonte,Fonte grise,250,126.8,1951,-1970.2,29.2,-1853.4,78.6
PAR00311,Plastique,PVC collé,100,140.6,1960,-1970.2,29.2,-2012.4,163.3
PAR00312,Ciment,Amiante-ciment,250,136.3,1955,-2012.4,163.3,-1978.5,295.3
PAR00313,Fonte,Fonte ductile,125,79.6,1981,-1978.5,295.3,-1901.3,315.0
PAR00314,Plastique,PVC,125,127.6,1980,-1978.5,295.3,-2010.9,418.7
PAR00315,Plastique,PEHD,100,118.6,1995,-2010.9,418.7,-1893.7,436.8
PAR00316,Plastique,PVC collé,600,66.8,1960,-2010.9,418.7,-2019.5,485.0
PAR00317,Fonte,Fonte ductile,250,84.8,1975,-2019.5,485.0,-1937.2,505.3
PAR00318,Plastique,PVC,80,158.9,1980,-2019.5,485.0,-2117.1,610.3
PAR00319,Fonte,Fonte ductile,150,118.2,1970,-2117.1,610.3,-2004.6,646.3
PAR00320,Plastique,PVC collé,250,171.2,1960,-2117.1,610.3,-2098.7,780.5
PAR00321,Plastique,PVC,80,87.1,1980,-2098.7,780.5,-2020.1,818.1
PAR00322,Plastique,PEHD,200,108.8,1995,-2098.7,780.5,-2129.5,884.9
PAR00323,Plastique,PVC collé,600,108.0,1960,-2129.5,884.9,-2023.5,905.5
PAR00324,Plastique,PVC collé,125,87.9,1965,-2191.9,980.3,-2104.0,980.7
PAR00325,Plastique,PEHD,400,171.3,2007,-2191.9,980.3,-2214.6,1150.1
PAR00326,Fonte,Fonte grise,250,121.3,1930,-2214.6,1150.1,-2093.6,1158.8
PAR00327,Plastique,PEHD,125,142.1,2012,-2281.8,1212.3,-2161.7,1288.1
PAR00328,Ciment,Amiante-ciment,200,165.6,1955,-2281.8,1212.3,-2265.1,1377.0
PAR00329,Plastique,PEHD,100,89.8,1995,-2265.1,1377.0,-2176.1,1388.6
PAR00330,Plastique,PEHD,40,152.6,1998,-2265.1,1377.0,-2330.1,1515.1
PAR00331,Fonte,Fonte ductile,100,115.3,1970,-2330.1,1515.1,-2224.4,1561.3
PAR00332,Ciment,Amiante-ciment,100,69.8,1977,-1131.6,-2446.6,-1061.8,-2445.2
PAR00333,Fonte,Fonte ductile,150,155.7,1971,-1131.6,-2446.6,-1160.2,-2293.6
PAR00334,Fonte,Fonte ductile,150,69.8,1970,-1160.2,-2293.6,-1098.7,-2260.5
PAR00335,Fonte,Fonte ductile,250,118.9,1970,-1160.2,-2293.6,-1223.6,-2192.9
PAR00336,Fonte,Fonte ductile,150,115.4,1979,-1223.6,-2192.9,-1253.3,-2081.4
PAR00337,Fonte,Fonte grise,63,147.3,1936,-1253.3,-2081.4,-1141.5,-1985.4
PAR00338,Fonte,Fonte grise,32,110.0,1930,-1253.3,-2081.4,-1258.1,-1971.5
PAR00339,Plastique,PVC,200,107.5,1980,-1258.1,-1971.5,-1198.2,-1882.2
PAR00340,Fonte,Fonte ductile,100,176.7,2002,-1337.7,-1852.4,-1376.5,-1680.0
PAR00341,Acier,Acier,200,176.2,1950,-1376.5,-1680.0,-1200.6,-1689.4
PAR00342,Plastique,PVC,125,84.4,1980,-1376.5,-1680.0,-1402.3,-1599.6
PAR00343,Plastique,PVC,150,126.8,1980,-1402.3,-1599.6,-1413.4,-1473.3
PAR00344,Fonte,Fonte ductile,32,106.4,1970,-1413.4,-1473.3,-1347.7,-1389.6
PAR00345,Fonte,Fonte ductile,100,193.1,1970,-1413.4,-1473.3,-1452.9,-1284.3
PAR00346,Fonte,Fonte ductile,80,84.3,1970,-1452.9,-1284.3,-1375.4,-1251.1
PAR00347,Fonte,Fonte ductile,80,102.9,1970,-1485.0,-1171.3,-1390.9,-1129.5
PAR00348,Fonte,Fonte ductile,200,137.5,1973,-1485.0,-1171.3,-1520.3,-1038.4
PAR00349,Fonte,Fonte grise,200,158.1,1931,-1520.3,-1038.4,-1363.7,-1016.2
PAR00350,Fonte,Fonte ductile,150,118.4,1970,-1528.4,-939.6,-1410.1,-933.3
PAR00351,Fonte,Fonte grise,200,80.0,1930,-1552.8,-843.5,-1509.6,-776.1
PAR00352,Plastique,PVC,500,191.6,1980,-1552.8,-843.5,-1644.5,-675.2
PAR00353,Fonte,Fonte grise,100,129.2,1960,-1644.5,-675.2,-1517.4,-698.7
PAR00354,Fonte,Fonte grise,32,57.5,1940,-1644.5,-675.2,-1645.0,-617.6
PAR00355,Fonte,Fonte grise,125,190.5,1930,-1645.0,-617.6,-1660.2,-427.8
PAR00356,Fonte,Fonte grise,250,118.1,1930,-1660.2,-427.8,-1543.3,-411.2
PAR00357,Fonte,Fonte ductile,200,125.4,1970,-1660.2,-427.8,-1730.1,-323.7
PAR00358,Fonte,Fonte ductile,125,161.2,1970,-1730.1,-323.7,-1571.0,-297.5
PAR00359,Acier,Acier,80,106.7,1950,-1730.1,-323.7,-1774.3,-226.5
PAR00360,Fonte,Fonte grise,50,152.5,1940,-1774.3,-226.5,-1629.0,-180.2
PAR00361,Fonte,Fonte ductile,200,129.2,1997,-1774.3,-226.5,-1765.2,-97.7
PAR00362,Fonte,Fonte ductile,100,79.9,1972,-1765.2,-97.7,-1692.5,-64.4
PAR00363,Fonte,Fonte ductile,200,197.1,1970,-1765.2,-97.7,-1853.4,78.6
PAR00364,Fonte,Fonte ductile,300,133.8,1970,-1853.4,78.6,-1724.9,41.6
PAR00365,Fonte,Fonte ductile,500,147.8,1994,-1863.7,197.3,-1720.2,161.8
PAR00366,Plastique,PVC collé,200,123.5,1960,-1863.7,197.3,-1901.3,315.0
PAR00367,Acier,Acier,125,133.8,1950,-1901.3,315.0,-1772.6,351.4
PAR00368,Fonte,Fonte ductile,32,122.1,1970,-1901.3,315.0,-1893.7,436.8
PAR00369,Acier,Acier,150,88.4,1962,-1893.7,436.8,-1811.6,404.2
PAR00370,Fonte,Fonte grise,150,81.1,1954,-1893.7,436.8,-1937.2,505.3
PAR00371,Fonte,Fonte grise,125,156.4,1930,-1937.2,505.3,-1800.7,581.7
PAR00372,Plastique,PVC,250,156.3,1980,-1937.2,505.3,-2004.6,646.3
PAR00373,Fonte,Fonte ductile,40,172.5,1970,-2004.6,646.3,-2020.1,818.1
PAR00374,Fonte,Fonte ductile,200,138.5,1981,-2020.1,818.1,-1883.4,840.0
PAR00375,Fonte,Fonte grise,100,87.5,1953,-2020.1,818.1,-2023.5,905.5
PAR00376,Fonte,Fonte ductile,125,113.6,1988,-2023.5,905.5,-1911.7,925.8
PAR00377,Fonte,Fonte ductile,250,110.1,1971,-2023.5,905.5,-2104.0,980.7
PAR00378,Plastique,PVC,40,143.3,1992,-2104.0,980.7,-2007.2,1086.5
PAR00379,Fonte,Fonte ductile,200,178.3,1979,-2104.0,980.7,-2093.6,1158.8
PAR00380,Fonte,Fonte grise,150,146.2,1932,-2093.6,1158.8,-2161.7,1288.1
PAR00381,Fonte,Fonte ductile,125,152.9,1985,-2161.7,1288.1,-2024.6,1355.9
PAR00382,Fonte,Fonte ductile,80,101.5,1970,-2161.7,1288.1,-2176.1,1388.6
PAR00383,Plastique,PEHD,200,122.5,1995,-2176.1,1388.6,-2084.7,1470.2
PAR00384,Plastique,PVC,150,179.3,1980,-2176.1,1388.6,-2224.4,1561.3
PAR00385,Plastique,PVC,300,182.9,1980,-2224.4,1561.3,-2044.9,1526.1
PAR00386,Acier,Acier,300,156.6,1961,-1061.8,-2445.2,-921.4,-2375.9
PAR00387,Fonte,Fonte grise,150,188.3,1954,-1061.8,-2445.2,-1098.7,-2260.5
PAR00388,Fonte,Fonte grise,125,130.3,1930,-1098.7,-2260.5,-968.9,-2249.1
PAR00389,Fonte,Fonte grise,80,80.2,1930,-1098.7,-2260.5,-1107.6,-2180.8
PAR00390,Fonte,Fonte ductile,150,140.2,1971,-1107.6,-2180.8,-975.8,-2133.1
PAR00391,Fonte,Fonte grise,100,198.3,1975,-1107.6,-2180.8,-1141.5,-1985.4
PAR00392,Plastique,PEHD,80,121.5,1995,-1141.5,-1985.4,-1025.6,-2022.0
PAR00393,Fonte,Fonte grise,80,144.4,1930,-1198.2,-1882.2,-1053.9,-1885.9
PAR00394,Fonte,Fonte ductile,150,110.0,1988,-1198.2,-1882.2,-1214.5,-1773.4
PAR00395,Plastique,PVC,125,85.2,1980,-1214.5,-1773.4,-1200.6,-1689.4
PAR00396,Fonte,Fonte grise,125,134.9,1949,-1200.6,-1689.4,-1105.9,-1593.2
PAR00397,Plastique,PVC collé,500,128.0,1960,-1200.6,-1689.4,-1255.7,-1573.8
PAR00398,Fonte,Fonte ductile,80,116.0,1970,-1255.7,-1573.8,-1194.9,-1475.0
PAR00399,Fonte,Fonte grise,80,205.9,1930,-1255.7,-1573.8,-1347.7,-1389.6
PAR00400,Plastique,PVC collé,250,187.6,1960,-1347.7,-1389.6,-1163.9,-1351.6
PAR00401,Fonte,Fonte ductile,150,141.2,1970,-1347.7,-1389.6,-1375.4,-1251.1
PAR00402,Plastique,PVC collé,100,153.1,1964,-1375.4,-1251.1,-1230.3,-1299.9
PAR00403,Plastique,PVC collé,200,122.6,1960,-1375.4,-1251.1,-1390.9,-1129.5
PAR00404,Fonte,Fonte ductile,125,165.9,1970,-1390.9,-1129.5,-1229.5,-1167.7
PAR00405,Plastique,PVC,250,116.5,1980,-1390.9,-1129.5,-1363.7,-1016.2
PAR00406,Plastique,PVC collé,63,123.6,1984,-1363.7,-1016.2,-1240.2,-1019.4
PAR00407,Fonte,Fonte ductile,400,95.0,1997,-1363.7,-1016.2,-1410.1,-933.3
PAR00408,Ciment,Amiante-ciment,250,129.4,1956,-1410.1,-933.3,-1283.0,-908.8
PAR00409,Plastique,PVC collé,40,186.0,1960,-1410.1,-933.3,-1509.6,-776.1
PAR00410,Plastique,PVC collé,125,181.8,1960,-1509.6,-776.1,-1328.0,-786.1
PAR00411,Fonte,Fonte grise,63,77.8,1944,-1509.6,-776.1,-1517.4,-698.7
PAR00412,Fonte,Fonte ductile,100,155.5,2003,-1517.4,-698.7,-1366.3,-661.8
PAR00413,Fonte,Fonte grise,250,195.4,1930,-1517.4,-698.7,-1517.2,-503.3
PAR00414,Fonte,Fonte grise,300,118.2,1930,-1517.2,-503.3,-1402.9,-473.3
PAR00415,Plastique,PEHD,600,112.6,1995,-1543.3,-411.2,-1452.0,-345.3
PAR00416,Acier,Acier,500,117.1,1950,-1543.3,-411.2,-1571.0,-297.5
PAR00417,Acier,Acier,200,99.2,1950,-1571.0,-297.5,-1482.7,-252.3
PAR00418,Plastique,PEHD,100,130.8,1999,-1571.0,-297.5,-1629.0,-180.2
PAR00419,Fonte,Fonte grise,200,152.9,1944,-1629.0,-180.2,-1489.6,-117.5
PAR00420,Fonte,Fonte ductile,150,132.1,1983,-1629.0,-180.2,-1692.5,-64.4
PAR00421,Fonte,Fonte ductile,100,167.1,1970,-1692.5,-64.4,-1545.9,15.9
PAR00422,Plastique,PVC,125,110.9,1980,-1692.5,-64.4,-1724.9,41.6
PAR00423,Fonte,Fonte ductile,150,114.0,1970,-1724.9,41.6,-1612.9,63.3
PAR00424,Acier,Acier,600,128.6,1956,-1720.2,161.8,-1610.8,229.3
PAR00425,Fonte,Fonte ductile,125,196.7,1970,-1720.2,161.8,-1772.6,351.4
PAR00426,Fonte,Fonte ductile,125,128.4,1970,-1772.6,351.4,-1645.0,337.3
PAR00427,Fonte,Fonte grise,32,65.7,1930,-1772.6,351.4,-1811.6,404.2
PAR00428,Plastique,PVC,100,148.4,1980,-1811.6,404.2,-1679.7,472.2
PAR00429,Plastique,PEHD,150,177.8,1995,-1811.6,404.2,-1800.7,581.7
PAR00430,Fonte,Fonte grise,250,142.0,1940,-1800.7,581.7,-1896.3,686.7
PAR00431,Fonte,Fonte grise,100,190.1,1934,-1896.3,686.7,-1706.2,690.8
PAR00432,Fonte,Fonte grise,32,153.9,1930,-1896.3,686.7,-1883.4,840.0
PAR00433,Fonte,Fonte ductile,300,102.3,1996,-1883.4,840.0,-1781.8,827.6
PAR00434,Fonte,Fonte grise,300,90.3,1943,-1883.4,840.0,-1911.7,925.8
PAR00435,Plastique,PEHD,50,87.8,1995,-1911.7,925.8,-1852.9,991.0
PAR00436,Plastique,PEHD,100,187.0,1995,-1911.7,925.8,-2007.2,1086.5
PAR00437,Fonte,Fonte grise,125,185.6,1930,-2007.2,1086.5,-1821.7,1088.1
PAR00438,Plastique,PVC,250,83.4,1980,-2007.2,1086.5,-1956.9,1153.0
PAR00439,Fonte,Fonte ductile,40,136.2,1978,-1956.9,1153.0,-1866.0,1254.3
PAR00440,Plastique,PVC,250,213.9,1980,-1956.9,1153.0,-2024.6,1355.9
PAR00441,Fonte,Fonte grise,32,146.0,1962,-2024.6,1355.9,-1882.2,1388.2
PAR00442,Fonte,Fonte ductile,63,129.1,2004,-2024.6,1355.9,-2084.7,1470.2
PAR00443,Fonte,Fonte grise,100,156.7,1930,-2084.7,1470.2,-1928.2,1478.2
PAR00444,Plastique,PVC collé,300,68.6,1972,-2084.7,1470.2,-2044.9,1526.1
PAR00445,Plastique,PVC collé,200,47.3,1960,-2044.9,1526.1,-2007.2,1554.7
PAR00446,Plastique,PVC,150,134.9,1980,-921.4,-2375.9,-792.2,-2337.3
PAR00447,Fonte,Fonte ductile,150,135.3,1983,-921.4,-2375.9,-968.9,-2249.1
PAR00448,Ciment,Amiante-ciment,100,133.8,1955,-968.9,-2249.1,-846.5,-2195.1
PAR00449,Fonte,Fonte grise,250,116.3,1961,-968.9,-2249.1,-975.8,-2133.1
PAR00450,Plastique,PVC collé,150,93.7,1960,-975.8,-2133.1,-899.7,-2078.5
PAR00451,Fonte,Fonte ductile,250,114.3,1977,-1025.6,-2022.0,-912.0,-2009.6
PAR00452,Fonte,Fonte grise,200,139.0,1930,-1025.6,-2022.0,-1053.9,-1885.9
PAR00453,Fonte,Fonte ductile,125,167.5,1985,-1053.9,-1885.9,-887.8,-1865.1
PAR00454,Plastique,PVC collé,80,157.1,1966,-1053.9,-1885.9,-1095.9,-1734.5
PAR00455,Fonte,Fonte grise,300,141.7,1938,-1095.9,-1734.5,-1105.9,-1593.2
PAR00456,Fonte,Fonte grise,100,140.4,1930,-1105.9,-1593.2,-970.6,-1630.8
PAR00457,Plastique,PEHD,500,148.6,2000,-1194.9,-1475.0,-1046.3,-1474.0
PAR00458,Fonte,Fonte grise,80,127.2,1930,-1194.9,-1475.0,-1163.9,-1351.6
PAR00459,Fonte,Fonte ductile,150,114.6,1970,-1163.9,-1351.6,-1056.4,-1311.7
PAR00460,Fonte,Fonte ductile,50,84.2,1975,-1163.9,-1351.6,-1230.3,-1299.9
PAR00461,Fonte,Fonte grise,50,152.9,1930,-1230.3,-1299.9,-1107.3,-1209.1
PAR00462,Plastique,PVC,250,132.1,1980,-1230.3,-1299.9,-1229.5,-1167.7
PAR00463,Fonte,Fonte ductile,500,118.6,1979,-1240.2,-1019.4,-1283.0,-908.8
PAR00464,Fonte,Fonte ductile,150,133.9,1978,-1283.0,-908.8,-1166.0,-843.8
PAR00465,Fonte,Fonte ductile,80,130.7,1970,-1283.0,-908.8,-1328.0,-786.1
PAR00466,Fonte,Fonte ductile,80,108.3,1991,-1328.0,-786.1,-1224.2,-755.0
PAR00467,Fonte,Fonte grise,100,130.1,1930,-1328.0,-786.1,-1366.3,-661.8
PAR00468,Acier,Acier,125,159.7,1950,-1366.3,-661.8,-1248.0,-554.4
PAR00469,Fonte,Fonte grise,200,192.0,1930,-1366.3,-661.8,-1402.9,-473.3
PAR00470,Plastique,PVC collé,250,97.0,1960,-1402.9,-473.3,-1307.8,-454.4
PAR00471,Fonte,Fonte ductile,150,137.1,1970,-1402.9,-473.3,-1452.0,-345.3
PAR00472,Plastique,PEHD,100,100.3,1995,-1452.0,-345.3,-1363.6,-392.7
PAR00473,Fonte,Fonte ductile,100,97.9,1970,-1452.0,-345.3,-1482.7,-252.3
PAR00474,Plastique,PVC,200,135.0,1980,-1482.7,-252.3,-1489.6,-117.5
PAR00475,Fonte,Fonte ductile,100,124.1,1970,-1489.6,-117.5,-1366.1,-105.5
PAR00476,Fonte,Fonte grise,40,144.8,1930,-1489.6,-117.5,-1545.9,15.9
PAR00477,Plastique,PVC,125,89.6,1980,-1545.9,15.9,-1458.5,35.0
PAR00478,Fonte,Fonte grise,400,82.1,1930,-1545.9,15.9,-1612.9,63.3
PAR00479,Acier,Acier,400,206.8,1963,-1612.9,63.3,-1447.6,187.5
PAR00480,Fonte,Fonte grise,125,166.0,1930,-1612.9,63.3,-1610.8,229.3
PAR00481,Plastique,PEHD,150,153.3,1995,-1610.8,229.3,-1457.6,226.7
PAR00482,Plastique,PVC,200,113.3,1980,-1610.8,229.3,-1645.0,337.3
PAR00483,Fonte,Fonte grise,100,116.1,1939,-1645.0,337.3,-1534.5,373.0
PAR00484,Fonte,Fonte ductile,32,139.2,1970,-1645.0,337.3,-1679.7,472.2
PAR00485,Fonte,Fonte ductile,250,138.1,1970,-1679.7,472.2,-1543.2,493.2
PAR00486,Acier,Acier,125,104.4,1954,-1679.7,472.2,-1684.4,576.5
PAR00487,Plastique,PEHD,150,145.2,1995,-1684.4,576.5,-1570.1,666.1
PAR00488,Fonte,Fonte ductile,125,116.4,1970,-1684.4,576.5,-1706.2,690.8
PAR00489,Fonte,Fonte ductile,80,65.1,1975,-1706.2,690.8,-1650.4,724.3
PAR00490,Fonte,Fonte grise,100,156.3,1930,-1706.2,690.8,-1781.8,827.6
PAR00491,Fonte,Fonte grise,150,153.1,1930,-1781.8,827.6,-1648.4,902.6
PAR00492,Fonte,Fonte ductile,40,178.3,1989,-1781.8,827.6,-1852.9,991.0
PAR00493,Plastique,PVC collé,200,101.9,1960,-1852.9,991.0,-1821.7,1088.1
PAR00494,Fonte,Fonte ductile,300,172.1,1970,-1821.7,1088.1,-1866.0,1254.3
PAR00495,Plastique,PVC collé,150,63.6,1960,-1866.0,1254.3,-1802.4,1252.7
PAR00496,Fonte,Fonte ductile,50,134.8,1970,-1866.0,1254.3,-1882.2,1388.2
PAR00497,Plastique,PVC,150,85.3,1980,-1882.2,1388.2,-1798.3,1403.5
PAR00498,Fonte,Fonte grise,150,101.0,1938,-1882.2,1388.2,-1928.2,1478.2
PAR00499,Fonte,Fonte ductile,250,137.7,1986,-1928.2,1478.2,-1791.0,1490.3
PAR00500,Fonte,Fonte ductile,250,110.0,2015,-1928.2,1478.2,-2007.2,1554.7
PAR00501,Plastique,PVC collé,100,189.1,1960,-2007.2,1554.7,-1822.9,1596.9
PAR00502,Fonte,Fonte grise,40,152.2,1942,-792.2,-2337.3,-846.5,-2195.1
PAR00503,Fonte,Fonte ductile,150,134.5,1970,-846.5,-2195.1,-715.8,-2162.8
PAR00504,Fonte,Fonte grise,100,128.2,1941,-846.5,-2195.1,-899.7,-2078.5
PAR00505,Acier,Acier,125,167.3,1950,-899.7,-2078.5,-735.3,-2047.5
PAR00506,Fonte,Fonte grise,32,70.0,1930,-899.7,-2078.5,-912.0,-2009.6
PAR00507,Plastique,PVC collé,200,167.6,1961,-912.0,-2009.6,-765.1,-1929.0
PAR00508,Plastique,PVC collé,200,146.5,1960,-912.0,-2009.6,-887.8,-1865.1
PAR00509,Plastique,PEHD,125,137.1,2015,-887.8,-1865.1,-790.9,-1768.0
PAR00510,Plastique,PVC,100,108.0,1980,-942.4,-1710.2,-837.3,-1685.1
PAR00511,Fonte,Fonte ductile,125,84.3,1981,-942.4,-1710.2,-970.6,-1630.8
PAR00512,Fonte,Fonte grise,100,94.7,1930,-970.6,-1630.8,-884.1,-1592.3
PAR00513,Fonte,Fonte ductile,40,174.1,1970,-970.6,-1630.8,-1046.3,-1474.0
PAR00514,Plastique,PEHD,100,162.6,1995,-1046.3,-1474.0,-1056.4,-1311.7
PAR00515,Fonte,Fonte grise,125,84.8,1930,-1056.4,-1311.7,-977.0,-1281.8
PAR00516,Fonte,Fonte ductile,250,114.6,1970,-1056.4,-1311.7,-1107.3,-1209.1
PAR00517,Fonte,Fonte ductile,500,132.7,1990,-1107.3,-1209.1,-983.3,-1161.8
PAR00518,Acier,Acier,100,149.6,1955,-1107.3,-1209.1,-1167.6,-1072.1
PAR00519,Plastique,PVC collé,400,190.6,1981,-1167.6,-1072.1,-978.4,-1095.0
PAR00520,Plastique,PVC collé,200,78.5,1960,-1167.6,-1072.1,-1164.4,-993.6
PAR00521,Plastique,PVC,100,107.3,1980,-1164.4,-993.6,-1071.0,-940.8
PAR00522,Fonte,Fonte grise,150,149.9,1930,-1164.4,-993.6,-1166.0,-843.8
PAR00523,Fonte,Fonte grise,150,98.8,1960,-1166.0,-843.8,-1091.0,-779.5
PAR00524,Plastique,PVC collé,150,106.1,1960,-1166.0,-843.8,-1224.2,-755.0
PAR00525,Fonte,Fonte ductile,32,122.1,1979,-1224.2,-755.0,-1144.3,-662.8
PAR00526,Acier,Acier,100,129.4,1950,-1248.0,-554.4,-1118.9,-546.8
PAR00527,Ciment,Amiante-ciment,150,116.5,1959,-1248.0,-554.4,-1307.8,-454.4
PAR00528,Fonte,Fonte grise,100,83.2,1930,-1307.8,-454.4,-1363.6,-392.7
PAR00529,Ciment,Amiante-ciment,80,189.4,1955,-1363.6,-392.7,-1200.1,-297.1
PAR00530,Fonte,Fonte grise,600,159.7,1954,-1363.6,-392.7,-1396.2,-236.3
PAR00531,Plastique,PEHD,63,124.9,1995,-1396.2,-236.3,-1290.7,-169.5
PAR00532,Plastique,PVC collé,200,134.2,1960,-1396.2,-236.3,-1366.1,-105.5
PAR00533,Fonte,Fonte grise,400,79.2,1945,-1366.1,-105.5,-1318.4,-42.3
PAR00534,Fonte,Fonte grise,125,168.2,1930,-1366.1,-105.5,-1458.5,35.0
PAR00535,Plastique,PVC collé,80,109.0,1960,-1458.5,35.0,-1352.4,60.1
PAR00536,Fonte,Fonte grise,80,152.8,1930,-1458.5,35.0,-1447.6,187.5
PAR00537,Acier,Acier,300,40.4,1950,-1447.6,187.5,-1457.6,226.7
PAR00538,Fonte,Fonte ductile,150,67.2,1970,-1457.6,226.7,-1397.6,256.9
PAR00539,Fonte,Fonte grise,125,165.3,1930,-1457.6,226.7,-1534.5,373.0
PAR00540,Plastique,PVC,32,138.0,1991,-1534.5,373.0,-1401.6,410.1
PAR00541,Fonte,Fonte grise,250,120.6,1941,-1534.5,373.0,-1543.2,493.2
PAR00542,Plastique,PVC,80,136.5,1980,-1543.2,493.2,-1433.6,574.6
PAR00543,Plastique,PVC,250,175.0,1980,-1543.2,493.2,-1570.1,666.1
PAR00544,Fonte,Fonte grise,80,118.1,1931,-1570.1,666.1,-1453.0,650.7
PAR00545,Plastique,PVC collé,125,99.1,1960,-1570.1,666.1,-1650.4,724.3
PAR00546,Plastique,PVC,32,170.7,1980,-1650.4,724.3,-1490.3,783.3
PAR00547,Fonte,Fonte grise,80,178.3,1946,-1650.4,724.3,-1648.4,902.6
PAR00548,Fonte,Fonte grise,50,79.2,1930,-1648.4,902.6,-1581.6,945.1
PAR00549,Fonte,Fonte grise,100,115.7,1956,-1648.4,902.6,-1703.7,1004.2
PAR00550,Fonte,Fonte ductile,100,157.7,1970,-1703.7,1004.2,-1760.9,1151.2
PAR00551,Fonte,Fonte grise,40,183.3,1975,-1760.9,1151.2,-1578.3,1135.5
PAR00552,Plastique,PEHD,125,169.2,1999,-1802.4,1252.7,-1633.6,1240.4
PAR00553,Fonte,Fonte grise,80,150.9,1942,-1802.4,1252.7,-1798.3,1403.5
PAR00554,Fonte,Fonte ductile,250,123.8,1992,-1798.3,1403.5,-1675.2,1390.2
PAR00555,Fonte,Fonte ductile,250,87.1,1984,-1798.3,1403.5,-1791.0,1490.3
PAR00556,Plastique,PEHD,200,111.3,1995,-1791.0,1490.3,-1822.9,1596.9
PAR00557,Plastique,PVC,100,109.3,1988,-690.7,-2339.3,-600.3,-2277.8
PAR00558,Fonte,Fonte ductile,80,133.8,1970,-715.8,-2162.8,-587.6,-2124.8
PAR00559,Plastique,PVC,125,116.9,1980,-715.8,-2162.8,-735.3,-2047.5
PAR00560,Fonte,Fonte ductile,400,65.6,1971,-735.3,-2047.5,-681.4,-2010.0
PAR00561,Acier,Acier,50,80.7,1963,-765.1,-1929.0,-690.6,-1897.8
PAR00562,Fonte,Fonte grise,500,163.0,1947,-765.1,-1929.0,-790.9,-1768.0
PAR00563,Plastique,PVC collé,200,95.1,1967,-790.9,-1768.0,-837.3,-1685.1
PAR00564,Fonte,Fonte grise,80,103.9,1947,-837.3,-1685.1,-884.1,-1592.3
PAR00565,Fonte,Fonte grise,250,152.1,1975,-884.1,-1592.3,-744.6,-1531.4
PAR00566,Fonte,Fonte ductile,125,193.7,1989,-884.1,-1592.3,-961.2,-1414.6
PAR00567,Plastique,PVC collé,200,172.8,1960,-961.2,-1414.6,-791.7,-1448.3
PAR00568,Fonte,Fonte grise,200,133.7,1933,-961.2,-1414.6,-977.0,-1281.8
PAR00569,Fonte,Fonte grise,40,138.5,1930,-977.0,-1281.8,-839.3,-1267.8
PAR00570,Plastique,PEHD,300,120.2,1995,-977.0,-1281.8,-983.3,-1161.8
PAR00571,Fonte,Fonte ductile,32,128.0,1981,-983.3,-1161.8,-857.0,-1182.5
PAR00572,Acier,Acier,250,67.0,1950,-983.3,-1161.8,-978.4,-1095.0
PAR00573,Plastique,PVC,200,126.5,1980,-978.4,-1095.0,-902.5,-993.8
PAR00574,Plastique,PVC,125,179.8,1980,-978.4,-1095.0,-1071.0,-940.8
PAR00575,Plastique,PVC collé,40,176.0,1960,-1071.0,-940.8,-895.1,-934.3
PAR00576,Plastique,PVC,600,162.6,1980,-1071.0,-940.8,-1091.0,-779.5
PAR00577,Fonte,Fonte ductile,400,126.9,1973,-1091.0,-779.5,-970.2,-818.4
PAR00578,Plastique,PVC,80,128.2,1980,-1091.0,-779.5,-1144.3,-662.8
PAR00579,Fonte,Fonte grise,80,118.8,1930,-1144.3,-662.8,-1118.9,-546.8
PAR00580,Fonte,Fonte ductile,150,41.5,1970,-1118.9,-546.8,-1078.4,-537.5
PAR00581,Plastique,PVC collé,250,116.4,1960,-1118.9,-546.8,-1174.3,-444.5
PAR00582,Fonte,Fonte grise,100,113.7,1930,-1174.3,-444.5,-1067.9,-404.2
PAR00583,Fonte,Fonte ductile,400,149.7,1970,-1174.3,-444.5,-1200.1,-297.1
PAR00584,Fonte,Fonte ductile,50,75.6,1970,-1200.1,-297.1,-1126.9,-315.6
PAR00585,Plastique,PVC,80,156.4,1980,-1200.1,-297.1,-1290.7,-169.5
PAR00586,Plastique,PVC collé,500,143.7,1960,-1290.7,-169.5,-1149.2,-194.7
PAR00587,Fonte,Fonte ductile,80,130.2,1973,-1290.7,-169.5,-1318.4,-42.3
PAR00588,Fonte,Fonte grise,40,185.9,1930,-1318.4,-42.3,-1136.6,-3.6
PAR00589,Fonte,Fonte grise,250,107.9,1930,-1318.4,-42.3,-1352.4,60.1
PAR00590,Plastique,PEHD,80,157.4,1995,-1352.4,60.1,-1201.6,105.2
PAR00591,Fonte,Fonte grise,150,137.9,1930,-1352.4,60.1,-1378.7,195.5
PAR00592,Fonte,Fonte ductile,200,169.2,1970,-1378.7,195.5,-1211.7,167.9
PAR00593,Plastique,PVC,200,64.2,1980,-1378.7,195.5,-1397.6,256.9
PAR00594,Fonte,Fonte grise,125,133.8,1930,-1397.6,256.9,-1298.4,346.7
PAR00595,Plastique,PVC collé,40,153.3,1968,-1397.6,256.9,-1401.6,410.1
PAR00596,Plastique,PEHD,100,167.6,1995,-1401.6,410.1,-1433.6,574.6
PAR00597,Acier,Acier,150,78.5,1950,-1433.6,574.6,-1453.0,650.7
PAR00598,Fonte,Fonte ductile,200,114.2,1970,-1453.0,650.7,-1342.9,681.1
PAR00599,Plastique,PVC collé,50,137.7,1960,-1453.0,650.7,-1490.3,783.3
PAR00600,Fonte,Fonte grise,125,72.7,1942,-1490.3,783.3,-1433.9,829.3
PAR00601,Plastique,PVC collé,250,185.8,1960,-1490.3,783.3,-1581.6,945.1
PAR00602,Fonte,Fonte grise,250,183.6,1957,-1581.6,945.1,-1399.7,970.1
PAR00603,Plastique,PVC collé,250,96.5,1965,-1563.9,1040.1,-1578.3,1135.5
PAR00604,Plastique,PVC,200,85.0,1980,-1578.3,1135.5,-1509.3,1185.2
PAR00605,Fonte,Fonte ductile,40,118.5,1970,-1578.3,1135.5,-1633.6,1240.4
PAR00606,Plastique,PVC collé,80,136.1,1960,-1633.6,1240.4,-1533.0,1332.1
PAR00607,Plastique,PVC collé,200,146.9,1960,-1675.2,1390.2,-1555.3,1475.1
PAR00608,Fonte,Fonte ductile,200,177.4,1970,-1675.2,1390.2,-1704.5,1565.2
PAR00609,Fonte,Fonte ductile,80,96.4,1970,-1704.5,1565.2,-1614.3,1531.0
PAR00610,Fonte,Fonte grise,50,128.1,1930,-1704.5,1565.2,-1734.6,1689.7
PAR00611,Plastique,PEHD,250,71.4,2004,-1734.6,1689.7,-1665.3,1706.7
PAR00612,Fonte,Fonte ductile,150,176.3,1970,-600.3,-2277.8,-436.9,-2211.7
PAR00613,Fonte,Fonte grise,125,153.6,1930,-600.3,-2277.8,-587.6,-2124.8
PAR00614,Fonte,Fonte grise,200,90.2,1954,-587.6,-2124.8,-497.5,-2130.0
PAR00615,Fonte,Fonte grise,100,148.3,1966,-587.6,-2124.8,-681.4,-2010.0
PAR00616,Plastique,PVC collé,80,170.6,1960,-681.4,-2010.0,-515.8,-1969.2
PAR00617,Fonte,Fonte ductile,100,112.5,1975,-681.4,-2010.0,-690.6,-1897.8
PAR00618,Fonte,Fonte grise,400,144.0,1930,-690.6,-1897.8,-552.6,-1856.7
PAR00619,Fonte,Fonte ductile,80,116.9,1970,-690.6,-1897.8,-671.2,-1782.6
PAR00620,Plastique,PVC,250,110.3,1980,-671.2,-1782.6,-717.9,-1682.7
PAR00621,Fonte,Fonte grise,32,150.6,1939,-717.9,-1682.7,-610.9,-1576.6
PAR00622,Fonte,Fonte ductile,150,153.6,1970,-717.9,-1682.7,-744.6,-1531.4
PAR00623,Plastique,PVC,150,82.5,1980,-744.6,-1531.4,-693.6,-1466.6
PAR00624,Fonte,Fonte grise,125,95.6,1930,-744.6,-1531.4,-791.7,-1448.3
PAR00625,Fonte,Fonte ductile,80,134.0,1971,-791.7,-1448.3,-674.9,-1382.5
PAR00626,Fonte,Fonte ductile,150,186.6,1972,-791.7,-1448.3,-839.3,-1267.8
PAR00627,Fonte,Fonte ductile,80,133.2,1970,-839.3,-1267.8,-706.1,-1272.4
PAR00628,Ciment,Amiante-ciment,500,87.2,1955,-839.3,-1267.8,-857.0,-1182.5
PAR00629,Fonte,Fonte ductile,200,194.1,1970,-857.0,-1182.5,-902.5,-993.8
PAR00630,Acier,Acier,125,107.3,1950,-902.5,-993.8,-810.4,-1048.7
PAR00631,Fonte,Fonte grise,80,60.0,1937,-902.5,-993.8,-895.1,-934.3
PAR00632,Fonte,Fonte grise,300,74.5,1933,-895.1,-934.3,-866.6,-865.4
PAR00633,Fonte,Fonte grise,80,138.0,1930,-895.1,-934.3,-970.2,-818.4
PAR00634,Fonte,Fonte grise,100,142.7,1930,-970.2,-818.4,-1025.3,-686.8
PAR00635,Fonte,Fonte ductile,80,135.1,1970,-1025.3,-686.8,-918.5,-604.1
PAR00636,Fonte,Fonte grise,100,158.5,1930,-1025.3,-686.8,-1078.4,-537.5
PAR00637,Plastique,PEHD,250,150.3,1995,-1078.4,-537.5,-928.2,-542.8
PAR00638,Fonte,Fonte ductile,80,133.8,1970,-1078.4,-537.5,-1067.9,-404.2
PAR00639,Plastique,PVC collé,125,127.3,1960,-1067.9,-404.2,-941.9,-422.1
PAR00640,Plastique,PEHD,150,106.3,1995,-1067.9,-404.2,-1126.9,-315.6
PAR00641,Plastique,PVC collé,32,144.5,1960,-1126.9,-315.6,-989.2,-272.0
PAR00642,Fonte,Fonte ductile,600,122.9,2001,-1126.9,-315.6,-1149.2,-194.7
PAR00643,Plastique,PVC,200,191.5,1980,-1149.2,-194.7,-1136.6,-3.6
PAR00644,Fonte,Fonte grise,200,126.8,1930,-1136.6,-3.6,-1201.6,105.2
PAR00645,Fonte,Fonte ductile,150,137.9,1970,-1201.6,105.2,-1071.1,149.7
PAR00646,Plastique,PVC collé,100,63.5,1960,-1201.6,105.2,-1211.7,167.9
PAR00647,Plastique,PVC,150,84.9,1980,-1211.7,167.9,-1155.4,231.5
PAR00648,Acier,Acier,150,170.9,1950,-1298.4,346.7,-1127.5,346.2
PAR00649,Acier,Acier,200,143.4,1950,-1298.4,346.7,-1277.6,488.6
PAR00650,Fonte,Fonte ductile,40,104.9,2004,-1277.6,488.6,-1176.6,516.9
PAR00651,Plastique,PVC collé,125,81.0,1960,-1277.6,488.6,-1351.5,521.5
PAR00652,Plastique,PVC,250,133.7,1980,-1351.5,521.5,-1229.4,575.9
PAR00653,Fonte,Fonte ductile,300,159.9,1973,-1351.5,521.5,-1342.9,681.1
PAR00654,Acier,Acier,300,70.3,1950,-1342.9,681.1,-1272.7,677.4
PAR00655,Fonte,Fonte ductile,40,173.9,1970,-1342.9,681.1,-1433.9,829.3
PAR00656,Plastique,PVC collé,150,122.1,1960,-1433.9,829.3,-1321.7,877.4
PAR00657,Plastique,PVC collé,63,144.9,1960,-1433.9,829.3,-1399.7,970.1
PAR00658,Plastique,PVC,100,85.6,1980,-1399.7,970.1,-1322.0,934.2
PAR00659,Plastique,PVC collé,150,81.2,1964,-1399.7,970.1,-1431.6,1044.8
PAR00660,Fonte,Fonte grise,125,125.0,1938,-1431.6,1044.8,-1335.3,1124.4
PAR00661,Plastique,PVC collé,300,114.8,1960,-1509.3,1185.2,-1395.1,1173.9
PAR00662,Fonte,Fonte grise,50,148.8,1930,-1509.3,1185.2,-1533.0,1332.1
PAR00663,Fonte,Fonte grise,125,126.5,1930,-1533.0,1332.1,-1410.6,1300.1
PAR00664,Fonte,Fonte grise,150,89.0,1930,-1555.3,1475.1,-1468.3,1456.2
PAR00665,Fonte,Fonte grise,50,81.3,1932,-1555.3,1475.1,-1614.3,1531.0
PAR00666,Plastique,PEHD,32,167.0,1995,-1665.3,1706.7,-1498.3,1705.4
PAR00667,Fonte,Fonte ductile,200,118.0,1974,-436.9,-2211.7,-319.6,-2199.5
PAR00668,Fonte,Fonte ductile,80,101.7,1980,-436.9,-2211.7,-497.5,-2130.0
PAR00669,Plastique,PVC collé,125,145.6,1960,-497.5,-2130.0,-371.2,-2057.7
PAR00670,Fonte,Fonte ductile,150,161.8,1982,-497.5,-2130.0,-515.8,-1969.2
PAR00671,Fonte,Fonte grise,100,76.8,1943,-515.8,-1969.2,-439.0,-1967.9
PAR00672,Plastique,PVC,500,118.4,1980,-515.8,-1969.2,-552.6,-1856.7
PAR00673,Plastique,PVC,400,138.9,1982,-552.6,-1856.7,-420.2,-1814.6
PAR00674,Fonte,Fonte ductile,100,107.8,1970,-552.6,-1856.7,-560.2,-1749.2
PAR00675,Plastique,PVC,150,102.6,1980,-560.2,-1749.2,-478.0,-1687.8
PAR00676,Plastique,PEHD,100,179.9,1995,-560.2,-1749.2,-610.9,-1576.6
PAR00677,Plastique,PVC,100,101.8,1980,-610.9,-1576.6,-516.7,-1615.1
PAR00678,Fonte,Fonte ductile,100,137.6,1970,-610.9,-1576.6,-693.6,-1466.6
PAR00679,Plastique,PVC collé,125,149.7,1960,-693.6,-1466.6,-546.1,-1492.7
PAR00680,Plastique,PVC,80,86.1,1980,-693.6,-1466.6,-674.9,-1382.5
PAR00681,Fonte,Fonte ductile,150,84.4,1970,-706.1,-1272.4,-627.1,-1242.7
PAR00682,Fonte,Fonte grise,250,110.2,1932,-706.1,-1272.4,-759.1,-1175.8
PAR00683,Fonte,Fonte grise,400,137.1,1930,-759.1,-1175.8,-810.4,-1048.7
PAR00684,Fonte,Fonte ductile,600,174.4,1970,-810.4,-1048.7,-659.6,-961.1
PAR00685,Fonte,Fonte grise,150,191.7,1951,-810.4,-1048.7,-866.6,-865.4
PAR00686,Plastique,PVC,250,153.7,1980,-866.6,-865.4,-713.5,-850.9
PAR00687,Fonte,Fonte grise,80,106.7,1930,-866.6,-865.4,-830.5,-765.0
PAR00688,Fonte,Fonte grise,200,128.2,1935,-830.5,-765.0,-703.8,-745.1
PAR00689,Fonte,Fonte grise,100,183.4,1946,-830.5,-765.0,-918.5,-604.1
PAR00690,Fonte,Fonte grise,100,138.6,1930,-918.5,-604.1,-786.4,-562.1
PAR00691,Acier,Acier,40,62.0,1950,-918.5,-604.1,-928.2,-542.8
PAR00692,Fonte,Fonte ductile,100,111.0,1970,-928.2,-542.8,-850.8,-463.3
PAR00693,Fonte,Fonte ductile,32,121.5,1970,-928.2,-542.8,-941.9,-422.1
PAR00694,Fonte,Fonte grise,100,109.8,1930,-941.9,-422.1,-841.2,-378.4
PAR00695,Plastique,PVC,80,157.3,1980,-941.9,-422.1,-989.2,-272.0
PAR00696,Acier,Acier,100,151.1,1950,-989.2,-272.0,-846.8,-221.4
PAR00697,Fonte,Fonte grise,32,139.1,1930,-989.2,-272.0,-1025.1,-137.6
PAR00698,Fonte,Fonte ductile,500,128.1,1970,-1025.1,-137.6,-899.7,-111.4
PAR00699,Fonte,Fonte grise,100,108.7,1930,-1025.1,-137.6,-1008.1,-30.2
PAR00700,Ciment,Amiante-ciment,63,86.5,1955,-1008.1,-30.2,-962.2,43.1
PAR00701,Acier,Acier,200,190.6,1950,-1008.1,-30.2,-1071.1,149.7
PAR00702,Plastique,PEHD,50,136.7,1995,-1071.1,149.7,-935.5,132.4
PAR00703,Plastique,PVC collé,400,117.5,1960,-1071.1,149.7,-1155.4,231.5
PAR00704,Plastique,PEHD,32,144.3,1995,-1155.4,231.5,-1017.5,274.0
PAR00705,Fonte,Fonte grise,400,118.1,1930,-1155.4,231.5,-1127.5,346.2
PAR00706,Fonte,Fonte grise,250,70.8,1930,-1127.5,346.2,-1057.3,355.7
PAR00707,Fonte,Fonte ductile,150,165.3,1972,-1176.6,516.9,-1016.3,476.5
PAR00708,Plastique,PVC collé,80,79.2,1960,-1176.6,516.9,-1229.4,575.9
PAR00709,Plastique,PEHD,63,164.6,1995,-1229.4,575.9,-1081.7,648.6
PAR00710,Fonte,Fonte ductile,125,162.0,1994,-1272.7,677.4,-1116.5,720.2
PAR00711,Plastique,PVC collé,40,205.9,1960,-1272.7,677.4,-1321.7,877.4
PAR00712,Ciment,Amiante-ciment,125,137.9,1955,-1321.7,877.4,-1185.9,901.4
PAR00713,Plastique,PVC collé,100,56.8,1960,-1321.7,877.4,-1322.0,934.2
PAR00714,Fonte,Fonte ductile,125,129.1,1978,-1322.0,934.2,-1211.3,1000.8
PAR00715,Fonte,Fonte ductile,150,190.6,1970,-1322.0,934.2,-1335.3,1124.4
PAR00716,Fonte,Fonte grise,125,68.7,1930,-1335.3,1124.4,-1266.6,1123.1
PAR00717,Fonte,Fonte ductile,200,77.7,1971,-1335.3,1124.4,-1395.1,1173.9
PAR00718,Fonte,Fonte grise,80,139.3,1936,-1395.1,1173.9,-1288.1,1263.2
PAR00719,Plastique,PEHD,50,127.1,1995,-1395.1,1173.9,-1410.6,1300.1
PAR00720,Plastique,PEHD,300,148.3,1995,-1410.6,1300.1,-1278.2,1367.0
PAR00721,Fonte,Fonte grise,80,121.9,1930,-1468.3,1456.2,-1350.9,1489.0
PAR00722,Plastique,PVC collé,250,153.5,1968,-1468.3,1456.2,-1472.8,1609.6
PAR00723,Plastique,PVC,100,98.3,1980,-1472.8,1609.6,-1376.3,1591.2
PAR00724,Plastique,PVC collé,250,99.0,1985,-1472.8,1609.6,-1498.3,1705.4
PAR00725,Plastique,PVC collé,50,92.2,1960,-319.6,-2199.5,-230.5,-2223.3
PAR00726,Fonte,Fonte ductile,250,150.9,1990,-319.6,-2199.5,-371.2,-2057.7
PAR00727,Fonte,Fonte ductile,150,112.5,1975,-371.2,-2057.7,-439.0,-1967.9
PAR00728,Fonte,Fonte grise,250,165.5,1934,-439.0,-1967.9,-281.6,-1916.9
PAR00729,Plastique,PEHD,150,154.4,1995,-439.0,-1967.9,-420.2,-1814.6
PAR00730,Fonte,Fonte ductile,125,126.1,1970,-420.2,-1814.6,-299.6,-1778.0
PAR00731,Fonte,Fonte ductile,250,139.4,1975,-420.2,-1814.6,-478.0,-1687.8
PAR00732,Plastique,PEHD,200,85.6,2001,-478.0,-1687.8,-392.8,-1696.3
PAR00733,Fonte,Fonte grise,100,82.3,1930,-478.0,-1687.8,-516.7,-1615.1
PAR00734,Plastique,PVC collé,80,142.6,1965,-516.7,-1615.1,-391.0,-1547.8
PAR00735,Fonte,Fonte grise,250,125.9,1930,-516.7,-1615.1,-546.1,-1492.7
PAR00736,Plastique,PVC collé,100,113.9,1961,-546.1,-1492.7,-434.2,-1471.7
PAR00737,Plastique,PVC collé,125,179.4,1960,-546.1,-1492.7,-604.5,-1323.0
PAR00738,Plastique,PEHD,80,126.1,1995,-604.5,-1323.0,-478.5,-1323.7
PAR00739,Plastique,PVC,200,83.4,1983,-604.5,-1323.0,-627.1,-1242.7
PAR00740,Plastique,PVC,300,117.8,1984,-627.1,-1242.7,-510.8,-1224.0
PAR00741,Acier,Acier,63,147.9,1950,-627.1,-1242.7,-660.2,-1098.6
PAR00742,Acier,Acier,125,146.7,1960,-660.2,-1098.6,-531.3,-1028.6
PAR00743,Plastique,PVC,300,122.7,1984,-659.6,-961.1,-713.5,-850.9
PAR00744,Fonte,Fonte grise,80,108.9,1940,-713.5,-850.9,-605.4,-864.6
PAR00745,Fonte,Fonte grise,40,106.3,1930,-713.5,-850.9,-703.8,-745.1
PAR00746,Plastique,PVC,200,76.9,1980,-703.8,-745.1,-667.8,-677.2
PAR00747,Acier,Acier,200,200.8,1950,-703.8,-745.1,-786.4,-562.1
PAR00748,Fonte,Fonte grise,150,153.9,1930,-786.4,-562.1,-636.5,-527.0
PAR00749,Plastique,PVC,125,118.0,1980,-786.4,-562.1,-850.8,-463.3
PAR00750,Fonte,Fonte ductile,80,181.2,1970,-850.8,-463.3,-670.7,-443.1
PAR00751,Fonte,Fonte ductile,250,85.4,1973,-850.8,-463.3,-841.2,-378.4
PAR00752,Fonte,Fonte grise,300,146.1,1930,-841.2,-378.4,-723.3,-292.1
PAR00753,Fonte,Fonte ductile,100,157.1,1981,-841.2,-378.4,-846.8,-221.4
PAR00754,Fonte,Fonte ductile,80,102.0,1970,-846.8,-221.4,-752.2,-183.3
PAR00755,Plastique,PEHD,400,147.4,1995,-899.7,-111.4,-765.9,-49.8
PAR00756,Fonte,Fonte ductile,125,166.6,1974,-899.7,-111.4,-962.2,43.1
PAR00757,Fonte,Fonte ductile,63,169.1,1970,-962.2,43.1,-798.5,85.7
PAR00758,Fonte,Fonte ductile,125,93.2,1970,-962.2,43.1,-935.5,132.4
PAR00759,Fonte,Fonte grise,125,86.2,1930,-935.5,132.4,-860.8,175.2
PAR00760,Fonte,Fonte ductile,300,163.6,1970,-935.5,132.4,-1017.5,274.0
PAR00761,Fonte,Fonte ductile,150,108.3,1970,-1017.5,274.0,-915.0,309.1
PAR00762,Plastique,PVC collé,100,90.9,1964,-1017.5,274.0,-1057.3,355.7
PAR00763,Plastique,PVC,125,127.6,1980,-1057.3,355.7,-1016.3,476.5
PAR00764,Plastique,PVC,250,104.7,1980,-1016.3,476.5,-978.6,574.2
PAR00765,Fonte,Fonte grise,300,184.1,1948,-1016.3,476.5,-1081.7,648.6
PAR00766,Ciment,Amiante-ciment,32,125.1,1955,-1081.7,648.6,-958.7,626.2
PAR00767,Fonte,Fonte ductile,200,79.6,1970,-1081.7,648.6,-1116.5,720.2
PAR00768,Plastique,PVC collé,150,102.2,1960,-1116.5,720.2,-1023.7,763.3
PAR00769,Plastique,PVC collé,150,194.0,1960,-1116.5,720.2,-1185.9,901.4
PAR00770,Fonte,Fonte ductile,100,116.8,1970,-1185.9,901.4,-1071.9,876.4
PAR00771,Fonte,Fonte grise,150,102.5,1930,-1185.9,901.4,-1211.3,1000.8
PAR00772,Plastique,PVC,250,144.6,1980,-1211.3,1000.8,-1078.3,1057.4
PAR00773,Plastique,PEHD,500,134.3,1995,-1211.3,1000.8,-1266.6,1123.1
PAR00774,Fonte,Fonte ductile,125,126.7,1978,-1266.6,1123.1,-1139.8,1122.4
PAR00775,Fonte,Fonte ductile,50,99.5,1970,-1288.1,1263.2,-1198.1,1305.3
PAR00776,Fonte,Fonte ductile,250,104.3,1970,-1288.1,1263.2,-1278.2,1367.0
PAR00777,Plastique,PVC collé,125,112.4,1960,-1278.2,1367.0,-1167.8,1388.1
PAR00778,Plastique,PVC,200,142.0,1980,-1278.2,1367.0,-1350.9,1489.0
PAR00779,Fonte,Fonte grise,80,129.7,1945,-1350.9,1489.0,-1237.5,1552.0
PAR00780,Fonte,Fonte ductile,100,111.1,1982,-1376.3,1591.2,-1278.0,1643.0
PAR00781,Fonte,Fonte ductile,80,114.6,1970,-1397.5,1717.7,-1294.8,1768.3
PAR00782,Ciment,Amiante-ciment,200,187.1,1955,-230.5,-2223.3,-86.6,-2103.7
PAR00783,Plastique,PVC collé,100,199.4,1960,-230.5,-2223.3,-262.0,-2026.4
PAR00784,Fonte,Fonte ductile,250,114.0,2001,-262.0,-2026.4,-150.6,-2051.1
PAR00785,Fonte,Fonte grise,200,111.3,1935,-262.0,-2026.4,-281.6,-1916.9
PAR00786,Plastique,PVC collé,250,79.5,1960,-281.6,-1916.9,-202.8,-1906.4
PAR00787,Plastique,PVC,50,140.0,1980,-281.6,-1916.9,-299.6,-1778.0
PAR00788,Fonte,Fonte ductile,250,79.2,1970,-299.6,-1778.0,-226.2,-1807.8
PAR00789,Fonte,Fonte grise,150,123.9,1939,-299.6,-1778.0,-392.8,-1696.3
PAR00790,Plastique,PVC,100,132.8,1980,-392.8,-1696.3,-283.2,-1621.5
PAR00791,Fonte,Fonte ductile,125,148.5,1994,-392.8,-1696.3,-391.0,-1547.8
PAR00792,Plastique,PEHD,80,139.1,1995,-391.0,-1547.8,-252.3,-1537.1
PAR00793,Fonte,Fonte ductile,125,87.5,1985,-391.0,-1547.8,-434.2,-1471.7
PAR00794,Plastique,PVC collé,400,119.3,1974,-434.2,-1471.7,-325.1,-1423.5
PAR00795,Fonte,Fonte ductile,150,154.5,1970,-434.2,-1471.7,-478.5,-1323.7
PAR00796,Plastique,PEHD,200,118.9,1995,-478.5,-1323.7,-363.9,-1292.0
PAR00797,Plastique,PVC collé,50,104.9,1960,-478.5,-1323.7,-510.8,-1224.0
PAR00798,Fonte,Fonte ductile,50,109.9,1971,-510.8,-1224.0,-402.6,-1204.5
PAR00799,Plastique,PVC,100,196.4,1980,-510.8,-1224.0,-531.3,-1028.6
PAR00800,Plastique,PEHD,125,101.1,1995,-531.3,-1028.6,-430.4,-1022.4
PAR00801,Plastique,PVC,40,99.6,1980,-531.3,-1028.6,-568.0,-936.0
PAR00802,Plastique,PEHD,300,97.6,1995,-568.0,-936.0,-477.2,-900.2
PAR00803,Acier,Acier,80,80.6,1950,-568.0,-936.0,-605.4,-864.6
PAR00804,Plastique,PVC collé,125,150.2,1960,-605.4,-864.6,-475.3,-789.5
PAR00805,Fonte,Fonte ductile,63,131.7,1971,-667.8,-677.2,-536.2,-682.1
PAR00806,Plastique,PVC,80,153.4,1980,-667.8,-677.2,-636.5,-527.0
PAR00807,Plastique,PVC collé,150,82.2,1960,-636.5,-527.0,-555.1,-537.5
PAR00808,Fonte,Fonte grise,125,90.6,1930,-636.5,-527.0,-670.7,-443.1
PAR00809,Plastique,PVC,125,74.3,1980,-670.7,-443.1,-616.4,-392.5
PAR00810,Fonte,Fonte ductile,50,159.9,1980,-670.7,-443.1,-723.3,-292.1
PAR00811,Plastique,PEHD,80,112.6,1995,-723.3,-292.1,-752.2,-183.3
PAR00812,Plastique,PVC collé,125,150.6,1960,-752.2,-183.3,-601.7,-186.5
PAR00813,Acier,Acier,100,134.2,1950,-752.2,-183.3,-765.9,-49.8
PAR00814,Plastique,PVC collé,500,60.9,1960,-765.9,-49.8,-705.4,-42.7
PAR00815,Plastique,PVC,600,139.3,1980,-765.9,-49.8,-798.5,85.7
PAR00816,Fonte,Fonte grise,250,94.9,1930,-798.5,85.7,-703.5,85.1
PAR00817,Fonte,Fonte grise,80,109.1,1930,-798.5,85.7,-860.8,175.2
PAR00818,Fonte,Fonte ductile,125,154.7,1970,-860.8,175.2,-706.4,165.1
PAR00819,Plastique,PEHD,63,144.4,1995,-860.8,175.2,-915.0,309.1
PAR00820,Acier,Acier,50,104.3,1950,-915.0,309.1,-813.2,332.0
PAR00821,Fonte,Fonte ductile,250,139.0,1970,-915.0,309.1,-936.4,446.5
PAR00822,Fonte,Fonte grise,40,118.6,1933,-936.4,446.5,-820.2,470.5
PAR00823,Plastique,PEHD,80,134.5,1995,-936.4,446.5,-978.6,574.2
PAR00824,Plastique,PVC collé,125,151.7,1960,-958.7,626.2,-1023.7,763.3
PAR00825,Plastique,PVC collé,250,109.8,1960,-1023.7,763.3,-916.0,784.4
PAR00826,Fonte,Fonte grise,200,122.9,1930,-1023.7,763.3,-1071.9,876.4
PAR00827,Plastique,PVC collé,125,127.7,1960,-1071.9,876.4,-960.1,938.1
PAR00828,Fonte,Fonte grise,32,181.1,1930,-1071.9,876.4,-1078.3,1057.4
PAR00829,Plastique,PVC collé,200,103.5,1960,-1078.3,1057.4,-975.8,1072.0
PAR00830,Fonte,Fonte grise,250,170.4,1930,-1139.8,1122.4,-1007.9,1230.3
PAR00831,Ciment,Amiante-ciment,80,192.0,1955,-1139.8,1122.4,-1198.1,1305.3
PAR00832,Plastique,PVC,150,202.6,1980,-1198.1,1305.3,-995.9,1291.3
PAR00833,Fonte,Fonte ductile,100,88.2,1970,-1198.1,1305.3,-1167.8,1388.1
PAR00834,Fonte,Fonte grise,80,139.0,1930,-1167.8,1388.1,-1032.0,1417.8
PAR00835,Plastique,PEHD,150,178.1,1995,-1167.8,1388.1,-1237.5,1552.0
PAR00836,Fonte,Fonte ductile,125,120.6,1970,-1237.5,1552.0,-1117.5,1539.7
PAR00837,Fonte,Fonte grise,32,110.0,1958,-1278.0,1643.0,-1175.6,1683.2
PAR00838,Fonte,Fonte ductile,80,126.5,1978,-1278.0,1643.0,-1294.8,1768.3
PAR00839,Plastique,PVC,250,82.9,1980,-86.6,-2103.7,-150.6,-2051.1
PAR00840,Fonte,Fonte ductile,80,116.4,1992,-150.6,-2051.1,-38.1,-2021.2
PAR00841,Fonte,Fonte ductile,200,153.8,2015,-150.6,-2051.1,-202.8,-1906.4
PAR00842,Fonte,Fonte grise,63,101.4,1935,-202.8,-1906.4,-226.2,-1807.8
PAR00843,Plastique,PVC collé,125,161.8,1960,-226.2,-1807.8,-70.7,-1763.0
PAR00844,Fonte,Fonte ductile,300,194.8,1971,-226.2,-1807.8,-283.2,-1621.5
PAR00845,Fonte,Fonte grise,32,179.1,1930,-283.2,-1621.5,-105.7,-1646.0
PAR00846,Fonte,Fonte ductile,100,89.9,1970,-283.2,-1621.5,-252.3,-1537.1
PAR00847,Ciment,Amiante-ciment,150,114.4,1955,-252.3,-1537.1,-156.0,-1475.2
PAR00848,Fonte,Fonte grise,300,134.9,1930,-252.3,-1537.1,-325.1,-1423.5
PAR00849,Fonte,Fonte ductile,150,137.1,1974,-325.1,-1423.5,-363.9,-1292.0
PAR00850,Plastique,PVC,80,130.5,1981,-363.9,-1292.0,-237.4,-1260.0
PAR00851,Acier,Acier,200,95.7,1950,-363.9,-1292.0,-402.6,-1204.5
PAR00852,Plastique,PEHD,200,203.7,1995,-402.6,-1204.5,-212.2,-1132.1
PAR00853,Fonte,Fonte ductile,100,184.2,1970,-402.6,-1204.5,-430.4,-1022.4
PAR00854,Acier,Acier,300,174.8,1950,-430.4,-1022.4,-256.1,-1009.8
PAR00855,Fonte,Fonte grise,200,130.8,1932,-430.4,-1022.4,-477.2,-900.2
PAR00856,Fonte,Fonte grise,200,138.7,1930,-477.2,-900.2,-344.2,-860.9
PAR00857,Plastique,PVC,250,110.7,1980,-477.2,-900.2,-475.3,-789.5
PAR00858,Plastique,PEHD,150,134.4,1995,-475.3,-789.5,-345.5,-754.7
PAR00859,Fonte,Fonte ductile,250,123.5,1970,-475.3,-789.5,-536.2,-682.1
PAR00860,Fonte,Fonte ductile,63,123.5,1970,-536.2,-682.1,-433.3,-613.8
PAR00861,Fonte,Fonte grise,200,145.8,1930,-536.2,-682.1,-555.1,-537.5
PAR00862,Plastique,PEHD,125,147.5,1995,-555.1,-537.5,-410.1,-510.3
PAR00863,Fonte,Fonte grise,63,195.4,1943,-616.4,-392.5,-421.9,-412.2
PAR00864,Plastique,PVC,250,126.3,1994,-603.0,-303.9,-478.9,-280.4
PAR00865,Fonte,Fonte ductile,63,117.4,1970,-603.0,-303.9,-601.7,-186.5
PAR00866,Plastique,PVC collé,80,116.3,1960,-601.7,-186.5,-523.4,-100.5
PAR00867,Fonte,Fonte grise,80,177.3,1930,-601.7,-186.5,-705.4,-42.7
PAR00868,Fonte,Fonte grise,600,165.3,1930,-705.4,-42.7,-555.0,25.8
PAR00869,Fonte,Fonte grise,250,127.9,1930,-705.4,-42.7,-703.5,85.1
PAR00870,Fonte,Fonte grise,50,87.7,1930,-703.5,85.1,-630.9,134.2
PAR00871,Fonte,Fonte ductile,100,80.0,1970,-703.5,85.1,-706.4,165.1
PAR00872,Plastique,PVC collé,125,108.2,1960,-706.4,165.1,-663.5,264.4
PAR00873,Plastique,PVC collé,100,198.2,1960,-706.4,165.1,-813.2,332.0
PAR00874,Plastique,PEHD,500,134.1,1995,-813.2,332.0,-683.3,365.0
PAR00875,Fonte,Fonte ductile,100,116.8,1970,-820.2,470.5,-704.5,454.7
PAR00876,Fonte,Fonte ductile,125,66.5,1970,-820.2,470.5,-806.0,535.5
PAR00877,Ciment,Amiante-ciment,63,95.5,1955,-806.0,535.5,-736.1,600.6
PAR00878,Plastique,PVC,600,179.8,1982,-806.0,535.5,-894.0,692.3
PAR00879,Acier,Acier,150,107.7,1950,-894.0,692.3,-786.3,695.4
PAR00880,Fonte,Fonte grise,40,103.0,1932,-916.0,784.4,-817.4,813.9
PAR00881,Fonte,Fonte grise,500,159.9,1930,-916.0,784.4,-960.1,938.1
PAR00882,Fonte,Fonte ductile,125,155.7,1977,-975.8,1072.0,-824.1,1106.9
PAR00883,Fonte,Fonte grise,80,161.5,1930,-975.8,1072.0,-1007.9,1230.3
PAR00884,Plastique,PVC,100,133.9,1980,-1007.9,1230.3,-874.1,1231.7
PAR00885,Plastique,PEHD,125,62.2,1995,-1007.9,1230.3,-995.9,1291.3
PAR00886,Plastique,PVC collé,50,89.9,1960,-1032.0,1417.8,-965.6,1478.4
PAR00887,Plastique,PVC collé,250,148.9,1962,-1032.0,1417.8,-1117.5,1539.7
PAR00888,Plastique,PVC,100,154.8,1982,-1117.5,1539.7,-1175.6,1683.2
PAR00889,Fonte,Fonte grise,63,124.6,1942,-1175.6,1683.2,-1185.3,1807.5
PAR00890,Plastique,PVC,125,151.1,1980,-1185.3,1807.5,-1034.2,1802.0
PAR00891,Fonte,Fonte grise,250,105.8,1968,44.5,-2093.7,150.3,-2093.2
PAR00892,Fonte,Fonte ductile,600,109.9,1972,44.5,-2093.7,-38.1,-2021.2
PAR00893,Plastique,PEHD,200,109.9,1995,-38.1,-2021.2,63.4,-1979.0
PAR00894,Fonte,Fonte ductile,125,129.4,1990,-35.9,-1901.9,89.9,-1871.6
PAR00895,Fonte,Fonte ductile,40,143.2,1970,-35.9,-1901.9,-70.7,-1763.0
PAR00896,Fonte,Fonte grise,80,74.6,1930,-70.7,-1763.0,3.8,-1760.6
PAR00897,Fonte,Fonte grise,250,122.1,1930,-70.7,-1763.0,-105.7,-1646.0
PAR00898,Fonte,Fonte ductile,150,154.9,1974,-105.7,-1646.0,14.3,-1548.1
PAR00899,Plastique,PVC,150,101.5,1980,-156.0,-1475.2,-60.1,-1442.1
PAR00900,Fonte,Fonte ductile,250,94.1,1970,-156.0,-1475.2,-150.0,-1381.4
PAR00901,Plastique,PVC collé,125,62.4,1960,-150.0,-1381.4,-100.5,-1343.4
PAR00902,Plastique,PVC,80,149.6,1980,-150.0,-1381.4,-237.4,-1260.0
PAR00903,Plastique,PEHD,200,178.7,1995,-237.4,-1260.0,-59.1,-1248.2
PAR00904,Plastique,PVC collé,125,130.3,1960,-237.4,-1260.0,-212.2,-1132.1
PAR00905,Fonte,Fonte ductile,40,75.6,1976,-212.2,-1132.1,-166.0,-1072.3
PAR00906,Plastique,PVC,40,129.9,1983,-212.2,-1132.1,-256.1,-1009.8
PAR00907,Fonte,Fonte ductile,125,126.6,1970,-256.1,-1009.8,-139.3,-961.0
PAR00908,Fonte,Fonte ductile,80,173.0,1972,-256.1,-1009.8,-344.2,-860.9
PAR00909,Fonte,Fonte ductile,150,128.6,1970,-344.2,-860.9,-215.7,-855.8
PAR00910,Fonte,Fonte grise,100,106.1,1930,-344.2,-860.9,-345.5,-754.7
PAR00911,Fonte,Fonte ductile,200,141.4,1970,-345.5,-754.7,-213.9,-703.0
PAR00912,Fonte,Fonte ductile,150,166.1,1970,-345.5,-754.7,-433.3,-613.8
PAR00913,Plastique,PEHD,80,175.7,1995,-433.3,-613.8,-260.7,-580.8
PAR00914,Fonte,Fonte ductile,200,140.9,1970,-410.1,-510.3,-270.3,-492.7
PAR00915,Fonte,Fonte grise,150,98.8,1930,-410.1,-510.3,-421.9,-412.2
PAR00916,Fonte,Fonte ductile,63,137.9,1970,-421.9,-412.2,-320.5,-318.9
PAR00917,Plastique,PEHD,200,143.6,1995,-421.9,-412.2,-478.9,-280.4
PAR00918,Plastique,PVC collé,200,149.4,1960,-478.9,-280.4,-363.5,-185.4
PAR00919,Fonte,Fonte grise,250,185.3,1930,-478.9,-280.4,-523.4,-100.5
PAR00920,Fonte,Fonte ductile,100,130.1,1970,-523.4,-100.5,-555.0,25.8
PAR00921,Fonte,Fonte ductile,80,109.5,1970,-555.0,25.8,-452.1,-11.8
PAR00922,Fonte,Fonte ductile,100,134.2,1970,-630.9,134.2,-663.5,264.4
PAR00923,Plastique,PVC collé,125,131.4,1960,-663.5,264.4,-534.2,287.2
PAR00924,Fonte,Fonte ductile,250,102.5,1970,-663.5,264.4,-683.3,365.0
PAR00925,Plastique,PVC collé,125,160.3,1960,-683.3,365.0,-527.3,401.7
PAR00926,Fonte,Fonte grise,80,92.2,1930,-683.3,365.0,-704.5,454.7
PAR00927,Plastique,PVC collé,150,133.6,1960,-704.5,454.7,-574.2,484.4
PAR00928,Fonte,Fonte ductile,150,149.2,1970,-704.5,454.7,-736.1,600.6
PAR00929,Plastique,PVC collé,150,159.4,1960,-736.1,600.6,-577.1,611.4
PAR00930,Fonte,Fonte grise,100,107.3,1945,-736.1,600.6,-786.3,695.4
PAR00931,Fonte,Fonte grise,80,137.1,1930,-786.3,695.4,-671.0,769.5
PAR00932,Plastique,PVC collé,100,122.5,1960,-786.3,695.4,-817.4,813.9
PAR00933,Plastique,PVC collé,200,171.5,1960,-817.4,813.9,-664.1,890.9
PAR00934,Plastique,PVC collé,80,132.1,1960,-817.4,813.9,-802.9,945.2
PAR00935,Plastique,PEHD,100,129.3,1995,-802.9,945.2,-678.4,980.0
PAR00936,Fonte,Fonte grise,100,66.3,1930,-824.1,1106.9,-775.9,1152.4
PAR00937,Plastique,PEHD,63,134.5,1995,-824.1,1106.9,-874.1,1231.7
PAR00938,Plastique,PEHD,300,79.0,1995,-874.1,1231.7,-796.0,1243.7
PAR00939,Plastique,PVC collé,150,103.9,1969,-874.1,1231.7,-906.1,1330.6
PAR00940,Acier,Acier,63,91.8,1950,-906.1,1330.6,-820.8,1364.7
PAR00941,Fonte,Fonte ductile,80,159.4,1970,-906.1,1330.6,-965.6,1478.4
PAR00942,Plastique,PVC,100,98.4,1984,-965.6,1478.4,-940.7,1573.6
PAR00943,Fonte,Fonte ductile,40,79.2,1970,-940.7,1573.6,-908.8,1646.2
PAR00944,Plastique,PVC collé,100,159.5,1960,-940.7,1573.6,-1040.6,1698.0
PAR00945,Plastique,PVC,80,153.1,1980,-1040.6,1698.0,-890.7,1728.9
PAR00946,Fonte,Fonte grise,150,104.3,1955,-1040.6,1698.0,-1034.2,1802.0
PAR00947,Fonte,Fonte ductile,250,85.4,1984,-1034.2,1802.0,-959.8,1843.8
PAR00948,Plastique,PVC collé,300,80.1,1960,150.3,-2093.2,230.4,-2092.0
PAR00949,Fonte,Fonte ductile,32,143.5,1970,150.3,-2093.2,63.4,-1979.0
PAR00950,Fonte,Fonte ductile,250,110.6,1979,63.4,-1979.0,89.9,-1871.6
PAR00951,Plastique,PVC collé,100,134.6,1960,89.9,-1871.6,190.6,-1782.3
PAR00952,Fonte,Fonte ductile,63,140.5,1974,89.9,-1871.6,3.8,-1760.6
PAR00953,Fonte,Fonte ductile,125,167.4,1994,3.8,-1760.6,143.3,-1668.0
PAR00954,Plastique,PVC,100,212.8,1980,3.8,-1760.6,14.3,-1548.1
PAR00955,Fonte,Fonte grise,80,62.0,1930,14.3,-1548.1,76.2,-1544.2
PAR00956,Plastique,PVC,150,129.5,1980,14.3,-1548.1,-60.1,-1442.1
PAR00957,Fonte,Fonte grise,500,106.6,1933,-60.1,-1442.1,-100.5,-1343.4
PAR00958,Plastique,PVC collé,250,181.7,1960,-100.5,-1343.4,75.7,-1299.3
PAR00959,Plastique,PVC,150,103.8,1989,-100.5,-1343.4,-59.1,-1248.2
PAR00960,Ciment,Amiante-ciment,125,63.9,1955,-59.1,-1248.2,-19.8,-1197.8
PAR00961,Plastique,PVC collé,200,205.9,1960,-59.1,-1248.2,-166.0,-1072.3
PAR00962,Plastique,PVC,600,179.2,1980,-166.0,-1072.3,12.1,-1052.7
PAR00963,Fonte,Fonte ductile,250,114.4,1970,-166.0,-1072.3,-139.3,-961.0
PAR00964,Fonte,Fonte ductile,50,81.4,1970,-139.3,-961.0,-58.3,-969.4
PAR00965,Fonte,Fonte ductile,200,130.0,1970,-139.3,-961.0,-215.7,-855.8
PAR00966,Acier,Acier,32,152.8,1950,-215.7,-855.8,-213.9,-703.0
PAR00967,Fonte,Fonte grise,100,132.2,1930,-213.9,-703.0,-81.8,-697.8
PAR00968,Fonte,Fonte grise,200,102.5,1930,-260.7,-580.8,-165.9,-619.8
PAR00969,Fonte,Fonte grise,150,88.6,1934,-260.7,-580.8,-270.3,-492.7
PAR00970,Plastique,PEHD,250,81.8,1995,-270.3,-492.7,-188.6,-488.7
PAR00971,Fonte,Fonte ductile,200,181.0,1970,-270.3,-492.7,-320.5,-318.9
PAR00972,Fonte,Fonte ductile,32,90.8,1970,-320.5,-318.9,-229.7,-319.2
PAR00973,Fonte,Fonte ductile,80,140.2,1970,-320.5,-318.9,-363.5,-185.4
PAR00974,Fonte,Fonte ductile,250,132.8,1970,-363.5,-185.4,-231.0,-176.3
PAR00975,Fonte,Fonte grise,80,116.7,1930,-363.5,-185.4,-374.4,-69.2
PAR00976,Fonte,Fonte grise,125,110.1,1931,-374.4,-69.2,-264.2,-67.4
PAR00977,Ciment,Amiante-ciment,300,96.6,1980,-374.4,-69.2,-452.1,-11.8
PAR00978,Plastique,PVC collé,80,165.1,1960,-452.1,-11.8,-304.9,62.9
PAR00979,Fonte,Fonte grise,400,177.1,1930,-452.1,-11.8,-506.9,156.6
PAR00980,Plastique,PVC collé,150,154.0,1960,-506.9,156.6,-355.7,185.7
PAR00981,Fonte,Fonte ductile,250,133.4,1977,-506.9,156.6,-534.2,287.2
PAR00982,Plastique,PVC,63,114.7,1980,-534.2,287.2,-527.3,401.7
PAR00983,Fonte,Fonte grise,80,129.8,1930,-527.3,401.7,-400.6,430.0
PAR00984,Plastique,PVC collé,250,95.1,1961,-527.3,401.7,-574.2,484.4
PAR00985,Plastique,PEHD,32,103.9,1995,-574.2,484.4,-473.0,507.7
PAR00986,Plastique,PVC collé,200,127.1,1974,-574.2,484.4,-577.1,611.4
PAR00987,Plastique,PEHD,250,139.5,1995,-577.1,611.4,-456.8,682.1
PAR00988,Plastique,PVC collé,600,183.8,1965,-577.1,611.4,-671.0,769.5
PAR00989,Plastique,PEHD,125,121.7,1998,-671.0,769.5,-664.1,890.9
PAR00990,Fonte,Fonte grise,400,83.6,1930,-664.1,890.9,-581.4,879.1
PAR00991,Plastique,PEHD,200,90.2,1995,-664.1,890.9,-678.4,980.0
PAR00992,Fonte,Fonte ductile,50,137.1,1971,-678.4,980.0,-567.7,1060.8
PAR00993,Fonte,Fonte ductile,200,198.1,1970,-678.4,980.0,-775.9,1152.4
PAR00994,Plastique,PVC,63,93.5,1980,-775.9,1152.4,-796.0,1243.7
PAR00995,Fonte,Fonte ductile,80,114.5,1970,-796.0,1243.7,-687.9,1281.7
PAR00996,Fonte,Fonte grise,400,123.5,1932,-796.0,1243.7,-820.8,1364.7
PAR00997,Fonte,Fonte ductile,150,171.9,1970,-820.8,1364.7,-668.6,1444.5
PAR00998,Fonte,Fonte ductile,50,168.0,1970,-820.8,1364.7,-863.6,1527.1
PAR00999,Plastique,PEHD,100,135.0,1995,-863.6,1527.1,-729.8,1545.2
PAR01000,Fonte,Fonte ductile,250,127.4,2000,-863.6,1527.1,-908.8,1646.2
PAR01001,Fonte,Fonte ductile,50,174.8,1970,-908.8,1646.2,-735.6,1622.7
PAR01002,Fonte,Fonte ductile,200,84.7,1979,-908.8,1646.2,-890.7,1728.9
PAR01003,Plastique,PVC collé,100,131.7,1960,-890.7,1728.9,-782.1,1803.6
PAR01004,Fonte,Fonte grise,200,134.1,1930,-890.7,1728.9,-959.8,1843.8
PAR01005,Plastique,PEHD,125,98.8,1995,230.4,-2092.0,324.5,-2062.2
PAR01006,Plastique,PVC,125,192.9,1980,230.4,-2092.0,182.8,-1905.1
PAR01007,Plastique,PVC,250,120.1,1993,182.8,-1905.1,302.7,-1899.6
PAR01008,Fonte,Fonte ductile,200,112.8,2007,190.6,-1782.3,300.1,-1809.4
PAR01009,Plastique,PEHD,100,123.7,1995,190.6,-1782.3,143.3,-1668.0
PAR01010,Plastique,PVC,32,146.5,1980,143.3,-1668.0,287.9,-1691.5
PAR01011,Plastique,PVC collé,80,140.8,1960,143.3,-1668.0,76.2,-1544.2
PAR01012,Acier,Acier,125,154.6,1950,76.2,-1544.2,229.0,-1567.7
PAR01013,Fonte,Fonte grise,80,107.3,1946,76.2,-1544.2,71.8,-1437.0
PAR01014,Fonte,Fonte ductile,500,164.3,1970,71.8,-1437.0,214.0,-1354.7
PAR01015,Plastique,PEHD,50,137.8,1995,71.8,-1437.0,75.7,-1299.3
PAR01016,Fonte,Fonte ductile,32,108.0,1970,75.7,-1299.3,183.8,-1299.6
PAR01017,Plastique,PEHD,125,139.4,1995,75.7,-1299.3,-19.8,-1197.8
PAR01018,Fonte,Fonte ductile,80,178.2,1972,-19.8,-1197.8,148.3,-1138.6
PAR01019,Fonte,Fonte grise,250,148.6,1930,-19.8,-1197.8,12.1,-1052.7
PAR01020,Plastique,PVC collé,80,66.5,1960,12.1,-1052.7,75.0,-1074.4
PAR01021,Plastique,PVC,100,109.1,1980,12.1,-1052.7,-58.3,-969.4
PAR01022,Fonte,Fonte ductile,600,95.6,1977,-58.3,-969.4,26.7,-925.7
PAR01023,Fonte,Fonte ductile,100,160.4,1970,-58.3,-969.4,-77.6,-810.2
PAR01024,Fonte,Fonte ductile,100,146.5,1970,-77.6,-810.2,62.7,-767.8
PAR01025,Fonte,Fonte grise,50,112.4,1930,-77.6,-810.2,-81.8,-697.8
PAR01026,Fonte,Fonte ductile,200,56.1,1970,-81.8,-697.8,-45.7,-654.9
PAR01027,Fonte,Fonte ductile,63,114.7,1987,-81.8,-697.8,-165.9,-619.8
PAR01028,Fonte,Fonte grise,200,179.6,1930,-165.9,-619.8,-21.8,-512.7
PAR01029,Plastique,PVC,250,133.1,1980,-165.9,-619.8,-188.6,-488.7
PAR01030,Acier,Acier,150,159.9,1950,-188.6,-488.7,-43.4,-421.7
PAR01031,Fonte,Fonte grise,100,174.4,1930,-188.6,-488.7,-229.7,-319.2
PAR01032,Plastique,PVC,100,117.7,1980,-229.7,-319.2,-113.5,-300.4
PAR01033,Plastique,PVC,150,142.9,1980,-229.7,-319.2,-231.0,-176.3
PAR01034,Fonte,Fonte grise,300,113.9,1930,-231.0,-176.3,-264.2,-67.4
PAR01035,Fonte,Fonte grise,600,72.7,1930,-264.2,-67.4,-194.9,-89.2
PAR01036,Fonte,Fonte ductile,150,136.5,1970,-264.2,-67.4,-304.9,62.9
PAR01037,Plastique,PVC collé,200,108.8,1975,-304.9,62.9,-197.1,48.5
PAR01038,Fonte,Fonte grise,100,132.9,1930,-304.9,62.9,-355.7,185.7
PAR01039,Plastique,PVC,500,118.3,1980,-355.7,185.7,-240.1,160.5
PAR01040,Fonte,Fonte ductile,100,137.9,1975,-355.7,185.7,-396.6,317.4
PAR01041,Plastique,PVC,200,128.0,1980,-396.6,317.4,-268.6,319.1
PAR01042,Plastique,PVC,100,112.7,1980,-396.6,317.4,-400.6,430.0
PAR01043,Plastique,PVC,80,101.7,1980,-400.6,430.0,-298.9,426.9
PAR01044,Fonte,Fonte ductile,32,106.2,1970,-400.6,430.0,-473.0,507.7
PAR01045,Plastique,PEHD,63,176.3,1995,-473.0,507.7,-307.0,567.2
PAR01046,Fonte,Fonte grise,500,175.2,1930,-473.0,507.7,-456.8,682.1
PAR01047,Fonte,Fonte grise,150,91.2,1930,-456.8,682.1,-366.3,670.1
PAR01048,Fonte,Fonte ductile,100,120.0,1970,-456.8,682.1,-487.3,798.2
PAR01049,Fonte,Fonte ductile,80,116.8,1970,-487.3,798.2,-373.2,823.0
PAR01050,Plastique,PVC,200,124.1,1980,-487.3,798.2,-581.4,879.1
PAR01051,Fonte,Fonte grise,80,118.7,1930,-581.4,879.1,-477.1,935.8
PAR01052,Fonte,Fonte ductile,80,182.2,1980,-581.4,879.1,-567.7,1060.8
PAR01053,Fonte,Fonte ductile,200,103.2,1970,-567.7,1060.8,-622.6,1148.2
PAR01054,Fonte,Fonte ductile,250,159.5,1973,-622.6,1148.2,-463.7,1161.7
PAR01055,Fonte,Fonte ductile,200,148.6,1970,-622.6,1148.2,-687.9,1281.7
PAR01056,Plastique,PVC,250,178.1,1980,-687.9,1281.7,-516.2,1328.9
PAR01057,Plastique,PVC collé,125,140.0,1960,-668.6,1444.5,-528.7,1439.6
PAR01058,Plastique,PEHD,80,117.8,1995,-668.6,1444.5,-729.8,1545.2
PAR01059,Fonte,Fonte grise,150,144.3,1930,-729.8,1545.2,-585.6,1540.5
PAR01060,Plastique,PVC,32,77.7,2002,-729.8,1545.2,-735.6,1622.7
PAR01061,Plastique,PVC,250,95.4,1980,-735.6,1622.7,-647.3,1658.7
PAR01062,Plastique,PEHD,200,186.8,1995,-735.6,1622.7,-782.1,1803.6
PAR01063,Fonte,Fonte ductile,300,98.2,1970,-782.1,1803.6,-684.1,1798.4
PAR01064,Fonte,Fonte grise,200,80.5,1933,-782.1,1803.6,-802.9,1881.3
PAR01065,Fonte,Fonte ductile,100,96.2,1970,-802.9,1881.3,-746.2,1959.0
PAR01066,Fonte,Fonte grise,100,154.3,1946,324.5,-2062.2,470.3,-2011.7
PAR01067,Fonte,Fonte ductile,250,164.1,1991,324.5,-2062.2,302.7,-1899.6
PAR01068,Fonte,Fonte ductile,80,139.0,1970,302.7,-1899.6,440.7,-1882.8
PAR01069,Plastique,PEHD,200,90.3,1995,302.7,-1899.6,300.1,-1809.4
PAR01070,Fonte,Fonte ductile,100,158.7,1970,300.1,-1809.4,444.5,-1743.4
PAR01071,Plastique,PVC collé,80,118.4,1977,300.1,-1809.4,287.9,-1691.5
PAR01072,Fonte,Fonte ductile,250,96.2,1982,287.9,-1691.5,372.1,-1645.1
PAR01073,Plastique,PVC collé,63,137.1,1960,287.9,-1691.5,229.0,-1567.7
PAR01074,Fonte,Fonte ductile,200,139.6,1970,229.0,-1567.7,356.0,-1509.8
PAR01075,Fonte,Fonte ductile,100,213.5,1970,229.0,-1567.7,214.0,-1354.7
PAR01076,Acier,Acier,100,109.5,1950,214.0,-1354.7,323.5,-1354.8
PAR01077,Plastique,PVC collé,250,62.8,1960,214.0,-1354.7,183.8,-1299.6
PAR01078,Fonte,Fonte ductile,400,176.0,1970,75.0,-1074.4,245.9,-1032.3
PAR01079,Plastique,PEHD,40,156.3,1995,75.0,-1074.4,26.7,-925.7
PAR01080,Fonte,Fonte grise,100,161.5,1930,26.7,-925.7,182.3,-882.7
PAR01081,Plastique,PEHD,150,156.5,1995,62.7,-767.8,-45.7,-654.9
PAR01082,Fonte,Fonte grise,400,194.0,1930,-45.7,-654.9,141.4,-603.4
PAR01083,Fonte,Fonte ductile,250,144.2,1970,-45.7,-654.9,-21.8,-512.7
PAR01084,Fonte,Fonte ductile,125,129.1,1970,-21.8,-512.7,101.3,-473.7
PAR01085,Fonte,Fonte grise,250,93.5,1930,-21.8,-512.7,-43.4,-421.7
PAR01086,Fonte,Fonte grise,150,104.4,1930,-43.4,-421.7,27.1,-344.6
PAR01087,Ciment,Amiante-ciment,125,140.2,1955,-43.4,-421.7,-113.5,-300.4
PAR01088,Fonte,Fonte ductile,400,162.5,1970,-113.5,-300.4,-141.3,-140.2
PAR01089,Fonte,Fonte ductile,80,109.4,1970,-141.3,-140.2,-32.3,-131.1
PAR01090,Ciment,Amiante-ciment,250,74.0,1955,-141.3,-140.2,-194.9,-89.2
PAR01091,Fonte,Fonte grise,250,189.1,1930,-194.9,-89.2,-13.0,-37.5
PAR01092,Plastique,PVC collé,200,100.6,1960,-197.1,48.5,-106.4,92.0
PAR01093,Fonte,Fonte grise,125,119.9,1930,-197.1,48.5,-240.1,160.5
PAR01094,Acier,Acier,150,129.6,1950,-240.1,160.5,-158.0,260.7
PAR01095,Fonte,Fonte ductile,100,161.2,1970,-240.1,160.5,-268.6,319.1
PAR01096,Plastique,PVC,80,117.2,1980,-268.6,319.1,-174.6,389.1
PAR01097,Plastique,PEHD,500,112.0,1995,-268.6,319.1,-298.9,426.9
PAR01098,Fonte,Fonte ductile,200,138.9,1970,-298.9,426.9,-192.6,516.3
PAR01099,Plastique,PVC collé,150,140.5,1960,-298.9,426.9,-307.0,567.2
PAR01100,Plastique,PVC,50,118.8,1990,-307.0,567.2,-366.3,670.1
PAR01101,Plastique,PVC collé,80,152.8,1960,-366.3,670.1,-223.5,724.5
PAR01102,Plastique,PVC collé,400,153.0,1960,-366.3,670.1,-373.2,823.0
PAR01103,Fonte,Fonte ductile,125,128.2,1970,-373.2,823.0,-247.9,850.3
PAR01104,Plastique,PEHD,125,153.3,1995,-373.2,823.0,-477.1,935.8
PAR01105,Plastique,PEHD,80,128.8,1995,-477.1,935.8,-349.0,949.8
PAR01106,Fonte,Fonte grise,200,106.4,1930,-477.1,935.8,-482.2,1042.1
PAR01107,Fonte,Fonte grise,600,126.8,1930,-482.2,1042.1,-357.6,1066.0
PAR01108,Plastique,PEHD,400,80.8,1995,-463.7,1161.7,-417.0,1227.6
PAR01109,Plastique,PVC,200,175.3,1980,-463.7,1161.7,-516.2,1328.9
PAR01110,Fonte,Fonte ductile,250,94.7,2011,-516.2,1328.9,-421.5,1327.4
PAR01111,Fonte,Fonte grise,600,59.6,1962,-528.7,1439.6,-477.0,1469.3
PAR01112,Plastique,PVC collé,80,115.9,1960,-528.7,1439.6,-585.6,1540.5
PAR01113,Fonte,Fonte ductile,32,140.5,1989,-585.6,1540.5,-447.0,1563.6
PAR01114,Fonte,Fonte grise,125,133.3,1930,-585.6,1540.5,-647.3,1658.7
PAR01115,Fonte,Fonte grise,200,173.6,1955,-647.3,1658.7,-476.1,1688.0
PAR01116,Acier,Acier,125,144.4,1950,-647.3,1658.7,-684.1,1798.4
PAR01117,Plastique,PEHD,32,141.9,2010,-684.1,1798.4,-554.2,1855.4
PAR01118,Fonte,Fonte ductile,50,172.2,1986,-684.1,1798.4,-746.2,1959.0
PAR01119,Fonte,Fonte grise,200,192.8,1930,-746.2,1959.0,-554.2,1976.7
PAR01120,Fonte,Fonte ductile,125,125.7,1989,470.3,-2011.7,563.3,-1927.1
PAR01121,Acier,Acier,600,132.2,1950,470.3,-2011.7,440.7,-1882.8
PAR01122,Plastique,PVC,40,165.1,1980,440.7,-1882.8,589.6,-1811.6
PAR01123,Fonte,Fonte grise,40,76.1,1930,444.5,-1743.4,503.9,-1695.8
PAR01124,Fonte,Fonte ductile,200,122.1,1970,444.5,-1743.4,372.1,-1645.1
PAR01125,Fonte,Fonte ductile,400,168.5,1970,372.1,-1645.1,537.4,-1612.2
PAR01126,Plastique,PEHD,100,136.2,2017,372.1,-1645.1,356.0,-1509.8
PAR01127,Acier,Acier,250,99.2,1950,356.0,-1509.8,439.0,-1455.4
PAR01128,Fonte,Fonte grise,150,158.3,1931,356.0,-1509.8,323.5,-1354.8
PAR01129,Fonte,Fonte grise,125,130.1,1930,323.5,-1354.8,441.1,-1299.2
PAR01130,Plastique,PVC collé,250,156.7,1960,323.5,-1354.8,272.2,-1206.8
PAR01131,Fonte,Fonte ductile,80,143.2,1970,272.2,-1206.8,409.6,-1247.1
PAR01132,Fonte,Fonte ductile,50,72.6,1970,272.2,-1206.8,240.6,-1141.4
PAR01133,Plastique,PEHD,63,142.7,1995,240.6,-1141.4,368.9,-1078.8
PAR01134,Fonte,Fonte ductile,125,109.2,1970,240.6,-1141.4,245.9,-1032.3
PAR01135,Plastique,PVC collé,80,116.2,1960,245.9,-1032.3,314.4,-938.6
PAR01136,Plastique,PEHD,250,162.6,1995,245.9,-1032.3,182.3,-882.7
PAR01137,Fonte,Fonte grise,80,90.6,1930,182.3,-882.7,251.1,-823.7
PAR01138,Acier,Acier,600,126.1,1953,182.3,-882.7,170.2,-757.2
PAR01139,Plastique,PVC,63,101.8,1980,170.2,-757.2,266.3,-723.6
PAR01140,Fonte,Fonte grise,250,156.5,1930,170.2,-757.2,141.4,-603.4
PAR01141,Plastique,PEHD,40,135.8,1995,141.4,-603.4,101.3,-473.7
PAR01142,Plastique,PEHD,200,137.0,1995,101.3,-473.7,233.3,-510.4
PAR01143,Plastique,PVC collé,100,148.8,1960,101.3,-473.7,27.1,-344.6
PAR01144,Plastique,PVC,100,106.0,1980,27.1,-344.6,132.1,-330.1
PAR01145,Plastique,PEHD,40,95.8,1995,27.1,-344.6,12.3,-250.0
PAR01146,Plastique,PEHD,100,130.9,1995,12.3,-250.0,127.7,-188.1
PAR01147,Plastique,PVC,600,127.0,1984,12.3,-250.0,-32.3,-131.1
PAR01148,Fonte,Fonte ductile,50,97.6,1970,-32.3,-131.1,64.3,-145.0
PAR01149,Plastique,PVC collé,250,95.6,1960,-32.3,-131.1,-13.0,-37.5
PAR01150,Fonte,Fonte ductile,125,43.9,1970,-13.0,-37.5,27.7,-21.0
PAR01151,Plastique,PEHD,50,159.6,1995,-13.0,-37.5,-106.4,92.0
PAR01152,Acier,Acier,80,122.8,1950,-106.4,92.0,15.8,104.7
PAR01153,Plastique,PVC collé,600,140.0,1960,-158.0,260.7,-24.9,304.2
PAR01154,Plastique,PVC,150,129.4,1980,-158.0,260.7,-174.6,389.1
PAR01155,Fonte,Fonte grise,150,144.3,1930,-174.6,389.1,-34.0,421.5
PAR01156,Fonte,Fonte grise,125,128.5,1930,-174.6,389.1,-192.6,516.3
PAR01157,Plastique,PVC,300,84.2,1980,-192.6,516.3,-108.4,518.2
PAR01158,Fonte,Fonte ductile,80,53.8,1970,-192.6,516.3,-204.6,568.7
PAR01159,Fonte,Fonte ductile,250,72.1,1995,-223.5,724.5,-152.7,738.3
PAR01160,Plastique,PEHD,100,128.2,1995,-223.5,724.5,-247.9,850.3
PAR01161,Fonte,Fonte ductile,100,86.5,1970,-247.9,850.3,-190.0,914.6
PAR01162,Plastique,PEHD,100,141.8,1995,-247.9,850.3,-349.0,949.8
PAR01163,Fonte,Fonte ductile,500,153.0,1970,-349.0,949.8,-198.5,977.4
PAR01164,Fonte,Fonte ductile,150,116.5,1989,-349.0,949.8,-357.6,1066.0
PAR01165,Plastique,PEHD,50,145.9,1995,-357.6,1066.0,-236.1,1146.9
PAR01166,Fonte,Fonte ductile,500,172.2,1970,-357.6,1066.0,-417.0,1227.6
PAR01167,Fonte,Fonte ductile,200,154.8,1970,-417.0,1227.6,-272.0,1282.0
PAR01168,Plastique,PVC,200,99.9,1983,-417.0,1227.6,-421.5,1327.4
PAR01169,Fonte,Fonte grise,150,152.3,1930,-421.5,1327.4,-477.0,1469.3
PAR01170,Plastique,PVC,200,140.0,1980,-477.0,1469.3,-342.9,1509.8
PAR01171,Fonte,Fonte grise,100,98.9,1951,-477.0,1469.3,-447.0,1563.6
PAR01172,Fonte,Fonte ductile,50,97.2,1970,-447.0,1563.6,-393.9,1644.9
PAR01173,Fonte,Fonte grise,400,127.7,1930,-447.0,1563.6,-476.1,1688.0
PAR01174,Fonte,Fonte grise,80,97.7,1948,-476.1,1688.0,-421.1,1768.7
PAR01175,Plastique,PVC collé,40,184.8,1960,-476.1,1688.0,-554.2,1855.4
PAR01176,Fonte,Fonte grise,250,99.1,1930,-554.2,1855.4,-461.6,1820.3
PAR01177,Acier,Acier,150,121.2,1953,-554.2,1855.4,-554.2,1976.7
PAR01178,Fonte,Fonte ductile,63,121.9,1970,-554.2,1976.7,-434.5,1999.7
PAR01179,Plastique,PVC,50,183.2,1980,563.3,-1927.1,746.2,-1936.8
PAR01180,Plastique,PEHD,125,118.5,1995,563.3,-1927.1,589.6,-1811.6
PAR01181,Fonte,Fonte ductile,250,144.1,1970,589.6,-1811.6,503.9,-1695.8
PAR01182,Plastique,PVC collé,200,145.5,1960,503.9,-1695.8,645.0,-1660.4
PAR01183,Fonte,Fonte ductile,200,90.0,1970,503.9,-1695.8,537.4,-1612.2
PAR01184,Fonte,Fonte ductile,125,59.9,1970,537.4,-1612.2,590.1,-1583.8
PAR01185,Plastique,PVC,600,185.2,1980,537.4,-1612.2,439.0,-1455.4
PAR01186,Fonte,Fonte ductile,600,159.2,1970,439.0,-1455.4,596.9,-1475.8
PAR01187,Fonte,Fonte ductile,300,83.6,1972,441.1,-1299.2,521.4,-1275.9
PAR01188,Plastique,PEHD,80,60.8,1995,441.1,-1299.2,409.6,-1247.1
PAR01189,Plastique,PEHD,150,109.0,1995,409.6,-1247.1,505.3,-1195.1
PAR01190,Fonte,Fonte grise,32,173.2,1930,409.6,-1247.1,368.9,-1078.8
PAR01191,Plastique,PVC collé,100,87.2,1960,368.9,-1078.8,455.0,-1065.0
PAR01192,Fonte,Fonte grise,100,150.5,1930,368.9,-1078.8,314.4,-938.6
PAR01193,Fonte,Fonte grise,80,136.4,1930,314.4,-938.6,450.2,-925.5
PAR01194,Fonte,Fonte ductile,250,131.2,1970,314.4,-938.6,251.1,-823.7
PAR01195,Fonte,Fonte ductile,80,148.4,1970,251.1,-823.7,398.2,-843.4
PAR01196,Plastique,PEHD,500,101.2,1995,251.1,-823.7,266.3,-723.6
PAR01197,Plastique,PEHD,250,144.8,1995,266.3,-723.6,410.9,-730.2
PAR01198,Fonte,Fonte grise,250,101.3,1930,266.3,-723.6,219.3,-633.8
PAR01199,Acier,Acier,200,150.2,1950,219.3,-633.8,348.4,-556.9
PAR01200,Fonte,Fonte ductile,600,124.2,1970,219.3,-633.8,233.3,-510.4
PAR01201,Fonte,Fonte grise,80,85.9,1930,233.3,-510.4,311.9,-475.8
PAR01202,Plastique,PVC collé,80,206.8,1960,233.3,-510.4,132.1,-330.1
PAR01203,Plastique,PVC,100,166.3,1980,132.1,-330.1,297.1,-309.2
PAR01204,Plastique,PEHD,250,142.1,1995,132.1,-330.1,127.7,-188.1
PAR01205,Plastique,PEHD,150,116.9,1995,127.7,-188.1,236.7,-230.3
PAR01206,Ciment,Amiante-ciment,125,76.6,1955,127.7,-188.1,64.3,-145.0
PAR01207,Fonte,Fonte grise,125,196.0,1930,64.3,-145.0,244.2,-67.4
PAR01208,Plastique,PEHD,250,129.2,1995,64.3,-145.0,27.7,-21.0
PAR01209,Fonte,Fonte grise,100,129.8,1930,27.7,-21.0,127.4,62.0
PAR01210,Fonte,Fonte grise,150,126.3,1930,27.7,-21.0,15.8,104.7
PAR01211,Fonte,Fonte ductile,125,176.3,1970,15.8,104.7,152.6,215.9
PAR01212,Fonte,Fonte ductile,50,203.6,1970,15.8,104.7,-24.9,304.2
PAR01213,Fonte,Fonte grise,300,144.3,1930,-24.9,304.2,116.7,331.7
PAR01214,Fonte,Fonte grise,250,117.6,1930,-24.9,304.2,-34.0,421.5
PAR01215,Fonte,Fonte grise,150,93.4,1930,-34.0,421.5,59.4,424.8
PAR01216,Plastique,PVC collé,150,122.1,1960,-34.0,421.5,-108.4,518.2
PAR01217,Plastique,PEHD,80,130.8,2006,-108.4,518.2,-149.3,642.4
PAR01218,Fonte,Fonte ductile,300,160.8,1970,-152.7,738.3,-24.1,834.9
PAR01219,Fonte,Fonte grise,250,180.2,1930,-152.7,738.3,-190.0,914.6
PAR01220,Fonte,Fonte grise,125,95.7,1930,-190.0,914.6,-95.6,899.0
PAR01221,Ciment,Amiante-ciment,250,63.4,1955,-190.0,914.6,-198.5,977.4
PAR01222,Fonte,Fonte ductile,125,150.8,1970,-198.5,977.4,-72.6,1060.3
PAR01223,Ciment,Amiante-ciment,500,173.6,1955,-198.5,977.4,-236.1,1146.9
PAR01224,Fonte,Fonte grise,63,115.0,1930,-236.1,1146.9,-122.4,1163.6
PAR01225,Fonte,Fonte ductile,32,139.9,1970,-236.1,1146.9,-272.0,1282.0
PAR01226,Plastique,PVC,250,106.7,1980,-272.0,1282.0,-172.6,1243.3
PAR01227,Acier,Acier,32,136.0,1957,-272.0,1282.0,-287.0,1417.2
PAR01228,Fonte,Fonte ductile,80,60.5,1974,-287.0,1417.2,-227.2,1407.8
PAR01229,Fonte,Fonte ductile,300,108.1,1972,-287.0,1417.2,-342.9,1509.8
PAR01230,Plastique,PVC collé,63,144.4,1960,-342.9,1509.8,-393.9,1644.9
PAR01231,Plastique,PVC collé,250,105.0,1960,-393.9,1644.9,-290.1,1629.4
PAR01232,Plastique,PEHD,125,126.7,1995,-393.9,1644.9,-421.1,1768.7
PAR01233,Fonte,Fonte ductile,250,116.2,1970,-421.1,1768.7,-308.8,1738.5
PAR01234,Fonte,Fonte ductile,500,65.6,1981,-421.1,1768.7,-461.6,1820.3
PAR01235,Plastique,PEHD,100,181.4,1995,-461.6,1820.3,-434.5,1999.7
PAR01236,Plastique,PVC collé,50,122.3,1960,-434.5,1999.7,-320.8,2044.5
PAR01237,Plastique,PEHD,150,138.6,2008,627.9,-1806.0,765.5,-1789.2
PAR01238,Fonte,Fonte grise,40,110.7,1931,645.0,-1660.4,751.5,-1690.3
PAR01239,Plastique,PEHD,100,94.2,1995,645.0,-1660.4,590.1,-1583.8
PAR01240,Plastique,PVC collé,150,149.0,1960,590.1,-1583.8,737.3,-1560.1
PAR01241,Plastique,PVC,32,108.2,1980,590.1,-1583.8,596.9,-1475.8
PAR01242,Fonte,Fonte grise,250,155.1,1930,521.4,-1275.9,674.2,-1249.2
PAR01243,Fonte,Fonte ductile,80,82.4,1970,521.4,-1275.9,505.3,-1195.1
PAR01244,Plastique,PVC collé,250,122.9,1960,505.3,-1195.1,624.6,-1165.7
PAR01245,Fonte,Fonte ductile,250,139.4,1970,505.3,-1195.1,455.0,-1065.0
PAR01246,Plastique,PVC collé,100,159.6,1960,455.0,-1065.0,614.5,-1069.5
PAR01247,Fonte,Fonte ductile,125,139.7,1970,455.0,-1065.0,450.2,-925.5
PAR01248,Fonte,Fonte grise,80,126.7,1930,450.2,-925.5,573.6,-896.7
PAR01249,Fonte,Fonte ductile,250,97.2,1970,450.2,-925.5,398.2,-843.4
PAR01250,Acier,Acier,200,139.6,1950,398.2,-843.4,536.7,-825.4
PAR01251,Plastique,PEHD,150,113.9,1995,398.2,-843.4,410.9,-730.2
PAR01252,Plastique,PVC collé,100,114.1,1960,410.9,-730.2,467.4,-631.0
PAR01253,Fonte,Fonte ductile,250,184.2,1970,410.9,-730.2,348.4,-556.9
PAR01254,Plastique,PVC collé,100,146.0,1960,348.4,-556.9,494.4,-559.0
PAR01255,Fonte,Fonte grise,63,88.9,1930,348.4,-556.9,311.9,-475.8
PAR01256,Fonte,Fonte grise,200,144.9,1937,311.9,-475.8,437.2,-403.2
PAR01257,Plastique,PVC,125,167.3,1980,311.9,-475.8,297.1,-309.2
PAR01258,Fonte,Fonte ductile,150,84.2,1977,297.1,-309.2,378.9,-288.9
PAR01259,Fonte,Fonte grise,125,99.4,1930,297.1,-309.2,236.7,-230.3
PAR01260,Plastique,PEHD,80,163.1,1995,236.7,-230.3,244.2,-67.4
PAR01261,Plastique,PVC collé,600,123.7,1960,244.2,-67.4,349.8,-2.9
PAR01262,Fonte,Fonte ductile,100,174.3,1970,244.2,-67.4,127.4,62.0
PAR01263,Plastique,PVC collé,150,147.4,1960,127.4,62.0,266.3,111.2
PAR01264,Ciment,Amiante-ciment,125,156.0,1955,127.4,62.0,152.6,215.9
PAR01265,Fonte,Fonte grise,500,89.9,1930,152.6,215.9,240.9,198.7
PAR01266,Plastique,PEHD,100,134.1,1995,116.7,331.7,250.8,327.4
PAR01267,Fonte,Fonte ductile,32,109.3,1970,116.7,331.7,59.4,424.8
PAR01268,Plastique,PVC collé,150,164.9,1960,59.4,424.8,223.8,437.2
PAR01269,Fonte,Fonte grise,500,76.8,1930,59.4,424.8,20.0,490.7
PAR01270,Plastique,PVC,300,189.1,1980,20.0,490.7,191.4,570.8
PAR01271,Fonte,Fonte ductile,500,222.3,1970,20.0,490.7,17.1,713.0
PAR01272,Plastique,PVC,250,128.6,1980,17.1,713.0,-24.1,834.9
PAR01273,Fonte,Fonte grise,150,96.1,1930,-24.1,834.9,-95.6,899.0
PAR01274,Fonte,Fonte grise,100,143.0,1930,-95.6,899.0,44.7,926.8
PAR01275,Fonte,Fonte ductile,150,162.9,1970,-95.6,899.0,-72.6,1060.3
PAR01276,Fonte,Fonte ductile,250,76.0,1988,-72.6,1060.3,-2.1,1031.9
PAR01277,Fonte,Fonte ductile,100,114.7,1970,-72.6,1060.3,-122.4,1163.6
PAR01278,Plastique,PVC collé,80,87.9,1960,-122.4,1163.6,-37.1,1185.1
PAR01279,Acier,Acier,150,94.2,1973,-122.4,1163.6,-172.6,1243.3
PAR01280,Fonte,Fonte grise,100,179.8,1930,-172.6,1243.3,-9.8,1319.5
PAR01281,Plastique,PVC,125,173.4,1980,-172.6,1243.3,-227.2,1407.8
PAR01282,Plastique,PVC collé,50,193.3,1960,-227.2,1407.8,-33.9,1405.5
PAR01283,Fonte,Fonte ductile,150,83.4,1970,-227.2,1407.8,-237.0,1490.7
PAR01284,Plastique,PVC,32,151.1,1980,-237.0,1490.7,-107.3,1568.2
PAR01285,Plastique,PVC,250,148.6,1980,-237.0,1490.7,-290.1,1629.4
PAR01286,Plastique,PEHD,100,168.1,1995,-290.1,1629.4,-126.2,1666.7
PAR01287,Plastique,PVC,100,110.7,1980,-290.1,1629.4,-308.8,1738.5
PAR01288,Fonte,Fonte grise,150,159.6,1935,-308.8,1738.5,-158.3,1791.5
PAR01289,Plastique,PVC,400,135.9,1980,-308.8,1738.5,-311.7,1874.4
PAR01290,Ciment,Amiante-ciment,40,170.3,1961,-311.7,1874.4,-320.8,2044.5
PAR01291,Fonte,Fonte grise,150,116.6,1940,-320.8,2044.5,-216.0,2095.9
PAR01292,Fonte,Fonte ductile,100,171.9,1976,807.3,-1902.3,976.7,-1873.2
PAR01293,Plastique,PVC collé,200,120.6,1967,807.3,-1902.3,765.5,-1789.2
PAR01294,Fonte,Fonte ductile,250,125.9,1983,765.5,-1789.2,891.1,-1781.3
PAR01295,Ciment,Amiante-ciment,63,99.9,1964,765.5,-1789.2,751.5,-1690.3
PAR01296,Fonte,Fonte ductile,80,172.1,1992,751.5,-1690.3,893.1,-1592.4
PAR01297,Plastique,PVC collé,200,131.0,1960,751.5,-1690.3,737.3,-1560.1
PAR01298,Plastique,PVC,400,152.9,1980,737.3,-1560.1,877.0,-1497.9
PAR01299,Plastique,PVC,400,192.0,1980,737.3,-1560.1,706.7,-1370.5
PAR01300,Ciment,Amiante-ciment,80,114.8,1955,706.7,-1370.5,821.5,-1372.4
PAR01301,Plastique,PVC,125,125.6,1980,706.7,-1370.5,674.2,-1249.2
PAR01302,Plastique,PVC,100,72.5,1980,674.2,-1249.2,743.3,-1271.1
PAR01303,Fonte,Fonte grise,400,123.1,1930,624.6,-1165.7,723.6,-1092.6
PAR01304,Fonte,Fonte ductile,150,96.7,1970,624.6,-1165.7,614.5,-1069.5
PAR01305,Fonte,Fonte grise,40,112.9,1952,614.5,-1069.5,701.1,-997.0
PAR01306,Fonte,Fonte ductile,100,177.6,1970,614.5,-1069.5,573.6,-896.7
PAR01307,Fonte,Fonte grise,200,64.6,1931,573.6,-896.7,620.3,-852.2
PAR01308,Fonte,Fonte ductile,250,101.0,1970,536.7,-825.4,633.1,-795.3
PAR01309,Plastique,PVC,125,206.4,1980,536.7,-825.4,467.4,-631.0
PAR01310,Plastique,PVC collé,600,161.9,1960,467.4,-631.0,628.8,-644.3
PAR01311,Plastique,PVC collé,80,77.0,1960,467.4,-631.0,494.4,-559.0
PAR01312,Fonte,Fonte ductile,150,107.1,1970,494.4,-559.0,571.1,-484.2
PAR01313,Ciment,Amiante-ciment,200,99.7,1955,437.2,-403.2,532.5,-374.0
PAR01314,Plastique,PEHD,250,128.3,1995,437.2,-403.2,378.9,-288.9
PAR01315,Fonte,Fonte grise,200,149.7,1930,378.9,-288.9,519.0,-236.3
PAR01316,Acier,Acier,150,134.4,1950,378.9,-288.9,340.5,-160.1
PAR01317,Plastique,PVC collé,250,111.0,1960,340.5,-160.1,438.6,-108.1
PAR01318,Plastique,PVC,80,157.4,1980,340.5,-160.1,349.8,-2.9
PAR01319,Fonte,Fonte ductile,200,44.9,1970,349.8,-2.9,393.5,7.5
PAR01320,Plastique,PVC,100,141.4,1980,349.8,-2.9,266.3,111.2
PAR01321,Fonte,Fonte grise,300,96.4,1940,266.3,111.2,358.3,139.9
PAR01322,Fonte,Fonte ductile,40,91.1,1970,266.3,111.2,240.9,198.7
PAR01323,Plastique,PEHD,80,137.6,1995,240.9,198.7,362.4,263.3
PAR01324,Plastique,PVC collé,100,129.1,1960,240.9,198.7,250.8,327.4
PAR01325,Fonte,Fonte grise,80,110.8,1930,250.8,327.4,335.8,398.5
PAR01326,Plastique,PEHD,300,113.0,1995,250.8,327.4,223.8,437.2
PAR01327,Ciment,Amiante-ciment,125,110.8,1955,223.8,437.2,331.4,463.7
PAR01328,Fonte,Fonte grise,600,137.5,1930,223.8,437.2,191.4,570.8
PAR01329,Fonte,Fonte ductile,40,80.5,1970,191.4,570.8,271.3,579.8
PAR01330,Fonte,Fonte ductile,400,133.6,1970,191.4,570.8,154.3,699.1
PAR01331,Fonte,Fonte ductile,500,87.9,1970,154.3,699.1,242.1,700.0
PAR01332,Plastique,PEHD,250,135.8,1995,154.3,699.1,67.3,803.4
PAR01333,Fonte,Fonte ductile,150,152.0,1970,67.3,803.4,198.9,879.5
PAR01334,Fonte,Fonte ductile,250,125.4,1970,67.3,803.4,44.7,926.8
PAR01335,Acier,Acier,600,118.4,1950,44.7,926.8,142.8,992.9
PAR01336,Fonte,Fonte grise,32,157.2,1930,-2.1,1031.9,-37.1,1185.1
PAR01337,Plastique,PVC collé,80,178.9,1960,-37.1,1185.1,136.6,1227.7
PAR01338,Plastique,PVC collé,150,137.2,1960,-37.1,1185.1,-9.8,1319.5
PAR01339,Plastique,PVC,100,77.0,1980,-9.8,1319.5,65.3,1302.4
PAR01340,Fonte,Fonte ductile,80,89.3,1992,-9.8,1319.5,-33.9,1405.5
PAR01341,Plastique,PVC,125,75.4,1980,-33.9,1405.5,6.3,1469.2
PAR01342,Plastique,PEHD,100,93.7,1995,-107.3,1568.2,-18.3,1539.1
PAR01343,Plastique,PVC,100,100.2,1980,-107.3,1568.2,-126.2,1666.7
PAR01344,Plastique,PEHD,250,139.2,1995,-126.2,1666.7,10.2,1693.9
PAR01345,Plastique,PVC,200,128.8,1980,-126.2,1666.7,-158.3,1791.5
PAR01346,Plastique,PVC collé,32,148.1,1960,-158.3,1791.5,-41.3,1882.3
PAR01347,Fonte,Fonte grise,250,174.3,1930,-158.3,1791.5,-200.5,1960.6
PAR01348,Plastique,PVC collé,150,107.2,1960,-200.5,1960.6,-95.8,1983.8
PAR01349,Plastique,PVC,150,136.2,1980,-200.5,1960.6,-216.0,2095.9
PAR01350,Fonte,Fonte ductile,80,65.8,1978,-216.0,2095.9,-152.8,2114.2
PAR01351,Plastique,PEHD,200,57.6,1995,976.7,-1873.2,1030.3,-1852.0
PAR01352,Fonte,Fonte grise,80,125.6,1957,976.7,-1873.2,891.1,-1781.3
PAR01353,Ciment,Amiante-ciment,400,157.1,1955,891.1,-1781.3,1020.0,-1691.4
PAR01354,Fonte,Fonte grise,125,188.9,1930,891.1,-1781.3,893.1,-1592.4
PAR01355,Fonte,Fonte ductile,80,61.5,1972,893.1,-1592.4,951.5,-1611.7
PAR01356,Plastique,PVC collé,200,95.9,1960,893.1,-1592.4,877.0,-1497.9
PAR01357,Fonte,Fonte ductile,150,70.1,1970,877.0,-1497.9,940.6,-1468.5
PAR01358,Fonte,Fonte ductile,80,137.2,2004,877.0,-1497.9,821.5,-1372.4
PAR01359,Plastique,PVC collé,40,142.0,1960,821.5,-1372.4,963.4,-1377.6
PAR01360,Acier,Acier,100,128.0,1970,821.5,-1372.4,743.3,-1271.1
PAR01361,Fonte,Fonte ductile,80,178.7,1970,743.3,-1271.1,920.5,-1248.1
PAR01362,Plastique,PEHD,40,179.6,2013,743.3,-1271.1,723.6,-1092.6
PAR01363,Fonte,Fonte ductile,150,155.1,1985,723.6,-1092.6,872.2,-1137.1
PAR01364,Fonte,Fonte grise,150,98.1,1930,723.6,-1092.6,701.1,-997.0
PAR01365,Plastique,PVC,300,100.4,1980,701.1,-997.0,801.4,-991.6
PAR01366,Acier,Acier,200,165.8,1958,701.1,-997.0,620.3,-852.2
PAR01367,Ciment,Amiante-ciment,100,146.0,1955,620.3,-852.2,760.8,-891.9
PAR01368,Plastique,PVC,600,58.3,1980,620.3,-852.2,633.1,-795.3
PAR01369,Fonte,Fonte ductile,600,145.4,1970,633.1,-795.3,775.4,-765.4
PAR01370,Plastique,PVC,32,101.7,1980,628.8,-644.3,697.0,-568.8
PAR01371,Plastique,PVC collé,32,170.1,1960,628.8,-644.3,571.1,-484.2
PAR01372,Ciment,Amiante-ciment,50,157.9,1955,571.1,-484.2,728.9,-477.8
PAR01373,Plastique,PVC,250,116.8,1980,571.1,-484.2,532.5,-374.0
PAR01374,Ciment,Amiante-ciment,600,131.9,1955,532.5,-374.0,664.5,-374.4
PAR01375,Plastique,PVC,100,138.3,1980,532.5,-374.0,519.0,-236.3
PAR01376,Fonte,Fonte ductile,150,98.9,1970,519.0,-236.3,612.7,-204.7
PAR01377,Plastique,PVC collé,125,151.3,1960,519.0,-236.3,438.6,-108.1
PAR01378,Plastique,PVC,400,124.1,1980,438.6,-108.1,393.5,7.5
PAR01379,Fonte,Fonte ductile,50,201.2,1970,393.5,7.5,594.6,-1.0
PAR01380,Fonte,Fonte grise,250,155.0,1930,358.3,139.9,507.4,97.4
PAR01381,Plastique,PVC collé,200,123.5,1960,358.3,139.9,362.4,263.3
PAR01382,Plastique,PEHD,100,164.3,1995,362.4,263.3,526.6,266.4
PAR01383,Fonte,Fonte grise,125,137.8,1930,362.4,263.3,335.8,398.5
PAR01384,Plastique,PEHD,32,71.8,1995,335.8,398.5,406.8,409.0
PAR01385,Fonte,Fonte grise,100,65.3,1930,335.8,398.5,331.4,463.7
PAR01386,Plastique,PEHD,125,119.1,1995,331.4,463.7,444.0,502.5
PAR01387,Plastique,PEHD,125,130.7,1995,331.4,463.7,271.3,579.8
PAR01388,Fonte,Fonte grise,150,155.9,1930,271.3,579.8,425.5,603.2
PAR01389,Plastique,PVC collé,100,123.8,1960,271.3,579.8,242.1,700.0
PAR01390,Plastique,PVC,125,135.2,1980,242.1,700.0,366.6,752.8
PAR01391,Plastique,PVC,250,184.6,1980,242.1,700.0,198.9,879.5
PAR01392,Fonte,Fonte ductile,200,126.6,1971,198.9,879.5,142.8,992.9
PAR01393,Fonte,Fonte grise,200,133.0,1944,142.8,992.9,274.7,1010.1
PAR01394,Plastique,PVC collé,200,80.9,1960,142.8,992.9,113.1,1068.2
PAR01395,Plastique,PEHD,80,174.1,1995,113.1,1068.2,285.2,1094.7
PAR01396,Fonte,Fonte ductile,200,161.2,1970,113.1,1068.2,136.6,1227.7
PAR01397,Ciment,Amiante-ciment,200,112.8,1955,136.6,1227.7,224.8,1298.0
PAR01398,Plastique,PEHD,200,103.4,1995,136.6,1227.7,65.3,1302.4
PAR01399,Plastique,PVC,80,170.6,1980,65.3,1302.4,221.5,1371.0
PAR01400,Plastique,PEHD,50,176.9,1995,65.3,1302.4,6.3,1469.2
PAR01401,Fonte,Fonte ductile,32,156.3,1991,6.3,1469.2,155.5,1515.6
PAR01402,Fonte,Fonte grise,200,74.1,1930,6.3,1469.2,-18.3,1539.1
PAR01403,Fonte,Fonte grise,125,190.4,1930,-18.3,1539.1,147.2,1633.3
PAR01404,Fonte,Fonte ductile,40,157.4,1970,-18.3,1539.1,10.2,1693.9
PAR01405,Fonte,Fonte grise,40,63.4,1930,10.2,1693.9,73.4,1698.9
PAR01406,Plastique,PVC,250,195.3,1980,10.2,1693.9,-41.3,1882.3
PAR01407,Fonte,Fonte ductile,250,82.9,1970,-41.3,1882.3,38.7,1860.5
PAR01408,Plastique,PVC,125,115.2,1980,-41.3,1882.3,-95.8,1983.8
PAR01409,Fonte,Fonte ductile,200,104.1,1996,-95.8,1983.8,7.4,1970.3
PAR01410,Plastique,PEHD,63,142.3,1995,-95.8,1983.8,-152.8,2114.2
PAR01411,Plastique,PVC,80,111.3,1980,-152.8,2114.2,-47.6,2150.7
PAR01412,Fonte,Fonte grise,32,154.0,1947,1030.3,-1852.0,1157.4,-1765.3
PAR01413,Fonte,Fonte ductile,125,161.0,1970,1030.3,-1852.0,1020.0,-1691.4
PAR01414,Plastique,PVC,150,80.2,1980,1020.0,-1691.4,1100.0,-1686.8
PAR01415,Plastique,PVC,100,105.0,1980,1020.0,-1691.4,951.5,-1611.7
PAR01416,Fonte,Fonte grise,200,160.3,1930,951.5,-1611.7,1082.3,-1519.1
PAR01417,Fonte,Fonte ductile,150,143.7,1977,951.5,-1611.7,940.6,-1468.5
PAR01418,Plastique,PVC collé,200,160.5,1960,940.6,-1468.5,1090.3,-1410.6
PAR01419,Fonte,Fonte ductile,250,93.6,1970,940.6,-1468.5,963.4,-1377.6
PAR01420,Fonte,Fonte ductile,600,104.7,1973,963.4,-1377.6,1051.3,-1320.8
PAR01421,Fonte,Fonte grise,63,136.4,1935,963.4,-1377.6,920.5,-1248.1
PAR01422,Plastique,PVC,150,68.7,1980,920.5,-1248.1,962.5,-1193.7
PAR01423,Fonte,Fonte ductile,150,121.1,1970,920.5,-1248.1,872.2,-1137.1
PAR01424,Plastique,PEHD,200,145.8,1995,872.2,-1137.1,1004.2,-1075.1
PAR01425,Plastique,PEHD,150,161.8,1995,872.2,-1137.1,801.4,-991.6
PAR01426,Acier,Acier,100,165.9,1950,801.4,-991.6,961.4,-947.7
PAR01427,Fonte,Fonte ductile,150,107.6,1970,801.4,-991.6,760.8,-891.9
PAR01428,Plastique,PVC collé,250,198.4,1960,760.8,-891.9,925.8,-781.8
PAR01429,Fonte,Fonte ductile,125,127.4,1970,760.8,-891.9,775.4,-765.4
PAR01430,Fonte,Fonte grise,125,211.6,1930,775.4,-765.4,697.0,-568.8
PAR01431,Acier,Acier,100,149.1,1973,697.0,-568.8,841.4,-531.7
PAR01432,Fonte,Fonte grise,200,115.7,1930,728.9,-477.8,843.1,-458.9
PAR01433,Plastique,PVC collé,100,121.8,1960,728.9,-477.8,664.5,-374.4
PAR01434,Fonte,Fonte ductile,80,156.7,1970,664.5,-374.4,785.4,-274.9
PAR01435,Fonte,Fonte ductile,100,177.5,1970,664.5,-374.4,612.7,-204.7
PAR01436,Plastique,PVC collé,400,100.6,1960,612.7,-204.7,713.2,-209.8
PAR01437,Plastique,PVC collé,125,134.3,1960,612.7,-204.7,543.1,-89.9
PAR01438,Fonte,Fonte ductile,80,186.3,1970,543.1,-89.9,726.6,-57.5
PAR01439,Acier,Acier,200,102.7,1950,543.1,-89.9,594.6,-1.0
PAR01440,Plastique,PVC,250,68.3,1992,594.6,-1.0,655.8,29.2
PAR01441,Fonte,Fonte ductile,300,131.4,1970,594.6,-1.0,507.4,97.4
PAR01442,Fonte,Fonte grise,600,143.6,1930,507.4,97.4,616.8,190.6
PAR01443,Plastique,PVC collé,150,170.0,1960,507.4,97.4,526.6,266.4
PAR01444,Fonte,Fonte ductile,100,125.0,1976,526.6,266.4,642.9,312.3
PAR01445,Fonte,Fonte ductile,500,186.2,1970,526.6,266.4,406.8,409.0
PAR01446,Plastique,PVC collé,32,163.7,1960,406.8,409.0,563.8,455.2
PAR01447,Fonte,Fonte grise,150,100.6,1930,406.8,409.0,444.0,502.5
PAR01448,Plastique,PVC collé,500,119.3,1960,444.0,502.5,536.0,578.4
PAR01449,Plastique,PVC,500,102.4,1980,444.0,502.5,425.5,603.2
PAR01450,Fonte,Fonte ductile,100,120.5,1979,425.5,603.2,525.7,670.2
PAR01451,Plastique,PVC,250,160.8,1980,425.5,603.2,366.6,752.8
PAR01452,Plastique,PVC,150,102.9,1980,366.6,752.8,468.0,770.4
PAR01453,Plastique,PVC collé,200,158.7,1960,366.6,752.8,303.0,898.2
PAR01454,Acier,Acier,150,140.1,1950,303.0,898.2,440.9,873.6
PAR01455,Fonte,Fonte grise,32,85.2,1930,274.7,1010.1,285.2,1094.7
PAR01456,Plastique,PVC collé,125,119.4,1960,285.2,1094.7,400.6,1125.6
PAR01457,Fonte,Fonte ductile,150,212.1,1970,285.2,1094.7,224.8,1298.0
PAR01458,Plastique,PVC collé,125,153.9,1980,224.8,1298.0,370.7,1249.0
PAR01459,Fonte,Fonte ductile,100,73.0,1970,224.8,1298.0,221.5,1371.0
PAR01460,Fonte,Fonte grise,80,73.7,1930,221.5,1371.0,266.4,1429.4
PAR01461,Plastique,PVC,40,158.9,1980,221.5,1371.0,155.5,1515.6
PAR01462,Plastique,PVC,125,101.7,1993,155.5,1515.6,246.2,1561.6
PAR01463,Fonte,Fonte ductile,300,118.0,1973,155.5,1515.6,147.2,1633.3
PAR01464,Acier,Acier,125,177.3,1964,73.4,1698.9,237.2,1766.9
PAR01465,Fonte,Fonte grise,80,165.3,1930,73.4,1698.9,38.7,1860.5
PAR01466,Plastique,PVC collé,32,173.4,1960,38.7,1860.5,211.8,1871.5
PAR01467,Fonte,Fonte grise,63,114.1,1930,38.7,1860.5,7.4,1970.3
PAR01468,Fonte,Fonte grise,500,164.4,1930,7.4,1970.3,137.8,2070.4
PAR01469,Plastique,PVC collé,250,188.6,1962,7.4,1970.3,-47.6,2150.7
PAR01470,Fonte,Fonte grise,125,157.1,1937,-47.6,2150.7,106.2,2118.9
PAR01471,Fonte,Fonte ductile,150,151.8,1970,1157.4,-1765.3,1307.6,-1787.4
PAR01472,Plastique,PVC collé,250,97.3,1960,1157.4,-1765.3,1100.0,-1686.8
PAR01473,Fonte,Fonte ductile,80,146.6,1984,1100.0,-1686.8,1231.4,-1621.9
PAR01474,Fonte,Fonte grise,40,168.7,1930,1100.0,-1686.8,1082.3,-1519.1
PAR01475,Fonte,Fonte ductile,80,159.8,1970,1082.3,-1519.1,1241.1,-1500.7
PAR01476,Fonte,Fonte grise,200,108.7,1935,1082.3,-1519.1,1090.3,-1410.6
PAR01477,Plastique,PEHD,150,57.9,1995,1090.3,-1410.6,1147.8,-1403.9
PAR01478,Fonte,Fonte grise,400,97.9,1930,1090.3,-1410.6,1051.3,-1320.8
PAR01479,Plastique,PVC collé,200,104.8,1960,1051.3,-1320.8,1146.5,-1277.2
PAR01480,Plastique,PEHD,250,155.1,1995,1051.3,-1320.8,962.5,-1193.7
PAR01481,Fonte,Fonte ductile,600,148.6,1980,962.5,-1193.7,1108.4,-1165.8
PAR01482,Plastique,PEHD,200,125.7,1995,962.5,-1193.7,1004.2,-1075.1
PAR01483,Fonte,Fonte ductile,50,54.9,1970,1004.2,-1075.1,1052.0,-1048.2
PAR01484,Fonte,Fonte ductile,50,134.4,1970,1004.2,-1075.1,961.4,-947.7
PAR01485,Plastique,PVC,63,71.2,1980,961.4,-947.7,1031.9,-937.8
PAR01486,Fonte,Fonte ductile,250,169.7,1970,961.4,-947.7,925.8,-781.8
PAR01487,Plastique,PEHD,40,55.8,1995,925.8,-781.8,980.9,-791.0
PAR01488,Fonte,Fonte grise,200,98.3,1943,925.8,-781.8,866.0,-703.8
PAR01489,Fonte,Fonte grise,200,100.0,1931,866.0,-703.8,959.8,-669.2
PAR01490,Fonte,Fonte grise,80,173.8,1930,866.0,-703.8,841.4,-531.7
PAR01491,Fonte,Fonte grise,50,134.9,1930,841.4,-531.7,972.2,-498.4
PAR01492,Plastique,PEHD,100,112.6,1995,785.4,-274.9,893.3,-307.2
PAR01493,Plastique,PVC collé,400,97.2,1960,785.4,-274.9,713.2,-209.8
PAR01494,Fonte,Fonte ductile,250,152.9,1970,713.2,-209.8,726.6,-57.5
PAR01495,Fonte,Fonte ductile,200,101.1,1970,726.6,-57.5,826.4,-73.8
PAR01496,Plastique,PVC,80,111.9,1980,726.6,-57.5,655.8,29.2
PAR01497,Fonte,Fonte grise,80,160.5,1930,655.8,29.2,804.4,89.8
PAR01498,Fonte,Fonte grise,100,166.0,1930,655.8,29.2,616.8,190.6
PAR01499,Fonte,Fonte grise,32,115.2,1930,616.8,190.6,730.4,209.6
PAR01500,Fonte,Fonte grise,150,57.4,1930,642.9,312.3,683.9,352.5
PAR01501,Fonte,Fonte grise,50,163.3,1946,642.9,312.3,563.8,455.2
PAR01502,Fonte,Fonte grise,63,126.3,1930,563.8,455.2,536.0,578.4
PAR01503,Fonte,Fonte ductile,50,115.7,1970,525.7,670.2,468.0,770.4
PAR01504,Fonte,Fonte ductile,200,101.5,1970,468.0,770.4,542.9,838.8
PAR01505,Fonte,Fonte ductile,80,106.7,2005,468.0,770.4,440.9,873.6
PAR01506,Plastique,PVC collé,125,124.4,1960,440.9,873.6,516.8,972.1
PAR01507,Acier,Acier,125,186.4,1950,440.9,873.6,414.9,1058.2
PAR01508,Fonte,Fonte ductile,32,90.3,1970,414.9,1058.2,505.0,1052.7
PAR01509,Fonte,Fonte grise,125,68.8,1930,414.9,1058.2,400.6,1125.6
PAR01510,Plastique,PEHD,150,95.8,1995,400.6,1125.6,470.9,1190.6
PAR01511,Plastique,PVC,250,127.0,1980,400.6,1125.6,370.7,1249.0
PAR01512,Plastique,PEHD,100,208.4,1995,370.7,1249.0,266.4,1429.4
PAR01513,Plastique,PVC collé,200,133.7,1960,266.4,1429.4,246.2,1561.6
PAR01514,Plastique,PVC collé,500,120.3,1960,246.2,1561.6,366.5,1561.4
PAR01515,Plastique,PVC,100,68.4,1980,246.2,1561.6,279.0,1621.6
PAR01516,Fonte,Fonte grise,40,135.7,1961,279.0,1621.6,382.2,1709.7
PAR01517,Fonte,Fonte ductile,40,151.2,1970,279.0,1621.6,237.2,1766.9
PAR01518,Fonte,Fonte ductile,40,117.8,1984,237.2,1766.9,354.1,1781.7
PAR01519,Fonte,Fonte grise,125,107.6,1941,237.2,1766.9,211.8,1871.5
PAR01520,Plastique,PEHD,500,212.3,1998,211.8,1871.5,137.8,2070.4
PAR01521,Plastique,PVC,125,156.0,1980,137.8,2070.4,292.9,2053.8
PAR01522,Plastique,PVC,250,183.3,1980,106.2,2118.9,251.6,2230.5
PAR01523,Ciment,Amiante-ciment,125,93.0,1955,1307.6,-1787.4,1367.1,-1715.9
PAR01524,Fonte,Fonte ductile,80,182.1,1970,1307.6,-1787.4,1231.4,-1621.9
PAR01525,Ciment,Amiante-ciment,80,170.0,1955,1231.4,-1621.9,1399.3,-1648.9
PAR01526,Fonte,Fonte ductile,80,121.6,1970,1231.4,-1621.9,1241.1,-1500.7
PAR01527,Fonte,Fonte grise,63,78.8,1956,1241.1,-1500.7,1319.0,-1512.1
PAR01528,Plastique,PVC,200,134.4,1980,1241.1,-1500.7,1147.8,-1403.9
PAR01529,Plastique,PVC collé,80,165.6,1960,1147.8,-1403.9,1300.7,-1340.3
PAR01530,Ciment,Amiante-ciment,200,126.8,1969,1147.8,-1403.9,1146.5,-1277.2
PAR01531,Fonte,Fonte grise,250,130.4,1930,1146.5,-1277.2,1275.8,-1260.0
PAR01532,Plastique,PEHD,250,117.7,1995,1146.5,-1277.2,1108.4,-1165.8
PAR01533,Fonte,Fonte ductile,150,117.6,1970,1108.4,-1165.8,1216.8,-1120.1
PAR01534,Plastique,PEHD,100,130.4,1995,1108.4,-1165.8,1052.0,-1048.2
PAR01535,Fonte,Fonte ductile,200,137.9,1975,1052.0,-1048.2,1169.1,-975.3
PAR01536,Fonte,Fonte ductile,250,112.2,1970,1052.0,-1048.2,1031.9,-937.8
PAR01537,Plastique,PVC collé,50,131.6,1960,1031.9,-937.8,1159.4,-905.3
PAR01538,Plastique,PEHD,150,155.4,1995,1031.9,-937.8,980.9,-791.0
PAR01539,Fonte,Fonte ductile,80,197.8,1984,980.9,-791.0,1158.8,-704.7
PAR01540,Fonte,Fonte ductile,100,150.6,1970,959.8,-669.2,1109.7,-654.3
PAR01541,Acier,Acier,125,171.2,1956,959.8,-669.2,972.2,-498.4
PAR01542,Fonte,Fonte ductile,250,63.1,1972,972.2,-498.4,943.8,-442.1
PAR01543,Plastique,PEHD,250,71.6,1995,943.8,-442.1,1003.5,-402.6
PAR01544,Fonte,Fonte grise,150,144.0,1930,943.8,-442.1,893.3,-307.2
PAR01545,Fonte,Fonte ductile,125,131.6,1973,893.3,-307.2,1020.0,-271.6
PAR01546,Fonte,Fonte ductile,80,191.1,1970,893.3,-307.2,881.3,-116.4
PAR01547,Plastique,PEHD,500,64.0,1995,881.3,-116.4,939.6,-142.9
PAR01548,Fonte,Fonte grise,600,69.6,1930,881.3,-116.4,826.4,-73.8
PAR01549,Plastique,PVC collé,100,155.2,1980,826.4,-73.8,979.2,-47.0
PAR01550,Fonte,Fonte ductile,200,165.0,1970,826.4,-73.8,804.4,89.8
PAR01551,Acier,Acier,600,83.8,1950,804.4,89.8,882.1,121.2
PAR01552,Plastique,PEHD,125,140.8,1995,804.4,89.8,730.4,209.6
PAR01553,Plastique,PEHD,250,159.0,1995,730.4,209.6,886.1,242.0
PAR01554,Plastique,PVC,300,150.3,1980,730.4,209.6,683.9,352.5
PAR01555,Plastique,PEHD,200,157.7,1995,683.9,352.5,838.1,385.3
PAR01556,Fonte,Fonte grise,200,76.5,1938,683.9,352.5,667.2,427.2
PAR01557,Plastique,PVC collé,100,140.7,1960,667.2,427.2,806.3,448.2
PAR01558,Plastique,PVC collé,80,122.6,1960,667.2,427.2,636.3,545.8
PAR01559,Plastique,PEHD,200,110.0,1995,636.3,545.8,746.1,551.9
PAR01560,Fonte,Fonte ductile,150,114.0,1970,636.3,545.8,628.2,659.5
PAR01561,Fonte,Fonte grise,125,129.5,1930,628.2,659.5,736.1,731.2
PAR01562,Plastique,PVC collé,80,135.8,1960,542.9,838.8,516.8,972.1
PAR01563,Fonte,Fonte grise,200,171.9,1930,516.8,972.1,686.9,997.4
PAR01564,Fonte,Fonte ductile,32,81.4,1970,516.8,972.1,505.0,1052.7
PAR01565,Plastique,PEHD,80,99.2,1995,505.0,1052.7,601.4,1076.2
PAR01566,Ciment,Amiante-ciment,100,142.1,1955,505.0,1052.7,470.9,1190.6
PAR01567,Acier,Acier,80,144.3,1950,470.9,1190.6,612.4,1218.5
PAR01568,Fonte,Fonte ductile,40,125.5,1970,470.9,1190.6,454.3,1315.1
PAR01569,Plastique,PVC collé,150,100.0,1960,454.3,1315.1,551.3,1339.3
PAR01570,Fonte,Fonte grise,125,115.2,1930,454.3,1315.1,397.6,1415.3
PAR01571,Fonte,Fonte grise,125,143.0,1930,397.6,1415.3,515.4,1496.5
PAR01572,Fonte,Fonte grise,100,149.4,1941,397.6,1415.3,366.5,1561.4
PAR01573,Plastique,PVC collé,80,149.1,1972,366.5,1561.4,382.2,1709.7
PAR01574,Plastique,PEHD,150,80.6,1995,382.2,1709.7,455.3,1675.8
PAR01575,Plastique,PVC collé,250,77.4,1960,382.2,1709.7,354.1,1781.7
PAR01576,Plastique,PVC,100,72.3,1980,354.1,1781.7,423.0,1803.8
PAR01577,Fonte,Fonte ductile,250,189.0,1970,354.1,1781.7,303.2,1963.8
PAR01578,Plastique,PVC,250,122.5,1980,303.2,1963.8,424.4,1945.7
PAR01579,Ciment,Amiante-ciment,250,90.7,1955,303.2,1963.8,292.9,2053.8
PAR01580,Fonte,Fonte grise,250,73.4,1935,292.9,2053.8,330.5,2116.9
PAR01581,Plastique,PEHD,50,181.4,1995,292.9,2053.8,251.6,2230.5
PAR01582,Plastique,PVC,125,100.5,1980,251.6,2230.5,352.2,2229.2
PAR01583,Fonte,Fonte grise,250,107.7,1939,1367.1,-1715.9,1469.0,-1680.8
PAR01584,Fonte,Fonte ductile,200,74.3,1985,1367.1,-1715.9,1399.3,-1648.9
PAR01585,Plastique,PVC collé,125,96.2,1960,1399.3,-1648.9,1478.9,-1594.9
PAR01586,Fonte,Fonte ductile,63,158.6,1970,1399.3,-1648.9,1319.0,-1512.1
PAR01587,Plastique,PVC,150,131.7,1980,1319.0,-1512.1,1436.0,-1451.6
PAR01588,Fonte,Fonte ductile,80,172.8,1974,1319.0,-1512.1,1300.7,-1340.3
PAR01589,Fonte,Fonte ductile,400,116.6,1989,1300.7,-1340.3,1417.1,-1332.2
PAR01590,Plastique,PEHD,80,84.0,1998,1300.7,-1340.3,1275.8,-1260.0
PAR01591,Fonte,Fonte grise,200,84.8,1930,1275.8,-1260.0,1359.2,-1244.4
PAR01592,Acier,Acier,100,151.9,1955,1275.8,-1260.0,1216.8,-1120.1
PAR01593,Plastique,PEHD,250,149.4,1995,1216.8,-1120.1,1365.9,-1129.9
PAR01594,Fonte,Fonte ductile,300,152.5,1970,1216.8,-1120.1,1169.1,-975.3
PAR01595,Plastique,PVC collé,600,70.6,1960,1169.1,-975.3,1159.4,-905.3
PAR01596,Fonte,Fonte ductile,150,200.6,1992,1159.4,-905.3,1158.8,-704.7
PAR01597,Fonte,Fonte ductile,200,71.6,1970,1158.8,-704.7,1227.7,-685.1
PAR01598,Fonte,Fonte grise,125,70.3,1934,1158.8,-704.7,1109.7,-654.3
PAR01599,Plastique,PVC collé,100,142.7,1985,1109.7,-654.3,1237.3,-590.6
PAR01600,Plastique,PVC,400,183.7,1980,1109.7,-654.3,1025.7,-490.9
PAR01601,Plastique,PVC collé,200,193.3,1960,1025.7,-490.9,1210.4,-433.8
PAR01602,Fonte,Fonte ductile,200,91.1,1970,1025.7,-490.9,1003.5,-402.6
PAR01603,Plastique,PVC collé,250,131.8,1960,1003.5,-402.6,1135.2,-400.1
PAR01604,Plastique,PEHD,200,131.9,1995,1003.5,-402.6,1020.0,-271.6
PAR01605,Fonte,Fonte grise,200,142.2,1930,939.6,-142.9,1081.2,-129.8
PAR01606,Plastique,PVC,63,103.8,1984,939.6,-142.9,979.2,-47.0
PAR01607,Fonte,Fonte ductile,200,59.7,1970,979.2,-47.0,1036.2,-29.1
PAR01608,Plastique,PEHD,125,194.2,1995,979.2,-47.0,882.1,121.2
PAR01609,Plastique,PEHD,150,128.1,1995,882.1,121.2,1009.9,112.0
PAR01610,Fonte,Fonte grise,80,120.8,1930,882.1,121.2,886.1,242.0
PAR01611,Fonte,Fonte ductile,40,85.1,1972,886.1,242.0,966.9,215.1
PAR01612,Fonte,Fonte ductile,150,151.1,1971,886.1,242.0,838.1,385.3
PAR01613,Fonte,Fonte ductile,40,137.9,1970,838.1,385.3,975.7,395.6
PAR01614,Fonte,Fonte ductile,250,91.4,1975,806.3,448.2,885.8,493.2
PAR01615,Plastique,PEHD,80,119.9,1995,806.3,448.2,746.1,551.9
PAR01616,Plastique,PVC collé,125,193.4,1960,746.1,551.9,892.5,678.3
PAR01617,Plastique,PVC,250,179.5,1980,746.1,551.9,736.1,731.2
PAR01618,Plastique,PVC,32,110.3,1980,736.1,731.2,846.2,726.1
PAR01619,Fonte,Fonte ductile,200,107.2,1985,736.1,731.2,730.2,838.2
PAR01620,Plastique,PVC collé,150,105.0,1960,730.2,838.2,834.9,844.6
PAR01621,Ciment,Amiante-ciment,150,164.9,1955,730.2,838.2,686.9,997.4
PAR01622,Fonte,Fonte grise,63,93.5,1937,686.9,997.4,780.4,998.8
PAR01623,Fonte,Fonte ductile,600,116.3,1986,686.9,997.4,601.4,1076.2
PAR01624,Fonte,Fonte ductile,150,187.4,1970,601.4,1076.2,776.2,1143.9
PAR01625,Plastique,PVC,100,95.9,1980,612.4,1218.5,680.4,1286.2
PAR01626,Ciment,Amiante-ciment,125,161.2,1955,551.3,1339.3,515.4,1496.5
PAR01627,Acier,Acier,150,135.4,1950,515.4,1496.5,648.6,1521.0
PAR01628,Fonte,Fonte ductile,600,109.7,2002,515.4,1496.5,544.3,1602.3
PAR01629,Fonte,Fonte ductile,500,115.4,1970,544.3,1602.3,455.3,1675.8
PAR01630,Plastique,PVC collé,200,132.5,1967,455.3,1675.8,577.7,1726.6
PAR01631,Fonte,Fonte ductile,250,132.0,1970,455.3,1675.8,423.0,1803.8
PAR01632,Fonte,Fonte ductile,125,142.0,1970,423.0,1803.8,424.4,1945.7
PAR01633,Fonte,Fonte ductile,250,115.2,1979,424.4,1945.7,508.7,2024.1
PAR01634,Plastique,PVC,500,178.3,1980,330.5,2116.9,508.0,2134.3
PAR01635,Plastique,PVC,250,114.4,1980,330.5,2116.9,352.2,2229.2
PAR01636,Acier,Acier,250,117.5,1950,352.2,2229.2,466.2,2257.5
PAR01637,Plastique,PVC collé,50,149.3,1971,1469.0,-1680.8,1618.2,-1676.7
PAR01638,Plastique,PVC collé,100,86.5,1960,1469.0,-1680.8,1478.9,-1594.9
PAR01639,Fonte,Fonte grise,200,86.3,1930,1478.9,-1594.9,1558.5,-1561.8
PAR01640,Fonte,Fonte grise,125,149.6,1930,1478.9,-1594.9,1436.0,-1451.6
PAR01641,Acier,Acier,250,117.8,1950,1436.0,-1451.6,1550.6,-1478.6
PAR01642,Plastique,PEHD,125,120.9,2000,1436.0,-1451.6,1417.1,-1332.2
PAR01643,Acier,Acier,250,102.5,1950,1417.1,-1332.2,1509.1,-1286.9
PAR01644,Plastique,PVC,32,105.1,1980,1417.1,-1332.2,1359.2,-1244.4
PAR01645,Plastique,PEHD,150,173.6,1995,1359.2,-1244.4,1524.7,-1192.0
PAR01646,Plastique,PEHD,50,114.8,1995,1359.2,-1244.4,1365.9,-1129.9
PAR01647,Plastique,PEHD,150,154.0,1995,1365.9,-1129.9,1511.8,-1080.5
PAR01648,Fonte,Fonte ductile,40,181.4,1970,1365.9,-1129.9,1332.6,-951.5
PAR01649,Acier,Acier,200,123.3,1950,1332.6,-951.5,1455.9,-950.7
PAR01650,Plastique,PVC collé,63,110.5,1960,1332.6,-951.5,1264.6,-864.5
PAR01651,Ciment,Amiante-ciment,150,142.1,1955,1264.6,-864.5,1389.0,-795.8
PAR01652,Acier,Acier,80,183.2,1950,1264.6,-864.5,1227.7,-685.1
PAR01653,Fonte,Fonte ductile,125,121.0,1977,1227.7,-685.1,1345.3,-656.6
PAR01654,Fonte,Fonte grise,80,124.5,1930,1237.3,-590.6,1349.8,-537.2
PAR01655,Fonte,Fonte grise,250,159.1,1969,1237.3,-590.6,1210.4,-433.8
PAR01656,Plastique,PEHD,250,82.4,1995,1210.4,-433.8,1135.2,-400.1
PAR01657,Plastique,PVC collé,32,188.4,1976,1135.2,-400.1,1310.7,-331.6
PAR01658,Acier,Acier,125,168.1,1950,1135.2,-400.1,1133.3,-232.0
PAR01659,Fonte,Fonte ductile,150,78.2,1970,1133.3,-232.0,1207.8,-208.2
PAR01660,Acier,Acier,125,114.7,1950,1133.3,-232.0,1081.2,-129.8
PAR01661,Fonte,Fonte grise,200,132.8,1930,1081.2,-129.8,1191.0,-55.2
PAR01662,Acier,Acier,50,110.3,1950,1081.2,-129.8,1036.2,-29.1
PAR01663,Plastique,PVC,200,181.4,1980,1036.2,-29.1,1212.0,15.4
PAR01664,Plastique,PVC collé,150,169.3,1960,1009.9,112.0,1162.6,185.2
PAR01665,Fonte,Fonte ductile,80,111.8,1970,1009.9,112.0,966.9,215.1
PAR01666,Fonte,Fonte ductile,50,180.7,1970,966.9,215.1,975.7,395.6
PAR01667,Fonte,Fonte grise,125,95.1,1930,975.7,395.6,1054.9,448.2
PAR01668,Plastique,PVC,150,132.7,1980,975.7,395.6,885.8,493.2
PAR01669,Fonte,Fonte grise,40,165.2,1930,885.8,493.2,1033.6,566.9
PAR01670,Fonte,Fonte grise,400,185.3,1930,885.8,493.2,892.5,678.3
PAR01671,Plastique,PVC,150,116.6,1980,892.5,678.3,992.9,619.1
PAR01672,Fonte,Fonte ductile,500,66.5,1970,892.5,678.3,846.2,726.1
PAR01673,Plastique,PEHD,200,177.3,1995,846.2,726.1,998.7,816.5
PAR01674,Ciment,Amiante-ciment,125,119.1,1955,846.2,726.1,834.9,844.6
PAR01675,Fonte,Fonte ductile,125,170.3,1995,834.9,844.6,959.8,960.5
PAR01676,Fonte,Fonte ductile,100,163.5,1970,834.9,844.6,780.4,998.8
PAR01677,Acier,Acier,150,116.0,1950,780.4,998.8,896.2,991.3
PAR01678,Plastique,PVC collé,50,145.1,1960,780.4,998.8,776.2,1143.9
PAR01679,Fonte,Fonte ductile,150,87.7,2007,776.2,1143.9,862.9,1130.9
PAR01680,Plastique,PEHD,200,171.6,1995,776.2,1143.9,680.4,1286.2
PAR01681,Fonte,Fonte grise,125,134.5,1930,680.4,1286.2,811.9,1314.3
PAR01682,Fonte,Fonte grise,150,113.3,1932,680.4,1286.2,653.5,1396.3
PAR01683,Fonte,Fonte grise,150,159.6,1930,653.5,1396.3,812.1,1414.2
PAR01684,Plastique,PVC collé,150,124.9,1960,653.5,1396.3,648.6,1521.0
PAR01685,Acier,Acier,200,90.2,1952,648.6,1521.0,738.1,1532.6
PAR01686,Fonte,Fonte grise,150,107.9,1930,648.6,1521.0,652.8,1628.9
PAR01687,Fonte,Fonte ductile,250,51.0,1981,652.8,1628.9,697.7,1652.9
PAR01688,Fonte,Fonte ductile,500,123.2,1970,652.8,1628.9,577.7,1726.6
PAR01689,Fonte,Fonte ductile,500,159.2,1977,577.7,1726.6,705.3,1821.9
PAR01690,Plastique,PVC collé,100,179.8,1960,577.7,1726.6,569.0,1906.2
PAR01691,Fonte,Fonte ductile,150,110.9,1981,569.0,1906.2,678.7,1921.9
PAR01692,Fonte,Fonte grise,80,132.4,1930,569.0,1906.2,508.7,2024.1
PAR01693,Fonte,Fonte ductile,63,133.8,1995,508.7,2024.1,638.5,2056.9
PAR01694,Plastique,PVC,150,110.2,1988,508.7,2024.1,508.0,2134.3
PAR01695,Plastique,PVC collé,125,125.9,1960,508.0,2134.3,631.9,2112.6
PAR01696,Fonte,Fonte ductile,250,130.1,1980,508.0,2134.3,466.2,2257.5
PAR01697,Fonte,Fonte grise,63,96.7,1938,1618.2,-1676.7,1701.0,-1626.7
PAR01698,Fonte,Fonte ductile,200,129.5,1976,1618.2,-1676.7,1558.5,-1561.8
PAR01699,Plastique,PVC,300,83.5,1980,1558.5,-1561.8,1550.6,-1478.6
PAR01700,Plastique,PEHD,40,145.4,2006,1550.6,-1478.6,1691.9,-1444.5
PAR01701,Fonte,Fonte grise,80,196.2,1940,1550.6,-1478.6,1509.1,-1286.9
PAR01702,Plastique,PVC collé,250,134.9,1960,1509.1,-1286.9,1639.6,-1320.8
PAR01703,Fonte,Fonte grise,100,96.1,1937,1509.1,-1286.9,1524.7,-1192.0
PAR01704,Fonte,Fonte grise,200,112.2,1930,1524.7,-1192.0,1511.8,-1080.5
PAR01705,Fonte,Fonte grise,100,106.5,1933,1511.8,-1080.5,1613.7,-1049.5
PAR01706,Fonte,Fonte grise,125,141.4,1954,1511.8,-1080.5,1455.9,-950.7
PAR01707,Fonte,Fonte ductile,500,123.4,1985,1455.9,-950.7,1560.8,-885.7
PAR01708,Plastique,PEHD,100,168.7,1995,1455.9,-950.7,1389.0,-795.8
PAR01709,Acier,Acier,100,145.7,1950,1389.0,-795.8,1527.6,-751.0
PAR01710,Acier,Acier,63,115.4,1957,1345.3,-656.6,1454.4,-694.2
PAR01711,Plastique,PVC,100,132.4,1980,1349.8,-537.2,1480.0,-512.8
PAR01712,Fonte,Fonte grise,300,90.3,1946,1349.8,-537.2,1314.0,-454.4
PAR01713,Fonte,Fonte ductile,100,124.5,1970,1314.0,-454.4,1438.0,-442.9
PAR01714,Plastique,PVC collé,63,122.8,1960,1314.0,-454.4,1310.7,-331.6
PAR01715,Ciment,Amiante-ciment,125,111.1,1955,1310.7,-331.6,1397.9,-262.8
PAR01716,Fonte,Fonte grise,150,167.0,1944,1207.8,-208.2,1373.8,-190.1
PAR01717,Fonte,Fonte grise,250,153.9,1930,1207.8,-208.2,1191.0,-55.2
PAR01718,Acier,Acier,200,90.4,1950,1191.0,-55.2,1280.5,-42.5
PAR01719,Fonte,Fonte ductile,150,73.7,1970,1191.0,-55.2,1212.0,15.4
PAR01720,Plastique,PVC,80,121.1,1995,1212.0,15.4,1322.0,66.0
PAR01721,Fonte,Fonte grise,100,54.6,1941,1162.6,185.2,1216.3,175.4
PAR01722,Plastique,PVC,300,106.9,1980,1162.6,185.2,1077.8,250.2
PAR01723,Fonte,Fonte grise,400,183.8,1930,1077.8,250.2,1236.0,343.8
PAR01724,Fonte,Fonte grise,40,199.3,1930,1077.8,250.2,1054.9,448.2
PAR01725,Plastique,PEHD,100,139.5,1995,1054.9,448.2,1193.6,463.9
PAR01726,Plastique,PVC collé,250,120.6,1960,1054.9,448.2,1033.6,566.9
PAR01727,Fonte,Fonte grise,300,116.0,1930,1033.6,566.9,1148.1,548.3
PAR01728,Fonte,Fonte grise,500,66.2,1930,1033.6,566.9,992.9,619.1
PAR01729,Plastique,PVC collé,300,157.1,1977,992.9,619.1,1117.6,714.7
PAR01730,Plastique,PVC collé,150,197.6,1960,992.9,619.1,998.7,816.5
PAR01731,Plastique,PEHD,32,149.2,1997,998.7,816.5,959.8,960.5
PAR01732,Plastique,PVC collé,250,100.0,1960,959.8,960.5,1048.2,913.9
PAR01733,Fonte,Fonte ductile,32,112.5,1985,896.2,991.3,993.0,1048.7
PAR01734,Fonte,Fonte ductile,100,143.5,1970,896.2,991.3,862.9,1130.9
PAR01735,Fonte,Fonte ductile,50,140.7,1970,811.9,1314.3,944.7,1267.6
PAR01736,Plastique,PEHD,40,99.9,1995,811.9,1314.3,812.1,1414.2
PAR01737,Plastique,PEHD,500,85.9,1995,812.1,1414.2,898.0,1412.4
PAR01738,Fonte,Fonte ductile,125,139.6,1970,812.1,1414.2,738.1,1532.6
PAR01739,Fonte,Fonte grise,600,154.6,1930,738.1,1532.6,878.6,1597.1
PAR01740,Plastique,PVC collé,200,126.9,1960,738.1,1532.6,697.7,1652.9
PAR01741,Fonte,Fonte ductile,200,163.5,1970,697.7,1652.9,849.1,1714.7
PAR01742,Plastique,PVC collé,100,169.1,1960,697.7,1652.9,705.3,1821.9
PAR01743,Plastique,PVC,200,132.4,1980,705.3,1821.9,833.9,1853.2
PAR01744,Fonte,Fonte ductile,100,103.5,1970,705.3,1821.9,678.7,1921.9
PAR01745,Fonte,Fonte ductile,125,95.8,1975,678.7,1921.9,768.9,1954.3
PAR01746,Fonte,Fonte grise,250,140.9,1960,678.7,1921.9,638.5,2056.9
PAR01747,Fonte,Fonte ductile,125,107.7,1970,638.5,2056.9,744.8,2073.7
PAR01748,Plastique,PEHD,100,56.1,1995,638.5,2056.9,631.9,2112.6
PAR01749,Fonte,Fonte grise,150,85.4,1930,631.9,2112.6,701.2,2162.6
PAR01750,Ciment,Amiante-ciment,80,204.9,1955,631.9,2112.6,566.0,2306.6
PAR01751,Plastique,PVC collé,250,104.9,1960,566.0,2306.6,668.0,2330.9
PAR01752,Fonte,Fonte ductile,250,168.0,1982,1701.0,-1626.7,1868.2,-1642.8
PAR01753,Ciment,Amiante-ciment,80,149.7,1955,1701.0,-1626.7,1742.9,-1483.0
PAR01754,Fonte,Fonte ductile,250,78.1,1972,1742.9,-1483.0,1818.8,-1464.5
PAR01755,Fonte,Fonte ductile,250,63.9,2004,1742.9,-1483.0,1691.9,-1444.5
PAR01756,Fonte,Fonte grise,150,115.3,1954,1691.9,-1444.5,1754.9,-1347.9
PAR01757,Plastique,PVC collé,150,134.4,1960,1691.9,-1444.5,1639.6,-1320.8
PAR01758,Plastique,PEHD,200,136.5,1995,1639.6,-1320.8,1748.2,-1238.0
PAR01759,Plastique,PVC,125,70.8,1980,1658.6,-1171.8,1729.3,-1169.0
PAR01760,Fonte,Fonte ductile,80,130.3,1970,1658.6,-1171.8,1613.7,-1049.5
PAR01761,Fonte,Fonte ductile,250,127.3,1970,1613.7,-1049.5,1739.1,-1027.7
PAR01762,Plastique,PVC,125,172.2,1980,1613.7,-1049.5,1560.8,-885.7
PAR01763,Plastique,PEHD,50,138.7,1995,1560.8,-885.7,1527.6,-751.0
PAR01764,Plastique,PVC,63,136.6,1980,1527.6,-751.0,1663.9,-741.2
PAR01765,Plastique,PVC,40,136.5,1980,1454.4,-694.2,1552.7,-599.4
PAR01766,Plastique,PVC collé,250,183.2,1965,1454.4,-694.2,1480.0,-512.8
PAR01767,Fonte,Fonte grise,40,92.7,1930,1480.0,-512.8,1558.8,-464.0
PAR01768,Fonte,Fonte grise,400,81.6,1930,1480.0,-512.8,1438.0,-442.9
PAR01769,Fonte,Fonte grise,80,119.7,1930,1438.0,-442.9,1539.8,-379.9
PAR01770,Plastique,PEHD,125,184.4,1995,1438.0,-442.9,1397.9,-262.8
PAR01771,Fonte,Fonte grise,100,57.7,1930,1397.9,-262.8,1448.6,-235.3
PAR01772,Plastique,PVC collé,125,76.6,1960,1397.9,-262.8,1373.8,-190.1
PAR01773,Plastique,PVC,100,82.5,1980,1373.8,-190.1,1455.9,-182.2
PAR01774,Acier,Acier,250,174.6,1960,1373.8,-190.1,1280.5,-42.5
PAR01775,Plastique,PVC,250,103.2,1980,1322.0,66.0,1407.4,124.1
PAR01776,Plastique,PVC,200,187.9,1980,1216.3,175.4,1402.3,201.6
PAR01777,Plastique,PVC collé,600,169.5,1960,1216.3,175.4,1236.0,343.8
PAR01778,Fonte,Fonte ductile,63,127.4,2001,1236.0,343.8,1193.6,463.9
PAR01779,Fonte,Fonte ductile,250,87.6,1996,1193.6,463.9,1279.8,448.6
PAR01780,Fonte,Fonte ductile,125,95.9,1970,1193.6,463.9,1148.1,548.3
PAR01781,Plastique,PEHD,300,112.0,1995,1148.1,548.3,1255.9,578.7
PAR01782,Plastique,PVC,250,169.2,1980,1148.1,548.3,1117.6,714.7
PAR01783,Plastique,PEHD,100,94.0,1995,1117.6,714.7,1210.6,728.5
PAR01784,Plastique,PEHD,250,92.8,1995,1117.6,714.7,1112.9,807.3
PAR01785,Fonte,Fonte grise,200,89.3,1930,1112.9,807.3,1174.8,871.6
PAR01786,Acier,Acier,150,124.6,1950,1112.9,807.3,1048.2,913.9
PAR01787,Fonte,Fonte ductile,100,96.2,1975,1048.2,913.9,1136.8,951.4
PAR01788,Fonte,Fonte ductile,100,152.1,1990,993.0,1048.7,970.8,1199.2
PAR01789,Fonte,Fonte grise,150,124.9,1949,970.8,1199.2,1086.4,1246.2
PAR01790,Plastique,PEHD,100,73.2,1995,970.8,1199.2,944.7,1267.6
PAR01791,Fonte,Fonte grise,80,170.7,1937,944.7,1267.6,1106.6,1321.5
PAR01792,Fonte,Fonte ductile,100,152.1,1970,944.7,1267.6,898.0,1412.4
PAR01793,Plastique,PVC,150,170.0,1980,898.0,1412.4,1056.9,1472.8
PAR01794,Plastique,PVC collé,200,185.7,1973,898.0,1412.4,878.6,1597.1
PAR01795,Plastique,PVC collé,200,139.9,1960,878.6,1597.1,1018.3,1589.2
PAR01796,Plastique,PEHD,32,121.3,1995,878.6,1597.1,849.1,1714.7
PAR01797,Fonte,Fonte grise,63,157.6,1931,849.1,1714.7,999.5,1762.1
PAR01798,Fonte,Fonte grise,63,139.3,1936,849.1,1714.7,833.9,1853.2
PAR01799,Plastique,PVC collé,600,87.5,1960,833.9,1853.2,917.6,1878.9
PAR01800,Fonte,Fonte ductile,80,120.2,1970,833.9,1853.2,768.9,1954.3
PAR01801,Acier,Acier,40,148.9,1950,768.9,1954.3,916.6,1935.5
PAR01802,Fonte,Fonte ductile,125,121.8,1973,768.9,1954.3,744.8,2073.7
PAR01803,Fonte,Fonte ductile,40,93.9,1970,744.8,2073.7,838.2,2063.5
PAR01804,Fonte,Fonte grise,150,99.1,1930,744.8,2073.7,701.2,2162.6
PAR01805,Fonte,Fonte ductile,100,103.9,1973,701.2,2162.6,798.8,2198.3
PAR01806,Fonte,Fonte ductile,100,171.5,1970,701.2,2162.6,668.0,2330.9
PAR01807,Fonte,Fonte ductile,100,162.3,1994,1868.2,-1642.8,1997.5,-1544.8
PAR01808,Plastique,PVC,40,185.0,1984,1868.2,-1642.8,1818.8,-1464.5
PAR01809,Plastique,PEHD,250,107.8,1995,1818.8,-1464.5,1926.4,-1471.9
PAR01810,Plastique,PEHD,250,132.9,1995,1818.8,-1464.5,1754.9,-1347.9
PAR01811,Plastique,PVC,150,174.4,1980,1754.9,-1347.9,1926.6,-1317.2
PAR01812,Fonte,Fonte ductile,63,110.1,1979,1754.9,-1347.9,1748.2,-1238.0
PAR01813,Plastique,PEHD,200,153.2,1995,1748.2,-1238.0,1900.8,-1251.3
PAR01814,Plastique,PVC collé,200,71.6,1960,1748.2,-1238.0,1729.3,-1169.0
PAR01815,Fonte,Fonte ductile,50,141.6,1970,1729.3,-1169.0,1739.1,-1027.7
PAR01816,Fonte,Fonte ductile,40,115.3,1975,1739.1,-1027.7,1819.8,-945.5
PAR01817,Fonte,Fonte ductile,300,126.4,1996,1739.1,-1027.7,1704.2,-906.3
PAR01818,Fonte,Fonte grise,40,138.4,1944,1704.2,-906.3,1794.8,-801.8
PAR01819,Plastique,PEHD,250,170.0,1995,1704.2,-906.3,1663.9,-741.2
PAR01820,Fonte,Fonte grise,200,180.1,1951,1663.9,-741.2,1552.7,-599.4
PAR01821,Plastique,PVC,40,136.2,1980,1552.7,-599.4,1684.8,-566.3
PAR01822,Plastique,PEHD,40,135.6,1995,1552.7,-599.4,1558.8,-464.0
PAR01823,Plastique,PEHD,200,152.2,1995,1558.8,-464.0,1706.2,-502.1
PAR01824,Acier,Acier,100,86.1,1950,1558.8,-464.0,1539.8,-379.9
PAR01825,Plastique,PVC collé,400,92.0,1960,1539.8,-379.9,1623.8,-342.4
PAR01826,Plastique,PVC,400,171.0,1980,1539.8,-379.9,1448.6,-235.3
PAR01827,Plastique,PVC collé,100,124.9,1972,1448.6,-235.3,1573.4,-229.2
PAR01828,Plastique,PVC,250,53.6,1980,1448.6,-235.3,1455.9,-182.2
PAR01829,Fonte,Fonte ductile,50,168.5,1985,1455.9,-182.2,1586.8,-76.1
PAR01830,Plastique,PVC collé,150,188.1,1960,1455.9,-182.2,1396.0,-3.8
PAR01831,Fonte,Fonte ductile,300,198.1,2010,1396.0,-3.8,1594.1,-9.9
PAR01832,Plastique,PEHD,40,128.4,1995,1396.0,-3.8,1407.4,124.1
PAR01833,Plastique,PVC collé,200,102.9,1960,1407.4,124.1,1510.2,126.3
PAR01834,Fonte,Fonte ductile,32,77.7,1970,1407.4,124.1,1402.3,201.6
PAR01835,Fonte,Fonte ductile,150,97.7,1970,1402.3,201.6,1455.3,283.7
PAR01836,Fonte,Fonte ductile,125,211.0,1970,1402.3,201.6,1356.4,407.6
PAR01837,Fonte,Fonte ductile,125,84.3,1971,1356.4,407.6,1437.9,386.3
PAR01838,Plastique,PVC,100,86.8,1980,1356.4,407.6,1279.8,448.6
PAR01839,Ciment,Amiante-ciment,150,147.2,1955,1279.8,448.6,1416.5,503.1
PAR01840,Acier,Acier,250,132.3,1950,1279.8,448.6,1255.9,578.7
PAR01841,Fonte,Fonte grise,63,156.4,1930,1255.9,578.7,1210.6,728.5
PAR01842,Plastique,PVC,32,111.7,1980,1210.6,728.5,1308.1,783.0
PAR01843,Plastique,PVC collé,150,147.6,1960,1210.6,728.5,1174.8,871.6
PAR01844,Fonte,Fonte ductile,150,132.5,1970,1174.8,871.6,1305.6,850.1
PAR01845,Plastique,PVC collé,600,88.4,1960,1174.8,871.6,1136.8,951.4
PAR01846,Fonte,Fonte ductile,40,183.2,1995,1136.8,951.4,1292.0,1048.8
PAR01847,Fonte,Fonte ductile,125,151.3,1970,1136.8,951.4,1128.7,1102.5
PAR01848,Plastique,PEHD,100,148.5,1995,1128.7,1102.5,1276.3,1118.6
PAR01849,Fonte,Fonte grise,63,149.8,1930,1128.7,1102.5,1086.4,1246.2
PAR01850,Fonte,Fonte grise,80,112.8,1959,1086.4,1246.2,1194.7,1214.3
PAR01851,Fonte,Fonte ductile,200,78.0,1977,1086.4,1246.2,1106.6,1321.5
PAR01852,Ciment,Amiante-ciment,250,82.9,1959,1106.6,1321.5,1170.7,1374.2
PAR01853,Fonte,Fonte grise,250,159.2,1930,1106.6,1321.5,1056.9,1472.8
PAR01854,Plastique,PVC,125,122.6,1980,1056.9,1472.8,1018.3,1589.2
PAR01855,Plastique,PVC,250,145.3,1980,1018.3,1589.2,1163.5,1594.3
PAR01856,Plastique,PVC,80,173.9,1989,1018.3,1589.2,999.5,1762.1
PAR01857,Plastique,PEHD,80,142.7,1995,999.5,1762.1,917.6,1878.9
PAR01858,Fonte,Fonte grise,50,125.4,1936,917.6,1878.9,1042.9,1878.1
PAR01859,Fonte,Fonte ductile,100,56.7,1970,917.6,1878.9,916.6,1935.5
PAR01860,Plastique,PEHD,80,126.4,1995,916.6,1935.5,1026.9,1997.5
PAR01861,Fonte,Fonte grise,300,150.1,1937,916.6,1935.5,838.2,2063.5
PAR01862,Fonte,Fonte ductile,63,176.0,1970,838.2,2063.5,1001.3,2129.8
PAR01863,Plastique,PVC,500,140.5,1980,838.2,2063.5,798.8,2198.3
PAR01864,Fonte,Fonte grise,150,135.9,1964,798.8,2198.3,934.3,2208.8
PAR01865,Ciment,Amiante-ciment,200,151.6,1966,798.8,2198.3,818.8,2348.7
PAR01866,Fonte,Fonte grise,80,106.5,1930,818.8,2348.7,925.3,2349.2
PAR01867,Fonte,Fonte grise,250,101.9,1934,1997.5,-1544.8,2099.4,-1544.8
PAR01868,Fonte,Fonte ductile,40,101.8,1970,1997.5,-1544.8,1926.4,-1471.9
PAR01869,Plastique,PVC,200,163.4,1980,1926.4,-1471.9,2088.6,-1452.6
PAR01870,Plastique,PVC,32,154.7,1998,1926.4,-1471.9,1926.6,-1317.2
PAR01871,Plastique,PVC collé,100,70.8,1976,1926.6,-1317.2,1900.8,-1251.3
PAR01872,Fonte,Fonte ductile,200,104.1,1970,1900.8,-1251.3,1946.6,-1157.8
PAR01873,Plastique,PVC,300,174.8,1980,1900.8,-1251.3,1817.9,-1097.4
PAR01874,Fonte,Fonte ductile,50,172.9,1970,1817.9,-1097.4,1971.8,-1018.7
PAR01875,Fonte,Fonte ductile,125,115.2,1972,1819.8,-945.5,1935.0,-941.7
PAR01876,Plastique,PVC collé,150,145.9,1971,1819.8,-945.5,1794.8,-801.8
PAR01877,Plastique,PVC collé,200,75.5,1960,1794.8,-801.8,1868.6,-785.7
PAR01878,Plastique,PVC collé,250,64.9,1960,1794.8,-801.8,1757.8,-748.5
PAR01879,Acier,Acier,50,104.2,1959,1757.8,-748.5,1842.9,-688.4
PAR01880,Fonte,Fonte ductile,125,159.7,1970,1684.8,-566.3,1842.1,-538.7
PAR01881,Plastique,PEHD,63,67.7,1995,1684.8,-566.3,1706.2,-502.1
PAR01882,Fonte,Fonte grise,200,127.8,1930,1706.2,-502.1,1808.9,-426.0
PAR01883,Fonte,Fonte ductile,150,179.7,1970,1706.2,-502.1,1623.8,-342.4
PAR01884,Fonte,Fonte grise,250,123.9,1930,1623.8,-342.4,1573.4,-229.2
PAR01885,Fonte,Fonte grise,200,152.8,1930,1573.4,-229.2,1725.2,-211.6
PAR01886,Plastique,PVC,200,153.7,1980,1573.4,-229.2,1586.8,-76.1
PAR01887,Plastique,PVC,600,68.0,1980,1586.8,-76.1,1646.3,-43.1
PAR01888,Plastique,PVC collé,32,66.6,1960,1586.8,-76.1,1594.1,-9.9
PAR01889,Fonte,Fonte grise,50,44.6,1930,1594.1,-9.9,1636.5,3.8
PAR01890,Acier,Acier,50,159.9,1950,1594.1,-9.9,1510.2,126.3
PAR01891,Plastique,PEHD,125,163.5,1995,1510.2,126.3,1669.2,164.5
PAR01892,Fonte,Fonte ductile,200,166.6,1970,1510.2,126.3,1455.3,283.7
PAR01893,Fonte,Fonte ductile,80,135.1,1971,1455.3,283.7,1589.2,302.5
PAR01894,Ciment,Amiante-ciment,80,104.1,1955,1455.3,283.7,1437.9,386.3
PAR01895,Plastique,PVC collé,600,135.2,1960,1437.9,386.3,1568.7,420.4
PAR01896,Fonte,Fonte ductile,32,151.6,1970,1416.5,503.1,1559.2,554.4
PAR01897,Acier,Acier,100,99.7,1950,1416.5,503.1,1424.1,602.5
PAR01898,Plastique,PEHD,200,122.1,1995,1424.1,602.5,1523.4,673.5
PAR01899,Fonte,Fonte ductile,250,214.5,1970,1424.1,602.5,1308.1,783.0
PAR01900,Fonte,Fonte ductile,80,163.0,1970,1308.1,783.0,1463.1,833.8
PAR01901,Fonte,Fonte grise,100,67.1,1930,1308.1,783.0,1305.6,850.1
PAR01902,Plastique,PVC,63,199.2,1980,1305.6,850.1,1292.0,1048.8
PAR01903,Acier,Acier,250,133.5,1950,1292.0,1048.8,1425.3,1042.6
PAR01904,Plastique,PVC collé,80,71.5,1971,1292.0,1048.8,1276.3,1118.6
PAR01905,Fonte,Fonte grise,400,136.0,1930,1276.3,1118.6,1396.6,1182.2
PAR01906,Plastique,PEHD,300,158.3,1995,1194.7,1214.3,1335.8,1286.0
PAR01907,Plastique,PVC,250,161.7,1980,1194.7,1214.3,1170.7,1374.2
PAR01908,Plastique,PEHD,250,125.6,1998,1170.7,1374.2,1283.2,1429.9
PAR01909,Fonte,Fonte grise,200,110.0,1961,1170.7,1374.2,1125.1,1474.4
PAR01910,Fonte,Fonte grise,80,136.6,1930,1125.1,1474.4,1241.8,1545.4
PAR01911,Fonte,Fonte ductile,50,125.9,1970,1125.1,1474.4,1163.5,1594.3
PAR01912,Plastique,PEHD,200,112.4,1995,1163.5,1594.3,1256.9,1656.8
PAR01913,Fonte,Fonte ductile,125,192.8,1970,1163.5,1594.3,1075.1,1765.6
PAR01914,Fonte,Fonte grise,100,131.2,1930,1075.1,1765.6,1205.6,1752.6
PAR01915,Plastique,PVC,250,116.9,1997,1075.1,1765.6,1042.9,1878.1
PAR01916,Fonte,Fonte grise,50,140.0,1930,1042.9,1878.1,1170.6,1935.5
PAR01917,Fonte,Fonte ductile,150,120.5,1970,1042.9,1878.1,1026.9,1997.5
PAR01918,Ciment,Amiante-ciment,40,142.6,1955,1026.9,1997.5,1157.6,2054.4
PAR01919,Acier,Acier,80,68.2,1950,1001.3,2129.8,1069.0,2121.3
PAR01920,Plastique,PVC collé,150,103.6,1960,1001.3,2129.8,934.3,2208.8
PAR01921,Fonte,Fonte ductile,100,152.1,1978,934.3,2208.8,1074.2,2268.2
PAR01922,Plastique,PVC collé,50,140.7,1960,934.3,2208.8,925.3,2349.2
PAR01923,Plastique,PVC collé,300,91.9,1960,925.3,2349.2,1004.2,2396.5
PAR01924,Fonte,Fonte ductile,40,77.6,2008,2099.4,-1544.8,2166.5,-1505.8
PAR01925,Fonte,Fonte ductile,250,92.9,1982,2099.4,-1544.8,2088.6,-1452.6
PAR01926,Plastique,PVC,63,127.5,1980,2088.6,-1452.6,2177.9,-1361.5
PAR01927,Fonte,Fonte grise,150,193.4,1947,2088.6,-1452.6,2035.9,-1266.5
PAR01928,Plastique,PEHD,125,147.0,1995,2035.9,-1266.5,2179.6,-1297.6
PAR01929,Acier,Acier,600,140.6,1981,2035.9,-1266.5,1946.6,-1157.8
PAR01930,Plastique,PVC,200,193.6,1980,1946.6,-1157.8,2136.9,-1121.9
PAR01931,Plastique,PVC collé,80,141.4,1985,1946.6,-1157.8,1971.8,-1018.7
PAR01932,Fonte,Fonte ductile,250,99.6,1970,1971.8,-1018.7,2070.2,-1033.9
PAR01933,Plastique,PVC collé,80,85.3,1960,1971.8,-1018.7,1935.0,-941.7
PAR01934,Fonte,Fonte ductile,100,99.0,1970,1935.0,-941.7,2030.8,-916.8
PAR01935,Fonte,Fonte ductile,250,169.5,1974,1935.0,-941.7,1868.6,-785.7
PAR01936,Fonte,Fonte ductile,125,116.7,1970,1842.9,-688.4,1956.8,-663.5
PAR01937,Fonte,Fonte ductile,200,149.8,1977,1842.9,-688.4,1842.1,-538.7
PAR01938,Fonte,Fonte ductile,150,133.1,1970,1842.1,-538.7,1975.2,-539.1
PAR01939,Plastique,PVC,200,117.5,1980,1842.1,-538.7,1808.9,-426.0
PAR01940,Plastique,PVC,80,114.5,1980,1808.9,-426.0,1921.9,-445.1
PAR01941,Fonte,Fonte grise,250,99.9,1930,1808.9,-426.0,1733.4,-360.6
PAR01942,Plastique,PVC,80,182.3,1980,1733.4,-360.6,1900.5,-287.9
PAR01943,Plastique,PVC,100,124.7,1981,1725.2,-211.6,1848.0,-190.0
PAR01944,Fonte,Fonte grise,150,186.1,1930,1725.2,-211.6,1646.3,-43.1
PAR01945,Fonte,Fonte grise,80,141.4,1948,1646.3,-43.1,1787.0,-28.4
PAR01946,Plastique,PVC,100,47.9,1980,1646.3,-43.1,1636.5,3.8
PAR01947,Plastique,PVC collé,200,146.4,1960,1636.5,3.8,1771.1,61.2
PAR01948,Fonte,Fonte ductile,125,163.9,1970,1636.5,3.8,1669.2,164.5
PAR01949,Acier,Acier,50,99.4,1954,1669.2,164.5,1739.8,234.4
PAR01950,Fonte,Fonte grise,150,159.6,1945,1669.2,164.5,1589.2,302.5
PAR01951,Fonte,Fonte ductile,125,114.9,1990,1589.2,302.5,1702.3,282.8
PAR01952,Fonte,Fonte ductile,400,119.6,1970,1589.2,302.5,1568.7,420.4
PAR01953,Fonte,Fonte ductile,200,97.9,1970,1568.7,420.4,1643.4,483.7
PAR01954,Fonte,Fonte ductile,250,134.3,1973,1568.7,420.4,1559.2,554.4
PAR01955,Fonte,Fonte ductile,63,67.7,1970,1559.2,554.4,1616.9,589.7
PAR01956,Fonte,Fonte ductile,150,97.6,1970,1523.4,673.5,1619.2,691.5
PAR01957,Fonte,Fonte ductile,500,120.9,1970,1463.1,833.8,1583.4,822.3
PAR01958,Plastique,PVC,125,65.5,1980,1463.1,833.8,1453.3,898.6
PAR01959,Fonte,Fonte grise,125,65.6,1942,1453.3,898.6,1511.7,928.4
PAR01960,Plastique,PVC,150,146.7,1993,1453.3,898.6,1425.3,1042.6
PAR01961,Ciment,Amiante-ciment,200,81.1,1955,1425.3,1042.6,1481.5,1101.1
PAR01962,Ciment,Amiante-ciment,250,142.5,1955,1425.3,1042.6,1396.6,1182.2
PAR01963,Fonte,Fonte grise,125,44.1,1930,1396.6,1182.2,1439.9,1190.7
PAR01964,Fonte,Fonte ductile,300,120.3,1976,1396.6,1182.2,1335.8,1286.0
PAR01965,Plastique,PVC,80,79.4,1980,1335.8,1286.0,1415.2,1285.2
PAR01966,Fonte,Fonte ductile,200,153.2,1970,1335.8,1286.0,1283.2,1429.9
PAR01967,Plastique,PEHD,125,161.6,2002,1283.2,1429.9,1444.8,1427.5
PAR01968,Plastique,PVC collé,100,122.7,1960,1283.2,1429.9,1241.8,1545.4
PAR01969,Plastique,PVC,50,113.8,1983,1241.8,1545.4,1352.0,1573.9
PAR01970,Plastique,PVC collé,200,112.4,1960,1241.8,1545.4,1256.9,1656.8
PAR01971,Fonte,Fonte ductile,50,105.4,1979,1256.9,1656.8,1343.2,1717.4
PAR01972,Fonte,Fonte grise,40,108.7,1930,1256.9,1656.8,1205.6,1752.6
PAR01973,Fonte,Fonte ductile,500,186.2,1970,1205.6,1752.6,1170.6,1935.5
PAR01974,Fonte,Fonte ductile,200,70.4,1970,1170.6,1935.5,1235.1,1963.6
PAR01975,Acier,Acier,50,119.6,1989,1170.6,1935.5,1157.6,2054.4
PAR01976,Plastique,PEHD,600,111.1,1995,1157.6,2054.4,1069.0,2121.3
PAR01977,Plastique,PEHD,200,184.7,2003,1069.0,2121.3,1251.3,2151.0
PAR01978,Fonte,Fonte ductile,80,147.0,2015,1069.0,2121.3,1074.2,2268.2
PAR01979,Fonte,Fonte ductile,63,118.8,1970,1074.2,2268.2,1168.3,2340.7
PAR01980,Plastique,PEHD,50,146.2,1998,1074.2,2268.2,1004.2,2396.5
PAR01981,Fonte,Fonte ductile,100,128.2,1991,1004.2,2396.5,1131.6,2382.6
PAR01982,Acier,Acier,40,151.7,1950,2166.5,-1505.8,2315.1,-1475.8
PAR01983,Plastique,PVC,200,144.7,1980,2166.5,-1505.8,2177.9,-1361.5
PAR01984,Fonte,Fonte ductile,250,63.9,1970,2177.9,-1361.5,2179.6,-1297.6
PAR01985,Fonte,Fonte grise,125,114.3,1930,2179.6,-1297.6,2269.5,-1227.1
PAR01986,Fonte,Fonte grise,150,180.8,1937,2179.6,-1297.6,2136.9,-1121.9
PAR01987,Fonte,Fonte ductile,600,130.1,1970,2136.9,-1121.9,2266.9,-1123.9
PAR01988,Plastique,PVC collé,50,110.4,1971,2136.9,-1121.9,2070.2,-1033.9
PAR01989,Plastique,PEHD,500,110.9,1995,2070.2,-1033.9,2160.4,-969.3
PAR01990,Fonte,Fonte ductile,40,123.6,1981,2070.2,-1033.9,2030.8,-916.8
PAR01991,Plastique,PVC collé,250,131.5,1960,2030.8,-916.8,2154.5,-872.3
PAR01992,Fonte,Fonte ductile,250,104.2,1974,2030.8,-916.8,1996.0,-818.6
PAR01993,Fonte,Fonte grise,80,191.8,1930,1996.0,-818.6,2150.5,-704.8
PAR01994,Fonte,Fonte grise,200,160.0,1938,1996.0,-818.6,1956.8,-663.5
PAR01995,Fonte,Fonte ductile,80,159.7,1976,1956.8,-663.5,2116.4,-670.1
PAR01996,Plastique,PVC collé,150,125.7,1960,1956.8,-663.5,1975.2,-539.1
PAR01997,Plastique,PEHD,100,134.1,1995,1975.2,-539.1,2099.8,-489.5
PAR01998,Plastique,PEHD,500,108.1,1995,1975.2,-539.1,1921.9,-445.1
PAR01999,Fonte,Fonte grise,100,141.3,1930,1921.9,-445.1,2045.8,-377.1
PAR02000,Fonte,Fonte ductile,100,158.7,1983,1921.9,-445.1,1900.5,-287.9
PAR02001,Fonte,Fonte ductile,200,111.0,1970,1900.5,-287.9,1848.0,-190.0
PAR02002,Acier,Acier,100,121.1,1962,1848.0,-190.0,1947.5,-120.9
PAR02003,Fonte,Fonte ductile,40,154.8,1970,1787.0,-28.4,1941.7,-34.5
PAR02004,Fonte,Fonte grise,32,91.0,1930,1787.0,-28.4,1771.1,61.2
PAR02005,Fonte,Fonte grise,600,125.8,1930,1739.8,234.4,1863.2,258.7
PAR02006,Fonte,Fonte grise,80,177.9,1930,1702.3,282.8,1856.8,371.0
PAR02007,Acier,Acier,125,209.4,1986,1702.3,282.8,1643.4,483.7
PAR02008,Plastique,PVC collé,100,150.4,1960,1643.4,483.7,1793.2,470.7
PAR02009,Plastique,PVC,150,109.3,1994,1643.4,483.7,1616.9,589.7
PAR02010,Fonte,Fonte grise,100,127.5,1930,1616.9,589.7,1744.4,594.4
PAR02011,Fonte,Fonte ductile,100,101.9,1981,1616.9,589.7,1619.2,691.5
PAR02012,Fonte,Fonte ductile,100,124.0,1989,1619.2,691.5,1737.2,729.7
PAR02013,Plastique,PVC collé,250,135.6,1960,1619.2,691.5,1583.4,822.3
PAR02014,Fonte,Fonte grise,200,142.9,1953,1583.4,822.3,1724.2,846.9
PAR02015,Plastique,PEHD,250,128.0,1995,1583.4,822.3,1511.7,928.4
PAR02016,Ciment,Amiante-ciment,125,175.3,1955,1511.7,928.4,1481.5,1101.1
PAR02017,Plastique,PVC collé,80,162.7,1960,1481.5,1101.1,1637.6,1146.6
PAR02018,Fonte,Fonte grise,125,143.9,1936,1439.9,1190.7,1566.6,1259.0
PAR02019,Fonte,Fonte grise,125,97.7,1953,1439.9,1190.7,1415.2,1285.2
PAR02020,Fonte,Fonte grise,100,159.5,1938,1415.2,1285.2,1572.9,1308.7
PAR02021,Acier,Acier,400,118.1,1950,1444.8,1427.5,1536.1,1502.5
PAR02022,Plastique,PEHD,50,173.4,1995,1444.8,1427.5,1352.0,1573.9
PAR02023,Fonte,Fonte ductile,80,155.2,1970,1352.0,1573.9,1497.4,1628.0
PAR02024,Fonte,Fonte ductile,125,143.8,2011,1352.0,1573.9,1343.2,1717.4
PAR02025,Plastique,PVC,200,160.6,1980,1343.2,1717.4,1502.4,1697.1
PAR02026,Fonte,Fonte ductile,125,121.7,1970,1343.2,1717.4,1299.5,1831.1
PAR02027,Plastique,PVC collé,63,137.3,1975,1299.5,1831.1,1435.1,1809.6
PAR02028,Acier,Acier,125,204.1,1957,1235.1,1963.6,1439.2,1958.4
PAR02029,Fonte,Fonte ductile,500,96.3,1985,1235.1,1963.6,1219.2,2058.6
PAR02030,Fonte,Fonte ductile,250,97.8,1992,1219.2,2058.6,1251.3,2151.0
PAR02031,Plastique,PEHD,200,112.2,1995,1251.3,2151.0,1353.1,2198.2
PAR02032,Fonte,Fonte grise,80,207.0,1963,1251.3,2151.0,1168.3,2340.7
PAR02033,Plastique,PVC,125,55.7,1980,1168.3,2340.7,1131.6,2382.6
PAR02034,Acier,Acier,125,148.6,1952,2315.1,-1475.8,2463.0,-1460.5
PAR02035,Fonte,Fonte ductile,50,126.3,1975,2315.1,-1475.8,2296.5,-1350.9
PAR02036,Fonte,Fonte grise,300,111.0,1954,2296.5,-1350.9,2398.7,-1307.7
PAR02037,Ciment,Amiante-ciment,150,146.3,1955,2269.5,-1227.1,2415.4,-1237.2
PAR02038,Fonte,Fonte ductile,80,103.2,1970,2269.5,-1227.1,2266.9,-1123.9
PAR02039,Plastique,PVC collé,125,101.8,1985,2266.9,-1123.9,2363.0,-1090.3
PAR02040,Fonte,Fonte ductile,150,187.8,1970,2266.9,-1123.9,2160.4,-969.3
PAR02041,Fonte,Fonte grise,63,140.4,1930,2160.4,-969.3,2294.7,-1010.1
PAR02042,Fonte,Fonte ductile,63,97.2,1972,2160.4,-969.3,2154.5,-872.3
PAR02043,Plastique,PVC collé,150,103.4,1960,2154.5,-872.3,2254.2,-845.1
PAR02044,Plastique,PEHD,150,167.5,1995,2154.5,-872.3,2150.5,-704.8
PAR02045,Plastique,PVC,200,54.5,1986,2150.5,-704.8,2204.9,-706.7
PAR02046,Plastique,PVC collé,250,48.7,1960,2150.5,-704.8,2116.4,-670.1
PAR02047,Fonte,Fonte ductile,250,110.7,1970,2116.4,-670.1,2200.4,-598.1
PAR02048,Fonte,Fonte grise,200,181.4,1930,2116.4,-670.1,2099.8,-489.5
PAR02049,Fonte,Fonte grise,40,86.9,1951,2099.8,-489.5,2184.5,-470.1
PAR02050,Plastique,PVC,250,124.6,1980,2099.8,-489.5,2045.8,-377.1
PAR02051,Fonte,Fonte grise,200,75.9,1930,2045.8,-377.1,2121.6,-374.4
PAR02052,Plastique,PEHD,250,148.1,1995,2045.8,-377.1,1973.3,-248.0
PAR02053,Plastique,PVC,63,175.3,1980,1973.3,-248.0,2135.7,-182.1
PAR02054,Fonte,Fonte ductile,150,129.6,2001,1973.3,-248.0,1947.5,-120.9
PAR02055,Fonte,Fonte ductile,400,101.7,1973,1947.5,-120.9,2042.9,-85.6
PAR02056,Fonte,Fonte grise,50,86.6,1944,1947.5,-120.9,1941.7,-34.5
PAR02057,Plastique,PVC,100,118.7,1980,1941.7,-34.5,2052.4,8.2
PAR02058,Plastique,PVC collé,150,119.6,1960,1941.7,-34.5,1879.6,67.8
PAR02059,Plastique,PVC collé,125,159.4,1960,1879.6,67.8,2015.6,150.9
PAR02060,Plastique,PVC collé,80,191.6,1970,1879.6,67.8,1863.2,258.7
PAR02061,Fonte,Fonte ductile,32,80.2,1973,1863.2,258.7,1935.8,292.8
PAR02062,Fonte,Fonte grise,500,124.6,1955,1856.8,371.0,1979.6,391.7
PAR02063,Fonte,Fonte grise,500,118.2,1933,1856.8,371.0,1793.2,470.7
PAR02064,Fonte,Fonte grise,80,112.7,1930,1793.2,470.7,1905.3,482.8
PAR02065,Plastique,PVC,125,133.0,1980,1793.2,470.7,1744.4,594.4
PAR02066,Fonte,Fonte ductile,600,151.4,1982,1744.4,594.4,1895.2,608.0
PAR02067,Fonte,Fonte ductile,80,135.6,1976,1744.4,594.4,1737.2,729.7
PAR02068,Ciment,Amiante-ciment,63,144.0,1955,1737.2,729.7,1860.5,804.0
PAR02069,Fonte,Fonte ductile,80,117.9,1970,1737.2,729.7,1724.2,846.9
PAR02070,Fonte,Fonte ductile,200,89.0,1970,1724.2,846.9,1811.6,863.5
PAR02071,Plastique,PVC collé,100,157.2,1960,1634.7,973.3,1780.5,1032.0
PAR02072,Fonte,Fonte ductile,250,114.9,1979,1637.6,1146.6,1739.1,1092.6
PAR02073,Fonte,Fonte grise,32,172.2,1951,1566.6,1259.0,1732.8,1214.0
PAR02074,Fonte,Fonte grise,250,50.2,1935,1566.6,1259.0,1572.9,1308.7
PAR02075,Plastique,PVC collé,125,139.8,1960,1572.9,1308.7,1704.6,1355.6
PAR02076,Fonte,Fonte grise,125,197.3,1930,1572.9,1308.7,1536.1,1502.5
PAR02077,Plastique,PVC collé,150,140.3,1960,1536.1,1502.5,1671.0,1541.2
PAR02078,Fonte,Fonte ductile,200,131.3,1970,1536.1,1502.5,1497.4,1628.0
PAR02079,Fonte,Fonte grise,80,69.2,1939,1497.4,1628.0,1502.4,1697.1
PAR02080,Fonte,Fonte ductile,150,145.1,1970,1502.4,1697.1,1612.6,1791.4
PAR02081,Acier,Acier,250,131.1,1950,1502.4,1697.1,1435.1,1809.6
PAR02082,Fonte,Fonte grise,125,86.1,1939,1435.1,1809.6,1516.6,1837.5
PAR02083,Fonte,Fonte ductile,100,148.9,1970,1435.1,1809.6,1439.2,1958.4
PAR02084,Fonte,Fonte ductile,125,58.0,2007,1439.2,1958.4,1497.2,1956.4
PAR02085,Fonte,Fonte ductile,150,125.3,1984,1439.2,1958.4,1344.1,2040.0
PAR02086,Plastique,PVC,100,123.2,1986,1259.2,2354.0,1382.1,2345.6
PAR02087,Fonte,Fonte grise,150,115.2,1950,1259.2,2354.0,1276.6,2467.9
PAR02088,Fonte,Fonte grise,63,75.5,1930,1276.6,2467.9,1351.1,2455.1
PAR02089,Ciment,Amiante-ciment,80,61.9,1955,2463.0,-1460.5,2524.7,-1455.8
PAR02090,Fonte,Fonte ductile,63,165.8,1972,2463.0,-1460.5,2398.7,-1307.7
PAR02091,Fonte,Fonte ductile,200,98.2,1970,2398.7,-1307.7,2496.9,-1311.2
PAR02092,Fonte,Fonte ductile,250,72.5,1986,2398.7,-1307.7,2415.4,-1237.2
PAR02093,Ciment,Amiante-ciment,200,86.1,1955,2415.4,-1237.2,2494.9,-1204.1
PAR02094,Plastique,PVC collé,80,155.9,1960,2415.4,-1237.2,2363.0,-1090.3
PAR02095,Plastique,PVC collé,200,105.3,1960,2363.0,-1090.3,2294.7,-1010.1
PAR02096,Acier,Acier,80,105.1,1950,2294.7,-1010.1,2395.4,-980.1
PAR02097,Plastique,PVC,125,146.9,1980,2254.2,-845.1,2204.9,-706.7
PAR02098,Plastique,PVC collé,250,165.6,1963,2204.9,-706.7,2361.0,-651.4
PAR02099,Fonte,Fonte ductile,200,138.1,1970,2200.4,-598.1,2317.8,-525.5
PAR02100,Fonte,Fonte ductile,150,128.9,2005,2200.4,-598.1,2184.5,-470.1
PAR02101,Ciment,Amiante-ciment,200,82.4,1955,2184.5,-470.1,2264.0,-491.7
PAR02102,Fonte,Fonte grise,250,114.5,1930,2184.5,-470.1,2121.6,-374.4
PAR02103,Plastique,PVC collé,150,148.5,1960,2121.6,-374.4,2268.3,-351.3
PAR02104,Fonte,Fonte ductile,250,192.8,1970,2121.6,-374.4,2135.7,-182.1
PAR02105,Fonte,Fonte ductile,200,134.0,1993,2135.7,-182.1,2042.9,-85.6
PAR02106,Fonte,Fonte ductile,80,131.6,1970,2042.9,-85.6,2165.1,-36.8
PAR02107,Acier,Acier,63,94.3,1950,2042.9,-85.6,2052.4,8.2
PAR02108,Fonte,Fonte grise,250,118.0,1930,2052.4,8.2,2161.2,53.8
PAR02109,Plastique,PVC,150,147.4,1980,2052.4,8.2,2015.6,150.9
PAR02110,Plastique,PVC collé,200,146.7,1960,2015.6,150.9,2160.4,174.9
PAR02111,Fonte,Fonte grise,125,162.8,1932,2015.6,150.9,1935.8,292.8
PAR02112,Acier,Acier,200,119.0,1953,1979.6,391.7,2078.3,458.1
PAR02113,Plastique,PVC collé,150,118.2,1960,1905.3,482.8,2015.1,526.5
PAR02114,Fonte,Fonte ductile,125,125.7,1970,1905.3,482.8,1895.2,608.0
PAR02115,Fonte,Fonte grise,32,199.0,1943,1895.2,608.0,1860.5,804.0
PAR02116,Plastique,PVC collé,150,106.3,1973,1860.5,804.0,1965.8,788.9
PAR02117,Fonte,Fonte ductile,40,77.1,1993,1860.5,804.0,1811.6,863.5
PAR02118,Fonte,Fonte ductile,250,164.2,1986,1811.6,863.5,1967.3,915.7
PAR02119,Fonte,Fonte grise,100,171.3,1932,1811.6,863.5,1780.5,1032.0
PAR02120,Fonte,Fonte ductile,150,137.5,1995,1780.5,1032.0,1908.8,1081.4
PAR02121,Fonte,Fonte ductile,63,121.5,1970,1739.1,1092.6,1732.8,1214.0
PAR02122,Plastique,PVC,150,108.8,1980,1732.8,1214.0,1829.9,1263.1
PAR02123,Plastique,PVC collé,80,144.4,1960,1732.8,1214.0,1704.6,1355.6
PAR02124,Fonte,Fonte grise,63,94.3,1930,1704.6,1355.6,1764.1,1428.8
PAR02125,Fonte,Fonte ductile,300,80.0,1974,1671.0,1541.2,1744.1,1508.7
PAR02126,Fonte,Fonte grise,150,193.9,1930,1648.0,1600.8,1612.6,1791.4
PAR02127,Plastique,PEHD,125,106.5,1995,1612.6,1791.4,1516.6,1837.5
PAR02128,Fonte,Fonte ductile,125,140.9,1970,1516.6,1837.5,1617.5,1935.9
PAR02129,Fonte,Fonte grise,250,120.5,1959,1516.6,1837.5,1497.2,1956.4
PAR02130,Plastique,PVC,250,192.7,2017,1497.2,1956.4,1660.6,2058.5
PAR02131,Fonte,Fonte ductile,200,150.5,2005,1497.2,1956.4,1475.4,2105.3
PAR02132,Plastique,PVC collé,100,121.8,1985,1475.4,2105.3,1596.9,2112.7
PAR02133,Plastique,PEHD,100,176.8,1995,1475.4,2105.3,1468.4,2282.0
PAR02134,Fonte,Fonte grise,200,96.1,1963,1468.4,2282.0,1563.5,2267.7
PAR02135,Fonte,Fonte grise,150,107.3,1961,1468.4,2282.0,1382.1,2345.6
PAR02136,Fonte,Fonte grise,200,166.5,1930,1382.1,2345.6,1530.6,2420.9
PAR02137,Fonte,Fonte grise,32,113.8,1930,1382.1,2345.6,1351.1,2455.1
PAR02138,Plastique,PVC,125,174.2,1980,1351.1,2455.1,1498.6,2547.7
PAR02139,Plastique,PVC collé,200,171.5,1960,2524.7,-1455.8,2693.6,-1426.2
PAR02140,Fonte,Fonte ductile,250,147.2,1974,2524.7,-1455.8,2496.9,-1311.2
PAR02141,Fonte,Fonte ductile,150,118.1,1970,2496.9,-1311.2,2613.1,-1332.4
PAR02142,Plastique,PVC collé,200,107.1,1985,2496.9,-1311.2,2494.9,-1204.1
PAR02143,Fonte,Fonte ductile,80,124.0,1970,2494.9,-1204.1,2591.3,-1126.0
PAR02144,Acier,Acier,80,111.6,1969,2494.9,-1204.1,2475.7,-1094.2
PAR02145,Plastique,PEHD,80,133.1,1995,2475.7,-1094.2,2563.4,-994.1
PAR02146,Plastique,PEHD,200,186.5,2002,2395.4,-980.1,2574.8,-929.1
PAR02147,Fonte,Fonte ductile,100,191.8,1984,2395.4,-980.1,2360.3,-791.5
PAR02148,Fonte,Fonte ductile,300,121.1,1999,2360.3,-791.5,2480.5,-776.5
PAR02149,Fonte,Fonte ductile,200,140.1,2003,2360.3,-791.5,2361.0,-651.4
PAR02150,Plastique,PVC,100,158.6,1980,2361.0,-651.4,2515.3,-688.0
PAR02151,Fonte,Fonte ductile,100,133.1,1987,2361.0,-651.4,2317.8,-525.5
PAR02152,Fonte,Fonte ductile,50,164.2,2000,2317.8,-525.5,2474.8,-573.4
PAR02153,Fonte,Fonte grise,400,63.5,1947,2317.8,-525.5,2264.0,-491.7
PAR02154,Plastique,PEHD,200,129.9,1995,2264.0,-491.7,2381.2,-435.6
PAR02155,Fonte,Fonte grise,125,140.5,1970,2264.0,-491.7,2268.3,-351.3
PAR02156,Fonte,Fonte ductile,125,130.9,1983,2268.3,-351.3,2381.3,-285.2
PAR02157,Fonte,Fonte ductile,125,190.7,1970,2268.3,-351.3,2228.2,-164.9
PAR02158,Plastique,PVC collé,200,135.1,1960,2228.2,-164.9,2360.7,-191.1
PAR02159,Fonte,Fonte grise,200,144.5,1930,2165.1,-36.8,2308.4,-55.5
PAR02160,Fonte,Fonte ductile,80,90.7,1999,2165.1,-36.8,2161.2,53.8
PAR02161,Fonte,Fonte ductile,250,144.9,1975,2161.2,53.8,2305.5,41.5
PAR02162,Plastique,PVC collé,63,121.1,1976,2161.2,53.8,2160.4,174.9
PAR02163,Fonte,Fonte ductile,80,112.7,1999,2160.4,174.9,2251.6,241.1
PAR02164,Fonte,Fonte grise,200,180.4,1941,2160.4,174.9,2074.7,333.7
PAR02165,Fonte,Fonte ductile,80,155.8,1986,2074.7,333.7,2230.5,334.7
PAR02166,Plastique,PVC,100,124.4,1980,2074.7,333.7,2078.3,458.1
PAR02167,Fonte,Fonte ductile,32,93.2,1985,2078.3,458.1,2015.1,526.5
PAR02168,Fonte,Fonte ductile,100,146.8,1971,2015.1,526.5,2139.2,605.1
PAR02169,Plastique,PEHD,150,118.7,1995,2015.1,526.5,1994.7,643.5
PAR02170,Fonte,Fonte grise,200,124.2,1930,1994.7,643.5,2108.1,694.0
PAR02171,Plastique,PVC collé,150,148.3,1968,1994.7,643.5,1965.8,788.9
PAR02172,Fonte,Fonte grise,63,92.2,1939,1967.3,915.7,2047.8,960.5
PAR02173,Fonte,Fonte ductile,50,175.7,1981,1967.3,915.7,1908.8,1081.4
PAR02174,Plastique,PVC,80,134.5,1980,1908.8,1081.4,1823.7,1185.6
PAR02175,Fonte,Fonte ductile,200,169.0,1971,1823.7,1185.6,1989.4,1218.5
PAR02176,Plastique,PVC,32,77.8,1980,1823.7,1185.6,1829.9,1263.1
PAR02177,Fonte,Fonte ductile,80,113.1,1970,1829.9,1263.1,1941.7,1280.1
PAR02178,Fonte,Fonte grise,200,178.3,1930,1829.9,1263.1,1764.1,1428.8
PAR02179,Plastique,PVC,50,82.4,1980,1764.1,1428.8,1744.1,1508.7
PAR02180,Fonte,Fonte ductile,80,155.8,1986,1744.1,1508.7,1869.4,1601.2
PAR02181,Fonte,Fonte grise,150,106.8,1930,1744.1,1508.7,1706.6,1608.7
PAR02182,Fonte,Fonte ductile,200,206.7,1990,1706.6,1608.7,1868.3,1737.6
PAR02183,Fonte,Fonte ductile,100,225.1,1970,1706.6,1608.7,1726.0,1833.0
PAR02184,Fonte,Fonte grise,250,126.9,1960,1726.0,1833.0,1839.5,1776.2
PAR02185,Fonte,Fonte ductile,200,149.5,1970,1726.0,1833.0,1617.5,1935.9
PAR02186,Plastique,PVC collé,150,173.9,1967,1617.5,1935.9,1791.0,1924.3
PAR02187,Plastique,PVC collé,250,130.0,1960,1617.5,1935.9,1660.6,2058.5
PAR02188,Plastique,PVC,600,107.4,1992,1660.6,2058.5,1759.2,2015.9
PAR02189,Fonte,Fonte grise,200,83.6,1971,1660.6,2058.5,1596.9,2112.7
PAR02190,Fonte,Fonte ductile,200,125.2,1984,1596.9,2112.7,1707.7,2171.0
PAR02191,Fonte,Fonte ductile,250,158.6,1981,1596.9,2112.7,1563.5,2267.7
PAR02192,Plastique,PVC collé,63,140.8,1960,1563.5,2267.7,1695.7,2316.2
PAR02193,Fonte,Fonte grise,100,156.7,1950,1563.5,2267.7,1530.6,2420.9
PAR02194,Fonte,Fonte grise,63,113.7,1930,1530.6,2420.9,1642.6,2440.4
PAR02195,Plastique,PVC,150,130.7,1980,1530.6,2420.9,1498.6,2547.7
PAR02196,Fonte,Fonte ductile,63,144.8,2011,1498.6,2547.7,1641.9,2568.5
PAR02197,Ciment,Amiante-ciment,125,92.8,1955,2693.6,-1426.2,2772.2,-1376.8
PAR02198,Plastique,PVC,150,123.7,1980,2693.6,-1426.2,2613.1,-1332.4
PAR02199,Fonte,Fonte grise,40,121.1,1941,2613.1,-1332.4,2728.3,-1295.2
PAR02200,Acier,Acier,150,207.5,1955,2613.1,-1332.4,2591.3,-1126.0
PAR02201,Fonte,Fonte ductile,80,138.7,1978,2591.3,-1126.0,2725.0,-1089.3
PAR02202,Plastique,PVC collé,125,134.9,1981,2591.3,-1126.0,2563.4,-994.1
PAR02203,Acier,Acier,125,93.5,1988,2563.4,-994.1,2655.5,-977.9
PAR02204,Fonte,Fonte ductile,125,65.9,1970,2563.4,-994.1,2574.8,-929.1
PAR02205,Fonte,Fonte grise,250,127.5,1930,2574.8,-929.1,2681.5,-859.5
PAR02206,Plastique,PVC collé,125,179.3,1960,2574.8,-929.1,2480.5,-776.5
PAR02207,Fonte,Fonte ductile,32,152.3,1980,2480.5,-776.5,2632.2,-762.7
PAR02208,Acier,Acier,63,95.1,1980,2480.5,-776.5,2515.3,-688.0
PAR02209,Fonte,Fonte ductile,200,79.9,1970,2515.3,-688.0,2585.4,-649.7
PAR02210,Fonte,Fonte ductile,125,121.5,1970,2515.3,-688.0,2474.8,-573.4
PAR02211,Plastique,PVC collé,63,62.7,1977,2474.8,-573.4,2522.6,-532.8
PAR02212,Plastique,PEHD,250,166.6,2017,2474.8,-573.4,2381.2,-435.6
PAR02213,Fonte,Fonte grise,100,141.0,1954,2381.2,-435.6,2513.3,-386.5
PAR02214,Plastique,PVC collé,100,150.4,1967,2381.2,-435.6,2381.3,-285.2
PAR02215,Fonte,Fonte grise,40,95.7,1935,2381.3,-285.2,2468.5,-245.7
PAR02216,Plastique,PVC,32,96.3,1980,2381.3,-285.2,2360.7,-191.1
PAR02217,Plastique,PVC,250,100.1,1993,2360.7,-191.1,2456.1,-160.5
PAR02218,Fonte,Fonte grise,80,145.4,1943,2360.7,-191.1,2308.4,-55.5
PAR02219,Plastique,PEHD,63,97.0,1995,2308.4,-55.5,2305.5,41.5
PAR02220,Fonte,Fonte grise,125,83.6,1930,2305.5,41.5,2382.1,74.9
PAR02221,Fonte,Fonte grise,400,96.0,1939,2251.6,241.1,2230.5,334.7
PAR02222,Fonte,Fonte ductile,500,125.6,1972,2230.5,334.7,2355.9,342.6
PAR02223,Plastique,PVC collé,125,89.9,1960,2230.5,334.7,2183.7,411.4
PAR02224,Fonte,Fonte ductile,63,103.4,1970,2183.7,411.4,2270.7,467.2
PAR02225,Plastique,PEHD,500,198.7,1998,2183.7,411.4,2139.2,605.1
PAR02226,Plastique,PVC,150,148.0,1980,2139.2,605.1,2285.7,625.5
PAR02227,Fonte,Fonte ductile,40,94.2,1970,2139.2,605.1,2108.1,694.0
PAR02228,Plastique,PVC collé,200,128.6,1960,2108.1,694.0,2236.6,697.8
PAR02229,Plastique,PEHD,150,86.7,1995,2108.1,694.0,2082.5,776.8
PAR02230,Fonte,Fonte ductile,32,104.9,1987,2082.5,776.8,2181.2,812.2
PAR02231,Fonte,Fonte ductile,200,186.9,1970,2082.5,776.8,2047.8,960.5
PAR02232,Plastique,PVC collé,200,107.2,1978,2047.8,960.5,2152.3,984.2
PAR02233,Plastique,PEHD,40,115.6,1995,2047.8,960.5,2038.7,1075.8
PAR02234,Plastique,PEHD,63,101.6,2017,2038.7,1075.8,2123.7,1131.4
PAR02235,Plastique,PVC,100,145.0,1980,1989.4,1218.5,2122.0,1277.2
PAR02236,Fonte,Fonte ductile,32,77.9,1970,1989.4,1218.5,1941.7,1280.1
PAR02237,Plastique,PEHD,50,150.0,1995,1941.7,1280.1,1946.6,1430.0
PAR02238,Plastique,PVC,32,57.9,1996,1946.6,1430.0,2003.8,1438.4
PAR02239,Plastique,PVC collé,40,187.8,1971,1946.6,1430.0,1869.4,1601.2
PAR02240,Plastique,PEHD,80,166.6,2024,1869.4,1601.2,2031.0,1560.7
PAR02241,Plastique,PVC collé,40,136.4,1960,1869.4,1601.2,1868.3,1737.6
PAR02242,Fonte,Fonte grise,80,104.2,1930,1868.3,1737.6,1970.6,1756.9
PAR02243,Fonte,Fonte grise,150,48.2,1947,1868.3,1737.6,1839.5,1776.2
PAR02244,Fonte,Fonte ductile,63,155.9,1998,1839.5,1776.2,1791.0,1924.3
PAR02245,Acier,Acier,100,84.8,1967,1791.0,1924.3,1875.2,1915.0
PAR02246,Acier,Acier,250,96.9,1950,1791.0,1924.3,1759.2,2015.9
PAR02247,Fonte,Fonte grise,150,142.2,1930,1759.2,2015.9,1895.5,2056.2
PAR02248,Plastique,PVC,50,163.4,1980,1759.2,2015.9,1707.7,2171.0
PAR02249,Plastique,PVC collé,150,136.0,1960,1707.7,2171.0,1829.0,2232.5
PAR02250,Fonte,Fonte ductile,32,145.7,1974,1707.7,2171.0,1695.7,2316.2
PAR02251,Plastique,PVC,200,110.5,1980,1695.7,2316.2,1805.9,2323.3
PAR02252,Plastique,PVC collé,150,135.1,1960,1695.7,2316.2,1642.6,2440.4
PAR02253,Plastique,PVC,50,114.6,1980,1642.6,2440.4,1757.2,2437.1
PAR02254,Plastique,PVC collé,80,128.1,1960,1642.6,2440.4,1641.9,2568.5
PAR02255,Plastique,PVC collé,125,80.9,1960,1641.9,2568.5,1718.5,2594.6
PAR02256,Fonte,Fonte ductile,250,120.3,2010,2772.2,-1376.8,2884.2,-1332.6
PAR02257,Fonte,Fonte ductile,100,92.7,1993,2772.2,-1376.8,2728.3,-1295.2
PAR02258,Fonte,Fonte ductile,63,126.8,2010,2728.3,-1295.2,2832.4,-1222.6
PAR02259,Fonte,Fonte ductile,80,205.9,2007,2728.3,-1295.2,2725.0,-1089.3
PAR02260,Plastique,PVC collé,80,119.3,1985,2725.0,-1089.3,2831.7,-1142.6
PAR02261,Fonte,Fonte grise,100,131.3,1963,2725.0,-1089.3,2655.5,-977.9
PAR02262,Fonte,Fonte ductile,250,173.7,1986,2655.5,-977.9,2829.0,-987.3
PAR02263,Acier,Acier,80,121.3,1964,2655.5,-977.9,2681.5,-859.5
PAR02264,Plastique,PEHD,200,91.9,1995,2681.5,-859.5,2770.8,-881.3
PAR02265,Ciment,Amiante-ciment,63,108.6,1955,2681.5,-859.5,2632.2,-762.7
PAR02266,Plastique,PEHD,50,101.9,1995,2632.2,-762.7,2730.0,-733.8
PAR02267,Plastique,PEHD,200,132.7,2024,2585.4,-649.7,2522.6,-532.8
PAR02268,Plastique,PVC collé,50,159.9,1960,2522.6,-532.8,2681.0,-511.4
PAR02269,Plastique,PEHD,150,146.6,1995,2522.6,-532.8,2513.3,-386.5
PAR02270,Plastique,PVC,125,140.7,1980,2513.3,-386.5,2649.4,-350.7
PAR02271,Plastique,PVC,150,147.7,1980,2513.3,-386.5,2468.5,-245.7
PAR02272,Plastique,PEHD,50,119.8,1995,2468.5,-245.7,2588.2,-246.1
PAR02273,Plastique,PVC collé,125,86.1,1960,2468.5,-245.7,2456.1,-160.5
PAR02274,Fonte,Fonte grise,250,170.5,1955,2456.1,-160.5,2590.0,-54.9
PAR02275,Plastique,PVC,250,69.4,1980,2443.9,-11.3,2508.8,13.3
PAR02276,Fonte,Fonte ductile,200,106.1,1970,2443.9,-11.3,2382.1,74.9
PAR02277,Plastique,PVC collé,125,132.9,1960,2382.1,74.9,2494.3,146.1
PAR02278,Ciment,Amiante-ciment,80,150.1,1955,2382.1,74.9,2358.8,223.2
PAR02279,Fonte,Fonte grise,80,158.8,1937,2358.8,223.2,2517.2,233.8
PAR02280,Fonte,Fonte ductile,125,119.4,1974,2358.8,223.2,2355.9,342.6
PAR02281,Fonte,Fonte ductile,80,103.5,1976,2355.9,342.6,2421.0,423.0
PAR02282,Fonte,Fonte grise,80,151.0,1942,2355.9,342.6,2270.7,467.2
PAR02283,Fonte,Fonte ductile,200,106.2,1974,2270.7,467.2,2367.0,512.0
PAR02284,Plastique,PVC collé,500,159.0,1960,2270.7,467.2,2285.7,625.5
PAR02285,Plastique,PVC,100,124.0,1980,2285.7,625.5,2409.5,617.9
PAR02286,Fonte,Fonte grise,50,87.4,1930,2285.7,625.5,2236.6,697.8
PAR02287,Plastique,PEHD,200,127.0,1995,2236.6,697.8,2181.2,812.2
PAR02288,Fonte,Fonte grise,250,141.5,1930,2181.2,812.2,2300.5,888.3
PAR02289,Plastique,PVC,200,174.5,1980,2181.2,812.2,2152.3,984.2
PAR02290,Fonte,Fonte ductile,150,156.8,1988,2152.3,984.2,2309.0,988.0
PAR02291,Plastique,PEHD,100,150.0,1995,2152.3,984.2,2123.7,1131.4
PAR02292,Plastique,PVC collé,250,146.6,1960,2123.7,1131.4,2269.2,1113.0
PAR02293,Plastique,PVC collé,250,145.8,1960,2123.7,1131.4,2122.0,1277.2
PAR02294,Fonte,Fonte ductile,100,125.6,1990,2122.0,1277.2,2245.0,1251.8
PAR02295,Fonte,Fonte ductile,200,73.6,1970,2122.0,1277.2,2058.6,1314.6
PAR02296,Acier,Acier,63,101.7,1958,2058.6,1314.6,2138.5,1377.6
PAR02297,Plastique,PVC,125,135.4,1980,2058.6,1314.6,2003.8,1438.4
PAR02298,Fonte,Fonte ductile,80,188.5,1991,2003.8,1438.4,2176.2,1514.8
PAR02299,Fonte,Fonte grise,125,125.2,1950,2003.8,1438.4,2031.0,1560.7
PAR02300,Plastique,PEHD,150,72.9,1995,2031.0,1560.7,2089.0,1604.8
PAR02301,Plastique,PEHD,150,205.3,2001,2031.0,1560.7,1970.6,1756.9
PAR02302,Fonte,Fonte ductile,63,140.3,1982,1970.6,1756.9,2105.0,1797.2
PAR02303,Plastique,PVC,80,112.9,1980,1970.6,1756.9,1911.4,1853.0
PAR02304,Fonte,Fonte ductile,500,157.6,1970,1911.4,1853.0,2060.1,1905.1
PAR02305,Fonte,Fonte ductile,100,71.8,1981,1911.4,1853.0,1875.2,1915.0
PAR02306,Plastique,PEHD,600,170.4,2001,1875.2,1915.0,2038.3,1964.7
PAR02307,Plastique,PEHD,80,142.6,1998,1875.2,1915.0,1895.5,2056.2
PAR02308,Plastique,PVC,32,188.5,1988,1895.5,2056.2,1829.0,2232.5
PAR02309,Fonte,Fonte grise,40,143.8,1967,1829.0,2232.5,1965.0,2279.3
PAR02310,Fonte,Fonte ductile,150,93.6,1970,1829.0,2232.5,1805.9,2323.3
PAR02311,Plastique,PVC collé,100,91.1,1966,1805.9,2323.3,1865.4,2392.2
PAR02312,Fonte,Fonte ductile,150,123.9,1970,1805.9,2323.3,1757.2,2437.1
PAR02313,Plastique,PEHD,50,162.1,1995,1757.2,2437.1,1718.5,2594.6
PAR02314,Plastique,PEHD,250,113.7,1995,1718.5,2594.6,1830.0,2572.4
PAR02315,Fonte,Fonte grise,50,121.6,1930,2884.2,-1332.6,2832.4,-1222.6
PAR02316,Fonte,Fonte ductile,300,80.0,1998,2832.4,-1222.6,2831.7,-1142.6
PAR02317,Fonte,Fonte grise,50,155.4,1975,2831.7,-1142.6,2829.0,-987.3
PAR02318,Fonte,Fonte ductile,80,120.9,1975,2829.0,-987.3,2770.8,-881.3
PAR02319,Fonte,Fonte ductile,150,153.0,2014,2770.8,-881.3,2730.0,-733.8
PAR02320,Fonte,Fonte grise,40,173.4,1931,2730.0,-733.8,2694.0,-564.1
PAR02321,Plastique,PEHD,400,54.3,1998,2694.0,-564.1,2681.0,-511.4
PAR02322,Fonte,Fonte ductile,80,163.9,1970,2681.0,-511.4,2649.4,-350.7
PAR02323,Fonte,Fonte ductile,400,121.1,1988,2649.4,-350.7,2588.2,-246.1
PAR02324,Fonte,Fonte grise,63,106.1,1941,2590.0,-54.9,2508.8,13.3
PAR02325,Plastique,PVC collé,500,133.6,1960,2508.8,13.3,2494.3,146.1
PAR02326,Plastique,PEHD,200,90.7,1995,2494.3,146.1,2517.2,233.8
PAR02327,Fonte,Fonte ductile,150,212.2,1972,2517.2,233.8,2421.0,423.0
PAR02328,Acier,Acier,100,104.1,1965,2421.0,423.0,2367.0,512.0
PAR02329,Fonte,Fonte grise,600,114.1,1936,2367.0,512.0,2409.5,617.9
PAR02330,Fonte,Fonte ductile,32,180.9,1970,2409.5,617.9,2304.2,765.0
PAR02331,Plastique,PVC collé,32,123.3,1960,2304.2,765.0,2300.5,888.3
PAR02332,Fonte,Fonte ductile,125,131.2,1976,2309.0,988.0,2269.2,1113.0
PAR02333,Fonte,Fonte ductile,40,164.8,1983,2245.0,1251.8,2138.5,1377.6
PAR02334,Fonte,Fonte grise,200,142.3,1941,2138.5,1377.6,2176.2,1514.8
PAR02335,Plastique,PVC,125,125.3,1982,2176.2,1514.8,2089.0,1604.8
PAR02336,Fonte,Fonte grise,100,193.1,1930,2089.0,1604.8,2105.0,1797.2
PAR02337,Plastique,PVC,200,116.9,1980,2105.0,1797.2,2060.1,1905.1
PAR02338,Fonte,Fonte ductile,100,63.4,1971,2060.1,1905.1,2038.3,1964.7
PAR02339,Fonte,Fonte ductile,63,159.8,2013,2038.3,1964.7,1962.8,2105.5
PAR02340,Fonte,Fonte ductile,150,173.8,1986,1962.8,2105.5,1965.0,2279.3
PAR02341,Plastique,PEHD,200,150.6,2022,1965.0,2279.3,1865.4,2392.2
PAR02342,Fonte,Fonte ductile,100,100.2,1983,1865.4,2392.2,1838.5,2488.7
