id,materiau_famille,materiau,diametre,longueur,annee_pose,x1,y1,x2,y2
LYO00000,Fonte,Fonte grise,50,97.3,1953,-2024.7,-2514.0,-1927.7,-2522.6
LYO00001,Fonte,Fonte grise,40,135.9,1960,-2041.6,-2357.5,-1906.9,-2375.2
LYO00002,Plastique,PVC collé,125,96.3,1985,-2041.6,-2357.5,-2038.9,-2261.3
LYO00003,Fonte,Fonte ductile,125,76.4,2015,-2038.9,-2261.3,-1982.5,-2209.8
LYO00004,Plastique,PVC,250,205.5,1984,-2038.9,-2261.3,-2089.6,-2062.2
LYO00005,Fonte,Fonte grise,200,135.4,1975,-2089.6,-2062.2,-1954.2,-2065.1
LYO00006,Plastique,PVC,50,86.3,1980,-2089.6,-2062.2,-2097.6,-1976.2
LYO00007,Plastique,PVC,32,94.2,1982,-2097.6,-1976.2,-2003.4,-1977.1
LYO00008,Fonte,Fonte ductile,80,179.1,1970,-2097.6,-1976.2,-2157.1,-1807.2
LYO00009,Fonte,Fonte ductile,125,105.0,1971,-2157.1,-1807.2,-2053.1,-1792.5
LYO00010,Fonte,Fonte ductile,100,74.8,2003,-2157.1,-1807.2,-2171.8,-1733.9
LYO00011,Fonte,Fonte ductile,200,150.4,1988,-2171.8,-1733.9,-2022.9,-1712.3
LYO00012,Fonte,Fonte ductile,250,189.1,2003,-2171.8,-1733.9,-2201.2,-1547.1
LYO00013,Fonte,Fonte ductile,32,130.2,1993,-2201.2,-1547.1,-2199.2,-1416.8
LYO00014,Plastique,PVC,100,159.2,1999,-2199.2,-1416.8,-2183.7,-1258.4
LYO00015,Plastique,PVC collé,300,96.3,1981,-2183.7,-1258.4,-2088.4,-1272.2
LYO00016,Fonte,Fonte grise,40,111.8,1939,-2183.7,-1258.4,-2188.2,-1146.7
LYO00017,Fonte,Fonte grise,32,117.2,1930,-2188.2,-1146.7,-2084.7,-1091.7
LYO00018,Fonte,Fonte grise,80,152.0,1930,-2188.2,-1146.7,-2252.6,-1009.0
LYO00019,Plastique,PVC,100,88.7,2003,-2252.6,-1009.0,-2164.3,-1000.8
LYO00020,Fonte,Fonte grise,80,95.8,1930,-2252.6,-1009.0,-2260.6,-913.5
LYO00021,Ciment,Amiante-ciment,250,139.0,1955,-2260.6,-913.5,-2275.8,-775.4
LYO00022,Fonte,Fonte ductile,150,150.7,2008,-2275.8,-775.4,-2148.8,-694.3
LYO00023,Fonte,Fonte ductile,150,194.6,2006,-2275.8,-775.4,-2326.7,-587.6
LYO00024,Fonte,Fonte ductile,40,134.8,2003,-2326.7,-587.6,-2298.4,-455.8
LYO00025,Plastique,PVC collé,250,85.6,1960,-2298.4,-455.8,-2217.8,-426.9
LYO00026,Fonte,Fonte grise,63,99.1,1946,-2298.4,-455.8,-2323.2,-359.9
LYO00027,Ciment,Amiante-ciment,250,121.6,1955,-2323.2,-359.9,-2216.1,-302.3
LYO00028,Fonte,Fonte ductile,40,138.1,1984,-2323.2,-359.9,-2371.2,-230.4
LYO00029,Fonte,Fonte ductile,100,194.1,2012,-2371.2,-230.4,-2202.9,-133.8
LYO00030,Plastique,PVC collé,300,172.7,1985,-2371.2,-230.4,-2375.0,-57.8
LYO00031,Fonte,Fonte ductile,150,83.2,1999,-2375.0,-57.8,-2301.4,-19.1
LYO00032,Plastique,PVC collé,63,150.0,1963,-2375.0,-57.8,-2422.4,84.6
LYO00033,Fonte,Fonte ductile,125,108.6,1987,-2422.4,84.6,-2314.1,77.1
LYO00034,Fonte,Fonte ductile,100,126.0,2012,-2422.4,84.6,-2379.7,203.1
LYO00035,Ciment,Amiante-ciment,50,123.3,1967,-2443.8,352.5,-2321.0,363.1
LYO00036,Plastique,PEHD,100,167.0,1995,-2443.8,352.5,-2420.3,517.8
LYO00037,Plastique,PVC,200,120.6,1999,-2420.3,517.8,-2301.3,498.4
LYO00038,Plastique,PVC collé,100,75.8,1968,-2420.3,517.8,-2457.1,584.1
LYO00039,Plastique,PVC collé,100,142.7,1982,-2457.1,584.1,-2346.0,673.7
LYO00040,Fonte,Fonte grise,50,170.0,1943,-2457.1,584.1,-2524.5,740.2
LYO00041,Fonte,Fonte ductile,40,132.0,2002,-2524.5,740.2,-2392.6,737.3
LYO00042,Fonte,Fonte grise,200,190.4,1975,-2524.5,740.2,-2536.8,930.2
LYO00043,Fonte,Fonte grise,250,111.3,1943,-2536.8,930.2,-2427.3,910.0
LYO00044,Fonte,Fonte ductile,250,139.9,1993,-2536.8,930.2,-2575.9,1064.5
LYO00045,Plastique,PVC,100,200.6,1980,-2575.9,1064.5,-2378.4,1099.5
LYO00046,Plastique,PEHD,50,152.6,1995,-2551.1,1148.4,-2399.7,1167.5
LYO00047,Plastique,PVC,500,190.1,2005,-2600.4,1327.1,-2413.2,1293.5
LYO00048,Plastique,PVC collé,50,166.6,1982,-2600.4,1327.1,-2580.1,1492.4
LYO00049,Plastique,PVC,125,138.0,1980,-2580.1,1492.4,-2442.1,1490.6
LYO00050,Plastique,PVC collé,125,118.8,1968,-2580.1,1492.4,-2612.4,1606.8
LYO00051,Fonte,Fonte ductile,250,136.1,1978,-2612.4,1606.8,-2477.4,1624.7
LYO00052,Fonte,Fonte ductile,40,109.3,1993,-2612.4,1606.8,-2603.1,1715.6
LYO00053,Fonte,Fonte ductile,150,96.0,2007,-2603.1,1715.6,-2524.0,1770.0
LYO00054,Fonte,Fonte grise,125,188.0,1930,-2603.1,1715.6,-2693.8,1880.3
LYO00055,Plastique,PVC collé,80,174.4,1960,-1927.7,-2522.6,-1766.8,-2455.3
LYO00056,Fonte,Fonte ductile,125,148.9,2001,-1927.7,-2522.6,-1906.9,-2375.2
LYO00057,Fonte,Fonte ductile,150,181.9,2015,-1906.9,-2375.2,-1982.5,-2209.8
LYO00058,Plastique,PEHD,125,135.5,2003,-1982.5,-2209.8,-1847.3,-2200.6
LYO00059,Plastique,PVC,250,147.4,1983,-1982.5,-2209.8,-1954.2,-2065.1
LYO00060,Plastique,PVC collé,150,136.6,1960,-1954.2,-2065.1,-1826.2,-2112.8
LYO00061,Fonte,Fonte ductile,200,174.2,1984,-2003.4,-1977.1,-1835.1,-1932.5
LYO00062,Fonte,Fonte grise,250,191.1,1962,-2003.4,-1977.1,-2053.1,-1792.5
LYO00063,Fonte,Fonte grise,80,184.4,1957,-2053.1,-1792.5,-1869.9,-1813.7
LYO00064,Fonte,Fonte grise,80,85.7,1930,-2053.1,-1792.5,-2022.9,-1712.3
LYO00065,Fonte,Fonte grise,100,172.3,1944,-2022.9,-1712.3,-1851.8,-1692.4
LYO00066,Fonte,Fonte grise,150,197.0,1960,-2022.9,-1712.3,-2057.8,-1518.5
LYO00067,Fonte,Fonte grise,150,102.8,1934,-2057.8,-1518.5,-2065.9,-1416.0
LYO00068,Plastique,PEHD,40,148.9,2007,-2065.9,-1416.0,-1917.3,-1406.4
LYO00069,Plastique,PVC collé,250,145.6,1960,-2065.9,-1416.0,-2088.4,-1272.2
LYO00070,Plastique,PEHD,50,153.1,2015,-2088.4,-1272.2,-1936.0,-1287.0
LYO00071,Fonte,Fonte ductile,150,180.6,1970,-2088.4,-1272.2,-2084.7,-1091.7
LYO00072,Fonte,Fonte ductile,300,146.0,1976,-2084.7,-1091.7,-1952.3,-1153.1
LYO00073,Fonte,Fonte ductile,125,149.8,1982,-2164.3,-1000.8,-2014.5,-1003.4
LYO00074,Fonte,Fonte grise,100,111.8,1949,-2147.4,-871.9,-2036.6,-856.5
LYO00075,Plastique,PEHD,80,177.6,1998,-2147.4,-871.9,-2148.8,-694.3
LYO00076,Fonte,Fonte ductile,200,108.1,1994,-2148.8,-694.3,-2044.1,-667.3
LYO00077,Plastique,PEHD,400,104.7,1995,-2148.8,-694.3,-2199.5,-602.7
LYO00078,Fonte,Fonte grise,200,192.0,1940,-2199.5,-602.7,-2012.4,-559.7
LYO00079,Ciment,Amiante-ciment,40,112.5,1955,-2217.8,-426.9,-2105.3,-430.0
LYO00080,Fonte,Fonte grise,150,124.6,1955,-2217.8,-426.9,-2216.1,-302.3
LYO00081,Plastique,PVC collé,100,98.2,1964,-2216.1,-302.3,-2123.8,-268.8
LYO00082,Plastique,PVC,600,169.0,1980,-2216.1,-302.3,-2202.9,-133.8
LYO00083,Fonte,Fonte grise,250,80.4,1930,-2202.9,-133.8,-2125.9,-156.9
LYO00084,Plastique,PEHD,200,151.2,1995,-2202.9,-133.8,-2301.4,-19.1
LYO00085,Acier,Acier,63,206.8,1990,-2301.4,-19.1,-2098.1,18.6
LYO00086,Fonte,Fonte ductile,200,97.0,1983,-2301.4,-19.1,-2314.1,77.1
LYO00087,Fonte,Fonte grise,100,131.3,1942,-2314.1,77.1,-2182.8,78.5
LYO00088,Acier,Acier,50,193.8,1990,-2314.1,77.1,-2286.1,268.9
LYO00089,Fonte,Fonte ductile,63,154.9,2014,-2286.1,268.9,-2132.8,246.3
LYO00090,Fonte,Fonte ductile,125,100.5,1976,-2286.1,268.9,-2321.0,363.1
LYO00091,Plastique,PVC collé,250,159.8,1985,-2321.0,363.1,-2166.7,404.5
LYO00092,Fonte,Fonte ductile,250,136.7,2009,-2321.0,363.1,-2301.3,498.4
LYO00093,Fonte,Fonte ductile,63,144.3,2015,-2301.3,498.4,-2169.4,556.9
LYO00094,Plastique,PVC collé,100,180.9,1975,-2301.3,498.4,-2346.0,673.7
LYO00095,Fonte,Fonte grise,100,121.6,1943,-2346.0,673.7,-2226.3,695.3
LYO00096,Fonte,Fonte grise,150,78.9,1947,-2346.0,673.7,-2392.6,737.3
LYO00097,Plastique,PVC collé,125,150.1,1985,-2392.6,737.3,-2256.7,801.2
LYO00098,Fonte,Fonte ductile,250,176.2,2008,-2392.6,737.3,-2427.3,910.0
LYO00099,Acier,Acier,63,191.0,1963,-2427.3,910.0,-2237.8,934.0
LYO00100,Fonte,Fonte ductile,80,71.3,1976,-2378.4,1099.5,-2399.7,1167.5
LYO00101,Fonte,Fonte grise,150,116.3,1963,-2399.7,1167.5,-2302.5,1231.4
LYO00102,Plastique,PEHD,40,126.8,1995,-2399.7,1167.5,-2413.2,1293.5
LYO00103,Plastique,PVC collé,32,108.4,1961,-2413.2,1293.5,-2345.8,1378.4
LYO00104,Fonte,Fonte ductile,250,199.2,2005,-2413.2,1293.5,-2442.1,1490.6
LYO00105,Plastique,PVC collé,40,138.6,1985,-2442.1,1490.6,-2477.4,1624.7
LYO00106,Plastique,PVC collé,32,156.5,1982,-2477.4,1624.7,-2326.5,1666.0
LYO00107,Fonte,Fonte ductile,200,146.9,1995,-2524.0,1770.0,-2522.1,1916.9
LYO00108,Fonte,Fonte grise,250,94.6,1960,-2522.1,1916.9,-2429.3,1934.8
LYO00109,Fonte,Fonte ductile,100,118.4,1995,-1766.8,-2455.3,-1651.3,-2481.7
LYO00110,Plastique,PVC,200,123.4,1982,-1766.8,-2455.3,-1781.3,-2332.8
LYO00111,Fonte,Fonte grise,500,106.1,1954,-1781.3,-2332.8,-1680.2,-2300.3
LYO00112,Plastique,PEHD,150,147.8,1995,-1781.3,-2332.8,-1847.3,-2200.6
LYO00113,Plastique,PEHD,40,139.1,2008,-1847.3,-2200.6,-1708.3,-2202.1
LYO00114,Plastique,PVC,500,110.9,1980,-1826.2,-2112.8,-1737.6,-2046.1
LYO00115,Plastique,PVC collé,400,180.6,1973,-1826.2,-2112.8,-1835.1,-1932.5
LYO00116,Fonte,Fonte ductile,150,97.6,1988,-1835.1,-1932.5,-1739.8,-1953.6
LYO00117,Fonte,Fonte ductile,300,123.8,1978,-1835.1,-1932.5,-1869.9,-1813.7
LYO00118,Acier,Acier,250,161.4,1990,-1869.9,-1813.7,-1712.4,-1778.5
LYO00119,Plastique,PVC,300,122.7,1980,-1869.9,-1813.7,-1851.8,-1692.4
LYO00120,Plastique,PVC collé,100,44.3,1979,-1851.8,-1692.4,-1807.5,-1692.5
LYO00121,Fonte,Fonte grise,32,190.2,1946,-1851.8,-1692.4,-1890.1,-1506.0
LYO00122,Ciment,Amiante-ciment,125,57.7,1955,-1890.1,-1506.0,-1833.7,-1518.1
LYO00123,Fonte,Fonte ductile,80,103.3,1990,-1890.1,-1506.0,-1917.3,-1406.4
LYO00124,Plastique,PVC collé,125,116.4,1964,-1917.3,-1406.4,-1801.0,-1404.4
LYO00125,Fonte,Fonte ductile,250,120.9,2007,-1917.3,-1406.4,-1936.0,-1287.0
LYO00126,Fonte,Fonte ductile,600,83.4,1991,-1936.0,-1287.0,-1867.4,-1239.4
LYO00127,Fonte,Fonte ductile,63,134.9,1989,-1936.0,-1287.0,-1952.3,-1153.1
LYO00128,Fonte,Fonte ductile,63,102.9,1978,-1952.3,-1153.1,-1898.5,-1065.3
LYO00129,Ciment,Amiante-ciment,400,162.1,1955,-1952.3,-1153.1,-2014.5,-1003.4
LYO00130,Plastique,PEHD,100,168.5,1995,-2014.5,-1003.4,-1852.4,-957.5
LYO00131,Fonte,Fonte grise,100,124.9,1953,-2036.6,-856.5,-1913.6,-834.9
LYO00132,Fonte,Fonte ductile,300,189.3,1970,-2036.6,-856.5,-2044.1,-667.3
LYO00133,Fonte,Fonte ductile,80,124.5,1991,-2044.1,-667.3,-1939.7,-735.1
LYO00134,Fonte,Fonte grise,80,112.2,1964,-2044.1,-667.3,-2012.4,-559.7
LYO00135,Fonte,Fonte ductile,40,67.0,1983,-2012.4,-559.7,-1970.6,-507.4
LYO00136,Fonte,Fonte grise,63,159.6,1944,-2012.4,-559.7,-2105.3,-430.0
LYO00137,Fonte,Fonte grise,32,151.9,1954,-2105.3,-430.0,-1955.8,-402.9
LYO00138,Fonte,Fonte ductile,150,162.2,1996,-2105.3,-430.0,-2123.8,-268.8
LYO00139,Fonte,Fonte ductile,80,165.4,1970,-2123.8,-268.8,-1959.8,-290.4
LYO00140,Plastique,PEHD,50,111.9,1995,-2123.8,-268.8,-2125.9,-156.9
LYO00141,Plastique,PVC,32,169.2,1990,-2125.9,-156.9,-1956.7,-155.9
LYO00142,Plastique,PVC,200,177.7,2010,-2125.9,-156.9,-2098.1,18.6
LYO00143,Fonte,Fonte ductile,500,139.4,1989,-2098.1,18.6,-1974.3,-45.6
LYO00144,Fonte,Fonte ductile,500,103.7,1970,-2098.1,18.6,-2182.8,78.5
LYO00145,Plastique,PEHD,200,184.3,1995,-2182.8,78.5,-1999.9,101.1
LYO00146,Plastique,PVC,150,175.1,1980,-2182.8,78.5,-2132.8,246.3
LYO00147,Plastique,PVC collé,32,107.9,1973,-2132.8,246.3,-2026.3,263.2
LYO00148,Plastique,PVC,32,161.8,1980,-2132.8,246.3,-2166.7,404.5
LYO00149,Fonte,Fonte ductile,125,88.5,1981,-2166.7,404.5,-2078.3,409.4
LYO00150,Ciment,Amiante-ciment,200,152.4,1955,-2166.7,404.5,-2169.4,556.9
LYO00151,Plastique,PVC collé,300,92.6,1972,-2169.4,556.9,-2080.1,581.5
LYO00152,Fonte,Fonte ductile,250,149.7,2007,-2169.4,556.9,-2226.3,695.3
LYO00153,Fonte,Fonte grise,80,136.1,1930,-2226.3,695.3,-2091.0,681.0
LYO00154,Plastique,PVC,40,110.2,1980,-2226.3,695.3,-2256.7,801.2
LYO00155,Fonte,Fonte ductile,63,158.5,1979,-2256.7,801.2,-2105.2,847.7
LYO00156,Plastique,PEHD,80,134.2,1995,-2256.7,801.2,-2237.8,934.0
LYO00157,Fonte,Fonte ductile,150,107.1,2000,-2237.8,934.0,-2277.5,1033.5
LYO00158,Plastique,PEHD,150,111.7,1999,-2277.5,1033.5,-2181.4,1090.4
LYO00159,Plastique,PVC,150,153.2,1988,-2302.5,1231.4,-2345.8,1378.4
LYO00160,Fonte,Fonte grise,125,133.0,1939,-2345.8,1378.4,-2229.6,1313.7
LYO00161,Plastique,PVC collé,32,148.1,1968,-2345.8,1378.4,-2350.5,1526.4
LYO00162,Fonte,Fonte grise,250,169.0,1942,-2350.5,1526.4,-2184.2,1496.1
LYO00163,Fonte,Fonte ductile,100,141.6,1998,-2350.5,1526.4,-2326.5,1666.0
LYO00164,Fonte,Fonte ductile,63,67.7,1970,-2326.5,1666.0,-2270.1,1628.6
LYO00165,Acier,Acier,100,125.7,1955,-2326.5,1666.0,-2396.9,1770.1
LYO00166,Fonte,Fonte grise,150,141.9,1953,-2396.9,1770.1,-2256.6,1792.1
LYO00167,Ciment,Amiante-ciment,100,167.9,1977,-2396.9,1770.1,-2429.3,1934.8
LYO00168,Plastique,PVC collé,150,171.9,1977,-2429.3,1934.8,-2257.4,1939.9
LYO00169,Fonte,Fonte ductile,50,166.9,2003,-1651.3,-2481.7,-1484.5,-2475.9
LYO00170,Fonte,Fonte grise,63,183.7,1948,-1651.3,-2481.7,-1680.2,-2300.3
LYO00171,Plastique,PVC,400,133.7,1992,-1680.2,-2300.3,-1548.3,-2278.5
LYO00172,Plastique,PVC,50,102.2,1995,-1680.2,-2300.3,-1708.3,-2202.1
LYO00173,Plastique,PVC,200,186.0,1990,-1708.3,-2202.1,-1525.5,-2167.2
LYO00174,Fonte,Fonte ductile,40,145.2,1994,-1737.6,-2046.1,-1592.4,-2048.5
LYO00175,Plastique,PEHD,63,92.5,1995,-1737.6,-2046.1,-1739.8,-1953.6
LYO00176,Plastique,PEHD,40,124.6,2015,-1739.8,-1953.6,-1633.2,-1888.9
LYO00177,Plastique,PVC collé,63,177.1,1960,-1739.8,-1953.6,-1712.4,-1778.5
LYO00178,Fonte,Fonte grise,200,131.8,1941,-1712.4,-1778.5,-1591.2,-1727.0
LYO00179,Plastique,PEHD,150,128.2,2008,-1712.4,-1778.5,-1807.5,-1692.5
LYO00180,Fonte,Fonte grise,100,157.2,1954,-1807.5,-1692.5,-1658.1,-1643.4
LYO00181,Fonte,Fonte ductile,125,176.4,1970,-1807.5,-1692.5,-1833.7,-1518.1
LYO00182,Fonte,Fonte grise,100,118.3,1948,-1833.7,-1518.1,-1801.0,-1404.4
LYO00183,Plastique,PVC collé,100,161.3,1960,-1801.0,-1404.4,-1658.3,-1329.0
LYO00184,Plastique,PEHD,80,177.8,1995,-1801.0,-1404.4,-1867.4,-1239.4
LYO00185,Plastique,PEHD,150,201.5,1995,-1867.4,-1239.4,-1666.2,-1248.6
LYO00186,Acier,Acier,200,176.8,1957,-1867.4,-1239.4,-1898.5,-1065.3
LYO00187,Fonte,Fonte grise,200,134.5,1950,-1898.5,-1065.3,-1764.8,-1050.5
LYO00188,Fonte,Fonte ductile,250,117.3,2010,-1898.5,-1065.3,-1852.4,-957.5
LYO00189,Fonte,Fonte ductile,63,96.3,1997,-1852.4,-957.5,-1763.1,-921.3
LYO00190,Fonte,Fonte ductile,80,137.1,2006,-1852.4,-957.5,-1913.6,-834.9
LYO00191,Plastique,PVC collé,125,127.1,1972,-1913.6,-834.9,-1786.6,-833.6
LYO00192,Fonte,Fonte ductile,150,103.1,2004,-1913.6,-834.9,-1939.7,-735.1
LYO00193,Plastique,PEHD,125,203.2,1995,-1939.7,-735.1,-1771.4,-621.1
LYO00194,Fonte,Fonte ductile,32,229.8,1982,-1939.7,-735.1,-1970.6,-507.4
LYO00195,Fonte,Fonte ductile,125,210.7,1995,-1970.6,-507.4,-1770.8,-574.2
LYO00196,Fonte,Fonte grise,150,105.6,1931,-1970.6,-507.4,-1955.8,-402.9
LYO00197,Fonte,Fonte grise,300,175.7,1935,-1955.8,-402.9,-1784.8,-362.7
LYO00198,Fonte,Fonte ductile,125,112.5,1970,-1955.8,-402.9,-1959.8,-290.4
LYO00199,Plastique,PVC collé,150,174.0,1978,-1959.8,-290.4,-1806.2,-208.7
LYO00200,Fonte,Fonte grise,80,134.5,1975,-1959.8,-290.4,-1956.7,-155.9
LYO00201,Plastique,PEHD,100,78.6,1995,-1956.7,-155.9,-1887.6,-118.3
LYO00202,Plastique,PVC collé,150,111.8,1960,-1956.7,-155.9,-1974.3,-45.6
LYO00203,Plastique,PVC collé,150,173.6,1960,-1974.3,-45.6,-1839.4,63.7
LYO00204,Fonte,Fonte ductile,400,148.9,1970,-1974.3,-45.6,-1999.9,101.1
LYO00205,Plastique,PVC collé,250,158.1,1976,-1999.9,101.1,-1870.1,191.3
LYO00206,Fonte,Fonte ductile,400,164.2,2007,-1999.9,101.1,-2026.3,263.2
LYO00207,Fonte,Fonte ductile,250,155.2,1970,-2026.3,263.2,-2078.3,409.4
LYO00208,Fonte,Fonte ductile,100,122.1,1995,-2078.3,409.4,-1962.3,447.5
LYO00209,Plastique,PVC collé,200,172.1,1976,-2078.3,409.4,-2080.1,581.5
LYO00210,Plastique,PEHD,150,115.5,1995,-2080.1,581.5,-1966.9,559.0
LYO00211,Acier,Acier,150,100.1,1965,-2080.1,581.5,-2091.0,681.0
LYO00212,Plastique,PVC,80,163.4,1984,-2091.0,681.0,-1938.5,739.7
LYO00213,Plastique,PVC collé,200,167.3,1960,-2091.0,681.0,-2105.2,847.7
LYO00214,Fonte,Fonte grise,125,125.4,1930,-2105.2,847.7,-1980.0,853.4
LYO00215,Plastique,PVC,125,118.7,1989,-2105.2,847.7,-2129.8,963.8
LYO00216,Plastique,PVC collé,80,144.7,1981,-2129.8,963.8,-1992.3,1008.9
LYO00217,Fonte,Fonte ductile,40,136.7,1986,-2129.8,963.8,-2181.4,1090.4
LYO00218,Fonte,Fonte ductile,100,177.8,2011,-2181.4,1090.4,-2006.5,1122.7
LYO00219,Fonte,Fonte ductile,80,137.4,1970,-2181.4,1090.4,-2150.0,1224.2
LYO00220,Plastique,PVC collé,250,93.8,1964,-2150.0,1224.2,-2067.5,1268.8
LYO00221,Fonte,Fonte ductile,300,119.7,1998,-2150.0,1224.2,-2229.6,1313.7
LYO00222,Plastique,PVC,100,134.3,1980,-2229.6,1313.7,-2098.8,1344.4
LYO00223,Fonte,Fonte ductile,150,187.9,1970,-2229.6,1313.7,-2184.2,1496.1
LYO00224,Plastique,PVC,250,87.7,1980,-2184.2,1496.1,-2118.6,1554.2
LYO00225,Fonte,Fonte ductile,200,195.2,2012,-2270.1,1628.6,-2075.7,1611.9
LYO00226,Fonte,Fonte grise,63,108.9,1955,-2256.6,1792.1,-2162.0,1738.2
LYO00227,Plastique,PVC collé,125,163.3,1960,-2257.4,1939.9,-2099.7,1897.7
LYO00228,Plastique,PVC,32,207.5,2020,-1484.5,-2475.9,-1548.3,-2278.5
LYO00229,Fonte,Fonte ductile,600,113.6,2014,-1548.3,-2278.5,-1525.5,-2167.2
LYO00230,Acier,Acier,100,94.4,1988,-1525.5,-2167.2,-1431.1,-2165.4
LYO00231,Plastique,PVC collé,250,136.3,1985,-1525.5,-2167.2,-1592.4,-2048.5
LYO00232,Fonte,Fonte grise,63,153.1,1970,-1592.4,-2048.5,-1448.2,-1996.9
LYO00233,Plastique,PEHD,200,164.7,2003,-1592.4,-2048.5,-1633.2,-1888.9
LYO00234,Fonte,Fonte grise,100,197.7,1975,-1633.2,-1888.9,-1442.7,-1835.9
LYO00235,Plastique,PEHD,600,167.3,2005,-1633.2,-1888.9,-1591.2,-1727.0
LYO00236,Fonte,Fonte ductile,80,95.3,1993,-1591.2,-1727.0,-1501.4,-1695.2
LYO00237,Plastique,PEHD,400,107.1,1996,-1591.2,-1727.0,-1658.1,-1643.4
LYO00238,Fonte,Fonte ductile,125,192.3,2000,-1658.1,-1643.4,-1480.5,-1569.8
LYO00239,Plastique,PVC collé,500,159.6,1963,-1654.3,-1516.7,-1520.7,-1429.4
LYO00240,Acier,Acier,600,187.7,1990,-1654.3,-1516.7,-1658.3,-1329.0
LYO00241,Fonte,Fonte ductile,150,120.3,1970,-1658.3,-1329.0,-1538.4,-1337.0
LYO00242,Fonte,Fonte ductile,150,80.8,1970,-1658.3,-1329.0,-1666.2,-1248.6
LYO00243,Acier,Acier,40,118.7,1951,-1666.2,-1248.6,-1579.7,-1167.3
LYO00244,Acier,Acier,50,221.3,1957,-1666.2,-1248.6,-1764.8,-1050.5
LYO00245,Acier,Acier,100,164.8,1956,-1764.8,-1050.5,-1601.7,-1073.8
LYO00246,Fonte,Fonte ductile,250,129.3,1984,-1764.8,-1050.5,-1763.1,-921.3
LYO00247,Fonte,Fonte ductile,40,90.8,1986,-1763.1,-921.3,-1786.6,-833.6
LYO00248,Fonte,Fonte grise,125,130.0,1965,-1786.6,-833.6,-1663.5,-791.8
LYO00249,Plastique,PVC,200,213.0,1980,-1786.6,-833.6,-1771.4,-621.1
LYO00250,Acier,Acier,125,150.8,1952,-1771.4,-621.1,-1620.7,-618.4
LYO00251,Fonte,Fonte grise,500,47.0,1935,-1771.4,-621.1,-1770.8,-574.2
LYO00252,Plastique,PVC collé,100,109.3,1961,-1770.8,-574.2,-1721.8,-476.5
LYO00253,Fonte,Fonte grise,80,211.9,1935,-1770.8,-574.2,-1784.8,-362.7
LYO00254,Fonte,Fonte grise,32,155.5,1930,-1784.8,-362.7,-1806.2,-208.7
LYO00255,Fonte,Fonte grise,200,98.0,1940,-1806.2,-208.7,-1727.3,-266.9
LYO00256,Plastique,PVC collé,80,121.7,1960,-1806.2,-208.7,-1887.6,-118.3
LYO00257,Fonte,Fonte ductile,100,132.1,1976,-1887.6,-118.3,-1758.1,-143.7
LYO00258,Fonte,Fonte grise,125,188.2,1930,-1887.6,-118.3,-1839.4,63.7
LYO00259,Fonte,Fonte grise,40,108.0,1975,-1839.4,63.7,-1757.9,-7.2
LYO00260,Plastique,PVC collé,50,131.3,1975,-1839.4,63.7,-1870.1,191.3
LYO00261,Plastique,PVC collé,250,153.7,1960,-1870.1,191.3,-1730.4,127.3
LYO00262,Fonte,Fonte ductile,100,77.8,2008,-1870.1,191.3,-1898.7,263.7
LYO00263,Plastique,PVC collé,32,83.4,1971,-1898.7,263.7,-1825.6,303.8
LYO00264,Fonte,Fonte ductile,32,194.4,1974,-1898.7,263.7,-1962.3,447.5
LYO00265,Fonte,Fonte ductile,200,134.7,1978,-1962.3,447.5,-1828.2,459.9
LYO00266,Plastique,PVC,32,111.6,1980,-1962.3,447.5,-1966.9,559.0
LYO00267,Fonte,Fonte grise,40,151.2,1954,-1966.9,559.0,-1816.3,573.1
LYO00268,Fonte,Fonte grise,200,183.0,1932,-1966.9,559.0,-1938.5,739.7
LYO00269,Fonte,Fonte grise,50,87.9,1952,-1938.5,739.7,-1872.2,682.0
LYO00270,Fonte,Fonte ductile,150,121.0,1970,-1938.5,739.7,-1980.0,853.4
LYO00271,Acier,Acier,200,147.5,1989,-1980.0,853.4,-1833.2,839.9
LYO00272,Acier,Acier,150,156.0,1969,-1980.0,853.4,-1992.3,1008.9
LYO00273,Plastique,PVC,250,104.5,1980,-1992.3,1008.9,-1895.0,970.7
LYO00274,Fonte,Fonte grise,100,114.6,1933,-1992.3,1008.9,-2006.5,1122.7
LYO00275,Fonte,Fonte grise,150,105.7,1964,-2006.5,1122.7,-1901.2,1132.3
LYO00276,Plastique,PEHD,200,184.2,2014,-2067.5,1268.8,-1883.7,1257.6
LYO00277,Fonte,Fonte grise,40,81.8,1956,-2067.5,1268.8,-2098.8,1344.4
LYO00278,Fonte,Fonte ductile,50,126.4,1980,-2098.8,1344.4,-1987.0,1403.3
LYO00279,Fonte,Fonte grise,200,210.8,1937,-2098.8,1344.4,-2118.6,1554.2
LYO00280,Fonte,Fonte grise,100,111.1,1937,-2118.6,1554.2,-2008.2,1566.3
LYO00281,Fonte,Fonte ductile,125,153.1,1981,-2075.7,1611.9,-2162.0,1738.2
LYO00282,Fonte,Fonte grise,125,210.6,1941,-2162.0,1738.2,-1954.8,1775.9
LYO00283,Plastique,PVC collé,150,171.2,1966,-2162.0,1738.2,-2099.7,1897.7
LYO00284,Fonte,Fonte ductile,80,87.6,2002,-2099.7,1897.7,-2058.7,1975.2
LYO00285,Plastique,PVC,80,91.7,1996,-1395.6,-2446.3,-1315.9,-2401.0
LYO00286,Fonte,Fonte grise,63,152.8,1944,-1395.6,-2446.3,-1382.1,-2294.1
LYO00287,Fonte,Fonte grise,150,91.2,1944,-1382.1,-2294.1,-1294.4,-2269.1
LYO00288,Fonte,Fonte grise,125,137.8,1930,-1382.1,-2294.1,-1431.1,-2165.4
LYO00289,Plastique,PVC,250,132.2,1980,-1431.1,-2165.4,-1305.5,-2124.2
LYO00290,Fonte,Fonte grise,100,169.3,1960,-1431.1,-2165.4,-1448.2,-1996.9
LYO00291,Fonte,Fonte ductile,300,119.2,1970,-1448.2,-1996.9,-1338.0,-2042.5
LYO00292,Fonte,Fonte grise,100,115.2,1945,-1442.7,-1835.9,-1332.0,-1867.7
LYO00293,Plastique,PVC,500,152.4,1980,-1442.7,-1835.9,-1501.4,-1695.2
LYO00294,Plastique,PVC,200,109.3,1980,-1501.4,-1695.2,-1398.4,-1731.8
LYO00295,Plastique,PVC collé,400,127.1,1960,-1501.4,-1695.2,-1480.5,-1569.8
LYO00296,Plastique,PVC collé,50,87.1,1960,-1480.5,-1569.8,-1414.9,-1627.1
LYO00297,Plastique,PVC,200,146.1,1981,-1480.5,-1569.8,-1520.7,-1429.4
LYO00298,Plastique,PVC,500,94.0,1993,-1520.7,-1429.4,-1538.4,-1337.0
LYO00299,Fonte,Fonte ductile,200,96.5,1999,-1538.4,-1337.0,-1463.7,-1276.0
LYO00300,Fonte,Fonte ductile,250,174.7,1970,-1538.4,-1337.0,-1579.7,-1167.3
LYO00301,Plastique,PVC collé,125,144.9,1974,-1579.7,-1167.3,-1443.1,-1215.7
LYO00302,Ciment,Amiante-ciment,125,96.1,1955,-1579.7,-1167.3,-1601.7,-1073.8
LYO00303,Acier,Acier,100,117.6,1950,-1601.7,-1073.8,-1494.1,-1026.2
LYO00304,Fonte,Fonte ductile,80,168.9,1984,-1601.7,-1073.8,-1605.5,-905.0
LYO00305,Plastique,PVC,250,104.1,1980,-1605.5,-905.0,-1502.9,-922.0
LYO00306,Plastique,PVC,100,127.1,1980,-1605.5,-905.0,-1663.5,-791.8
LYO00307,Fonte,Fonte ductile,500,122.3,1992,-1663.5,-791.8,-1541.2,-792.9
LYO00308,Fonte,Fonte grise,80,178.7,1947,-1663.5,-791.8,-1620.7,-618.4
LYO00309,Fonte,Fonte ductile,400,132.7,1970,-1620.7,-618.4,-1490.0,-595.5
LYO00310,Plastique,PVC collé,150,149.8,1965,-1721.8,-476.5,-1683.8,-331.6
LYO00311,Fonte,Fonte ductile,63,103.9,1970,-1683.8,-331.6,-1584.0,-360.2
LYO00312,Ciment,Amiante-ciment,150,77.9,1967,-1683.8,-331.6,-1727.3,-266.9
LYO00313,Plastique,PVC collé,125,119.4,1960,-1727.3,-266.9,-1623.7,-207.4
LYO00314,Fonte,Fonte ductile,125,127.0,1995,-1727.3,-266.9,-1758.1,-143.7
LYO00315,Fonte,Fonte ductile,200,181.8,1979,-1758.1,-143.7,-1586.0,-84.9
LYO00316,Plastique,PVC collé,150,136.5,1985,-1758.1,-143.7,-1757.9,-7.2
LYO00317,Plastique,PEHD,100,180.0,1995,-1757.9,-7.2,-1603.5,85.4
LYO00318,Fonte,Fonte ductile,40,137.3,2005,-1757.9,-7.2,-1730.4,127.3
LYO00319,Plastique,PVC collé,600,200.6,1966,-1730.4,127.3,-1825.6,303.8
LYO00320,Ciment,Amiante-ciment,250,123.0,1955,-1825.6,303.8,-1702.7,308.1
LYO00321,Fonte,Fonte ductile,125,156.0,1997,-1825.6,303.8,-1828.2,459.9
LYO00322,Fonte,Fonte ductile,100,145.9,1970,-1828.2,459.9,-1683.5,441.5
LYO00323,Ciment,Amiante-ciment,250,113.9,1955,-1828.2,459.9,-1816.3,573.1
LYO00324,Fonte,Fonte grise,32,152.1,1934,-1816.3,573.1,-1664.8,586.2
LYO00325,Plastique,PVC collé,100,146.0,1960,-1872.2,682.0,-1754.1,767.9
LYO00326,Plastique,PEHD,125,87.9,1995,-1833.2,839.9,-1745.8,849.7
LYO00327,Fonte,Fonte ductile,125,144.7,2002,-1833.2,839.9,-1895.0,970.7
LYO00328,Plastique,PVC,250,187.9,1984,-1895.0,970.7,-1728.8,1058.5
LYO00329,Acier,Acier,125,121.3,1955,-1901.2,1132.3,-1783.5,1161.6
LYO00330,Plastique,PVC collé,80,126.6,1985,-1901.2,1132.3,-1883.7,1257.6
LYO00331,Plastique,PVC collé,200,164.4,1982,-1987.0,1403.3,-2008.2,1566.3
LYO00332,Fonte,Fonte ductile,40,152.8,2010,-2008.2,1566.3,-1855.7,1575.2
LYO00333,Fonte,Fonte grise,100,112.7,1938,-1998.0,1637.8,-1885.6,1647.0
LYO00334,Ciment,Amiante-ciment,200,144.6,1959,-1998.0,1637.8,-1954.8,1775.9
LYO00335,Fonte,Fonte ductile,80,94.9,2011,-1954.8,1775.9,-1873.3,1824.5
LYO00336,Plastique,PEHD,125,224.8,1995,-1954.8,1775.9,-2058.7,1975.2
LYO00337,Plastique,PVC collé,100,178.6,1976,-2058.7,1975.2,-1887.7,1923.8
LYO00338,Plastique,PVC collé,100,186.2,1970,-1315.9,-2401.0,-1137.5,-2347.7
LYO00339,Acier,Acier,250,116.2,1982,-1294.4,-2269.1,-1182.2,-2299.1
LYO00340,Fonte,Fonte ductile,250,145.3,1985,-1294.4,-2269.1,-1305.5,-2124.2
LYO00341,Fonte,Fonte grise,100,98.1,1931,-1305.5,-2124.2,-1208.4,-2138.6
LYO00342,Ciment,Amiante-ciment,125,88.0,1963,-1305.5,-2124.2,-1338.0,-2042.5
LYO00343,Fonte,Fonte grise,63,188.6,1952,-1338.0,-2042.5,-1170.9,-1955.0
LYO00344,Plastique,PVC collé,63,174.8,1965,-1338.0,-2042.5,-1332.0,-1867.7
LYO00345,Plastique,PEHD,50,76.6,2012,-1332.0,-1867.7,-1266.7,-1827.6
LYO00346,Fonte,Fonte grise,200,151.3,1962,-1332.0,-1867.7,-1398.4,-1731.8
LYO00347,Plastique,PEHD,250,166.1,1995,-1398.4,-1731.8,-1234.4,-1705.8
LYO00348,Acier,Acier,250,106.0,1961,-1398.4,-1731.8,-1414.9,-1627.1
LYO00349,Plastique,PVC,600,215.6,1980,-1414.9,-1627.1,-1424.8,-1411.8
LYO00350,Plastique,PEHD,400,127.4,1995,-1424.8,-1411.8,-1298.8,-1393.0
LYO00351,Fonte,Fonte ductile,400,199.3,2004,-1463.7,-1276.0,-1273.9,-1336.8
LYO00352,Fonte,Fonte ductile,50,63.7,1972,-1463.7,-1276.0,-1443.1,-1215.7
LYO00353,Plastique,PVC collé,200,117.2,1969,-1443.1,-1215.7,-1326.4,-1205.1
LYO00354,Fonte,Fonte ductile,100,196.2,2015,-1443.1,-1215.7,-1494.1,-1026.2
LYO00355,Fonte,Fonte ductile,150,134.0,1970,-1494.1,-1026.2,-1363.0,-1054.0
LYO00356,Fonte,Fonte grise,40,104.6,1971,-1494.1,-1026.2,-1502.9,-922.0
LYO00357,Ciment,Amiante-ciment,32,107.9,1955,-1502.9,-922.0,-1397.3,-899.3
LYO00358,Acier,Acier,32,182.2,1980,-1541.2,-792.9,-1364.4,-748.9
LYO00359,Fonte,Fonte grise,150,203.9,1952,-1541.2,-792.9,-1490.0,-595.5
LYO00360,Fonte,Fonte ductile,250,88.5,2010,-1490.0,-595.5,-1419.7,-649.3
LYO00361,Plastique,PVC collé,150,111.8,1968,-1490.0,-595.5,-1524.8,-489.2
LYO00362,Plastique,PEHD,125,67.9,2012,-1524.8,-489.2,-1457.5,-498.4
LYO00363,Fonte,Fonte ductile,63,142.0,1970,-1524.8,-489.2,-1584.0,-360.2
LYO00364,Fonte,Fonte ductile,250,134.3,1991,-1584.0,-360.2,-1450.1,-371.1
LYO00365,Fonte,Fonte ductile,125,157.9,1970,-1584.0,-360.2,-1623.7,-207.4
LYO00366,Fonte,Fonte grise,63,171.4,1971,-1623.7,-207.4,-1455.4,-175.0
LYO00367,Fonte,Fonte ductile,150,128.2,1970,-1623.7,-207.4,-1586.0,-84.9
LYO00368,Fonte,Fonte ductile,40,96.2,1970,-1586.0,-84.9,-1489.8,-86.8
LYO00369,Fonte,Fonte ductile,32,171.1,1970,-1586.0,-84.9,-1603.5,85.4
LYO00370,Fonte,Fonte ductile,200,160.0,1971,-1603.5,85.4,-1449.8,40.8
LYO00371,Fonte,Fonte ductile,50,66.4,1970,-1603.5,85.4,-1614.2,150.9
LYO00372,Plastique,PVC,80,118.3,1980,-1614.2,150.9,-1530.7,234.7
LYO00373,Plastique,PEHD,150,134.8,1995,-1702.7,308.1,-1683.5,441.5
LYO00374,Fonte,Fonte ductile,50,141.7,1995,-1683.5,441.5,-1546.3,477.4
LYO00375,Plastique,PVC,200,145.8,1980,-1683.5,441.5,-1664.8,586.2
LYO00376,Fonte,Fonte grise,100,80.8,1930,-1664.8,586.2,-1595.3,627.2
LYO00377,Fonte,Fonte ductile,125,202.5,1970,-1664.8,586.2,-1754.1,767.9
LYO00378,Fonte,Fonte ductile,300,82.2,1997,-1754.1,767.9,-1745.8,849.7
LYO00379,Fonte,Fonte ductile,40,127.6,1983,-1745.8,849.7,-1645.7,928.8
LYO00380,Plastique,PVC collé,150,209.5,1960,-1745.8,849.7,-1728.8,1058.5
LYO00381,Plastique,PVC,125,105.5,1999,-1728.8,1058.5,-1625.1,1039.2
LYO00382,Fonte,Fonte ductile,100,103.5,2000,-1783.5,1161.6,-1684.3,1132.0
LYO00383,Fonte,Fonte ductile,125,153.5,1983,-1783.5,1161.6,-1841.9,1303.5
LYO00384,Fonte,Fonte ductile,32,207.0,1970,-1841.9,1303.5,-1640.8,1254.0
LYO00385,Fonte,Fonte grise,150,64.2,1968,-1841.9,1303.5,-1843.0,1367.7
LYO00386,Acier,Acier,80,167.7,1977,-1843.0,1367.7,-1703.6,1460.9
LYO00387,Fonte,Fonte ductile,300,117.1,1993,-1855.7,1575.2,-1738.7,1581.2
LYO00388,Fonte,Fonte ductile,250,77.8,1988,-1855.7,1575.2,-1885.6,1647.0
LYO00389,Fonte,Fonte ductile,150,188.6,1970,-1885.6,1647.0,-1726.5,1748.2
LYO00390,Fonte,Fonte grise,250,177.9,1930,-1885.6,1647.0,-1873.3,1824.5
LYO00391,Fonte,Fonte ductile,80,93.1,2015,-1873.3,1824.5,-1793.2,1871.9
LYO00392,Fonte,Fonte ductile,150,100.3,1987,-1873.3,1824.5,-1887.7,1923.8
LYO00393,Fonte,Fonte grise,150,119.3,1938,-1887.7,1923.8,-1788.1,1989.5
LYO00394,Ciment,Amiante-ciment,150,149.6,1978,-1137.5,-2347.7,-991.1,-2378.7
LYO00395,Fonte,Fonte grise,100,66.0,1964,-1137.5,-2347.7,-1182.2,-2299.1
LYO00396,Fonte,Fonte grise,150,162.6,1951,-1182.2,-2299.1,-1208.4,-2138.6
LYO00397,Ciment,Amiante-ciment,63,190.2,1955,-1208.4,-2138.6,-1018.2,-2135.7
LYO00398,Fonte,Fonte grise,125,187.4,1965,-1208.4,-2138.6,-1170.9,-1955.0
LYO00399,Fonte,Fonte grise,150,97.6,1962,-1170.9,-1955.0,-1080.8,-1992.8
LYO00400,Plastique,PEHD,80,159.4,2015,-1170.9,-1955.0,-1266.7,-1827.6
LYO00401,Fonte,Fonte ductile,600,133.5,1989,-1266.7,-1827.6,-1137.3,-1860.5
LYO00402,Plastique,PEHD,50,126.1,1995,-1266.7,-1827.6,-1234.4,-1705.8
LYO00403,Plastique,PVC collé,200,91.3,1960,-1234.4,-1705.8,-1145.7,-1727.9
LYO00404,Fonte,Fonte ductile,80,93.3,2015,-1234.4,-1705.8,-1219.7,-1613.6
LYO00405,Fonte,Fonte ductile,32,109.0,1987,-1219.7,-1613.6,-1132.6,-1548.1
LYO00406,Acier,Acier,50,234.3,1977,-1219.7,-1613.6,-1298.8,-1393.0
LYO00407,Plastique,PVC collé,100,135.3,1960,-1298.8,-1393.0,-1167.2,-1424.3
LYO00408,Fonte,Fonte grise,100,61.5,1933,-1298.8,-1393.0,-1273.9,-1336.8
LYO00409,Fonte,Fonte ductile,63,106.4,1993,-1273.9,-1336.8,-1169.5,-1316.7
LYO00410,Fonte,Fonte ductile,150,141.7,1980,-1273.9,-1336.8,-1326.4,-1205.1
LYO00411,Plastique,PEHD,150,155.5,1995,-1326.4,-1205.1,-1363.0,-1054.0
LYO00412,Plastique,PVC collé,125,186.2,1960,-1363.0,-1054.0,-1202.0,-960.4
LYO00413,Plastique,PVC,250,158.5,1980,-1363.0,-1054.0,-1397.3,-899.3
LYO00414,Plastique,PVC,125,167.6,1985,-1397.3,-899.3,-1238.2,-846.7
LYO00415,Fonte,Fonte grise,200,153.9,1933,-1397.3,-899.3,-1364.4,-748.9
LYO00416,Fonte,Fonte grise,32,72.7,1939,-1364.4,-748.9,-1299.4,-716.4
LYO00417,Fonte,Fonte grise,250,156.1,1951,-1419.7,-649.3,-1264.1,-635.3
LYO00418,Fonte,Fonte grise,400,155.6,1939,-1419.7,-649.3,-1457.5,-498.4
LYO00419,Plastique,PVC,80,162.2,1980,-1457.5,-498.4,-1295.4,-493.4
LYO00420,Plastique,PVC collé,200,127.5,1960,-1457.5,-498.4,-1450.1,-371.1
LYO00421,Plastique,PVC collé,80,137.0,1975,-1450.1,-371.1,-1313.2,-368.2
LYO00422,Fonte,Fonte grise,40,196.2,1953,-1450.1,-371.1,-1455.4,-175.0
LYO00423,Plastique,PVC collé,100,141.5,1974,-1455.4,-175.0,-1315.5,-196.2
LYO00424,Ciment,Amiante-ciment,50,94.7,1955,-1455.4,-175.0,-1489.8,-86.8
LYO00425,Plastique,PEHD,100,128.8,2008,-1489.8,-86.8,-1363.1,-63.3
LYO00426,Plastique,PVC collé,100,133.8,1960,-1489.8,-86.8,-1449.8,40.8
LYO00427,Plastique,PVC collé,150,64.3,1960,-1449.8,40.8,-1386.0,48.7
LYO00428,Plastique,PVC collé,200,210.1,1960,-1449.8,40.8,-1530.7,234.7
LYO00429,Acier,Acier,500,189.8,1950,-1530.7,234.7,-1343.4,204.3
LYO00430,Plastique,PVC collé,250,76.9,1978,-1530.7,234.7,-1550.4,309.1
LYO00431,Ciment,Amiante-ciment,200,168.4,1955,-1550.4,309.1,-1546.3,477.4
LYO00432,Fonte,Fonte ductile,150,143.0,1978,-1546.3,477.4,-1414.5,532.7
LYO00433,Plastique,PVC collé,400,157.6,1980,-1546.3,477.4,-1595.3,627.2
LYO00434,Fonte,Fonte grise,200,128.1,1942,-1595.3,627.2,-1473.3,666.4
LYO00435,Plastique,PVC,63,86.3,1983,-1595.3,627.2,-1603.9,713.1
LYO00436,Fonte,Fonte ductile,150,174.4,1970,-1603.9,713.1,-1447.0,789.2
LYO00437,Fonte,Fonte ductile,300,219.8,1987,-1603.9,713.1,-1645.7,928.8
LYO00438,Acier,Acier,150,155.2,1950,-1645.7,928.8,-1493.4,899.0
LYO00439,Plastique,PVC,250,144.5,1996,-1625.1,1039.2,-1481.9,1058.0
LYO00440,Fonte,Fonte ductile,250,110.1,1970,-1625.1,1039.2,-1684.3,1132.0
LYO00441,Fonte,Fonte grise,63,183.2,1938,-1684.3,1132.0,-1517.8,1208.5
LYO00442,Plastique,PVC collé,100,129.5,1975,-1684.3,1132.0,-1640.8,1254.0
LYO00443,Fonte,Fonte ductile,63,100.7,1992,-1640.8,1254.0,-1554.6,1306.0
LYO00444,Fonte,Fonte ductile,63,216.2,1981,-1640.8,1254.0,-1703.6,1460.9
LYO00445,Plastique,PVC,80,149.1,2010,-1703.6,1460.9,-1555.1,1474.5
LYO00446,Ciment,Amiante-ciment,150,125.4,1955,-1703.6,1460.9,-1738.7,1581.2
LYO00447,Plastique,PEHD,300,187.9,1995,-1738.7,1581.2,-1553.5,1612.4
LYO00448,Fonte,Fonte ductile,50,167.5,2009,-1738.7,1581.2,-1726.5,1748.2
LYO00449,Fonte,Fonte grise,150,112.4,1931,-1726.5,1748.2,-1626.5,1697.0
LYO00450,Fonte,Fonte ductile,80,140.5,2004,-1726.5,1748.2,-1793.2,1871.9
LYO00451,Plastique,PVC collé,80,127.1,1960,-1793.2,1871.9,-1669.6,1901.6
LYO00452,Plastique,PVC collé,125,117.7,1979,-1793.2,1871.9,-1788.1,1989.5
LYO00453,Fonte,Fonte grise,400,138.8,1930,-1788.1,1989.5,-1653.5,1955.6
LYO00454,Fonte,Fonte grise,200,117.8,1950,-991.1,-2378.7,-875.2,-2357.7
LYO00455,Fonte,Fonte grise,150,161.1,1957,-991.1,-2378.7,-1014.6,-2219.3
LYO00456,Fonte,Fonte ductile,63,116.5,2007,-1014.6,-2219.3,-907.4,-2264.8
LYO00457,Plastique,PVC collé,63,83.7,1964,-1014.6,-2219.3,-1018.2,-2135.7
LYO00458,Fonte,Fonte grise,400,116.1,1930,-1018.2,-2135.7,-908.7,-2097.0
LYO00459,Fonte,Fonte ductile,50,156.0,1985,-1018.2,-2135.7,-1080.8,-1992.8
LYO00460,Fonte,Fonte ductile,125,136.6,1993,-1080.8,-1992.8,-944.6,-1983.2
LYO00461,Fonte,Fonte ductile,250,143.9,1999,-1080.8,-1992.8,-1137.3,-1860.5
LYO00462,Fonte,Fonte grise,80,138.4,1956,-1137.3,-1860.5,-1003.8,-1824.1
LYO00463,Fonte,Fonte ductile,200,132.9,1970,-1137.3,-1860.5,-1145.7,-1727.9
LYO00464,Fonte,Fonte grise,100,190.6,1932,-1145.7,-1727.9,-962.1,-1676.8
LYO00465,Fonte,Fonte ductile,125,180.3,1970,-1145.7,-1727.9,-1132.6,-1548.1
LYO00466,Fonte,Fonte grise,100,133.5,1952,-1132.6,-1548.1,-999.1,-1547.5
LYO00467,Acier,Acier,150,128.5,1950,-1132.6,-1548.1,-1167.2,-1424.3
LYO00468,Fonte,Fonte ductile,100,107.7,1972,-1167.2,-1424.3,-1169.5,-1316.7
LYO00469,Ciment,Amiante-ciment,100,169.6,1955,-1169.5,-1316.7,-1024.4,-1228.7
LYO00470,Fonte,Fonte grise,80,192.5,1939,-1169.5,-1316.7,-1215.6,-1129.8
LYO00471,Fonte,Fonte grise,63,161.0,1949,-1215.6,-1129.8,-1055.7,-1148.9
LYO00472,Fonte,Fonte grise,125,170.0,1930,-1215.6,-1129.8,-1202.0,-960.4
LYO00473,Ciment,Amiante-ciment,250,143.2,1980,-1202.0,-960.4,-1066.0,-1005.4
LYO00474,Plastique,PVC,600,119.4,1980,-1202.0,-960.4,-1238.2,-846.7
LYO00475,Plastique,PVC collé,80,154.2,1960,-1238.2,-846.7,-1087.8,-880.5
LYO00476,Fonte,Fonte ductile,125,144.0,1970,-1238.2,-846.7,-1299.4,-716.4
LYO00477,Fonte,Fonte ductile,125,145.7,1973,-1299.4,-716.4,-1160.4,-759.9
LYO00478,Plastique,PVC,80,88.4,1980,-1299.4,-716.4,-1264.1,-635.3
LYO00479,Plastique,PEHD,80,164.8,1995,-1264.1,-635.3,-1107.4,-584.4
LYO00480,Fonte,Fonte ductile,200,145.3,1990,-1264.1,-635.3,-1295.4,-493.4
LYO00481,Fonte,Fonte ductile,150,126.5,1970,-1295.4,-493.4,-1313.2,-368.2
LYO00482,Fonte,Fonte ductile,150,147.9,1981,-1313.2,-368.2,-1184.7,-295.0
LYO00483,Fonte,Fonte ductile,100,171.9,1983,-1313.2,-368.2,-1315.5,-196.2
LYO00484,Fonte,Fonte ductile,500,141.2,1974,-1315.5,-196.2,-1363.1,-63.3
LYO00485,Plastique,PVC,600,180.7,1997,-1363.1,-63.3,-1182.6,-54.0
LYO00486,Fonte,Fonte grise,400,114.4,1941,-1363.1,-63.3,-1386.0,48.7
LYO00487,Plastique,PEHD,125,153.8,1995,-1386.0,48.7,-1250.4,121.2
LYO00488,Fonte,Fonte grise,250,161.4,1969,-1386.0,48.7,-1343.4,204.3
LYO00489,Acier,Acier,40,115.4,1950,-1343.4,204.3,-1242.2,260.0
LYO00490,Acier,Acier,80,145.1,1950,-1343.4,204.3,-1376.5,345.6
LYO00491,Fonte,Fonte grise,100,115.9,1944,-1376.5,345.6,-1272.8,397.5
LYO00492,Plastique,PVC,80,190.9,1991,-1376.5,345.6,-1414.5,532.7
LYO00493,Fonte,Fonte ductile,80,123.8,2010,-1414.5,532.7,-1299.2,487.5
LYO00494,Plastique,PVC,100,146.0,1984,-1414.5,532.7,-1473.3,666.4
LYO00495,Fonte,Fonte ductile,250,182.7,2003,-1473.3,666.4,-1295.5,624.2
LYO00496,Fonte,Fonte ductile,250,125.6,1998,-1473.3,666.4,-1447.0,789.2
LYO00497,Plastique,PVC collé,100,63.7,1974,-1447.0,789.2,-1387.2,811.2
LYO00498,Fonte,Fonte grise,63,119.2,1936,-1447.0,789.2,-1493.4,899.0
LYO00499,Plastique,PVC collé,100,171.6,1960,-1493.4,899.0,-1336.6,968.6
LYO00500,Fonte,Fonte ductile,250,159.4,1983,-1493.4,899.0,-1481.9,1058.0
LYO00501,Plastique,PVC,150,108.7,1980,-1481.9,1058.0,-1379.4,1094.1
LYO00502,Fonte,Fonte ductile,40,154.7,1992,-1481.9,1058.0,-1517.8,1208.5
LYO00503,Fonte,Fonte ductile,80,86.8,1984,-1517.8,1208.5,-1437.0,1240.3
LYO00504,Fonte,Fonte grise,125,104.2,1965,-1517.8,1208.5,-1554.6,1306.0
LYO00505,Plastique,PVC,150,173.0,1980,-1554.6,1306.0,-1382.6,1325.1
LYO00506,Plastique,PVC,150,168.5,1980,-1554.6,1306.0,-1555.1,1474.5
LYO00507,Plastique,PEHD,50,78.1,2000,-1555.1,1474.5,-1478.0,1487.6
LYO00508,Fonte,Fonte grise,250,116.8,1950,-1553.5,1612.4,-1442.1,1577.4
LYO00509,Fonte,Fonte ductile,50,111.7,2001,-1553.5,1612.4,-1626.5,1697.0
LYO00510,Plastique,PVC collé,200,134.5,1985,-1626.5,1697.0,-1493.0,1713.2
LYO00511,Plastique,PVC,100,209.2,1980,-1626.5,1697.0,-1669.6,1901.6
LYO00512,Plastique,PVC collé,100,176.9,1960,-1669.6,1901.6,-1498.0,1858.8
LYO00513,Fonte,Fonte ductile,150,56.3,2003,-1669.6,1901.6,-1653.5,1955.6
LYO00514,Fonte,Fonte grise,100,150.5,1956,-1653.5,1955.6,-1530.2,2041.9
LYO00515,Fonte,Fonte ductile,400,139.9,1970,-875.2,-2357.7,-735.4,-2356.0
LYO00516,Fonte,Fonte ductile,100,98.3,1983,-875.2,-2357.7,-907.4,-2264.8
LYO00517,Acier,Acier,40,155.6,1955,-907.4,-2264.8,-795.4,-2156.7
LYO00518,Fonte,Fonte ductile,80,167.8,2007,-907.4,-2264.8,-908.7,-2097.0
LYO00519,Fonte,Fonte grise,200,105.1,1950,-908.7,-2097.0,-811.7,-2056.6
LYO00520,Plastique,PEHD,100,119.3,1995,-908.7,-2097.0,-944.6,-1983.2
LYO00521,Fonte,Fonte grise,250,169.8,1962,-944.6,-1983.2,-1003.8,-1824.1
LYO00522,Plastique,PEHD,200,179.9,2003,-1003.8,-1824.1,-824.1,-1816.5
LYO00523,Acier,Acier,100,153.1,1990,-1003.8,-1824.1,-962.1,-1676.8
LYO00524,Plastique,PVC collé,40,127.4,1960,-962.1,-1676.8,-844.5,-1627.5
LYO00525,Fonte,Fonte grise,80,134.5,1931,-962.1,-1676.8,-999.1,-1547.5
LYO00526,Fonte,Fonte ductile,250,141.3,1994,-999.1,-1547.5,-858.4,-1534.8
LYO00527,Fonte,Fonte grise,400,150.9,1930,-999.1,-1547.5,-1017.5,-1397.7
LYO00528,Fonte,Fonte grise,125,94.2,1933,-1017.5,-1397.7,-926.3,-1421.3
LYO00529,Plastique,PEHD,200,169.2,1995,-1017.5,-1397.7,-1024.4,-1228.7
LYO00530,Acier,Acier,80,68.6,1950,-1024.4,-1228.7,-962.4,-1257.9
LYO00531,Plastique,PVC,250,85.8,1980,-1024.4,-1228.7,-1055.7,-1148.9
LYO00532,Fonte,Fonte ductile,63,147.7,1970,-1055.7,-1148.9,-932.5,-1067.6
LYO00533,Fonte,Fonte grise,200,143.8,1930,-1055.7,-1148.9,-1066.0,-1005.4
LYO00534,Ciment,Amiante-ciment,200,89.8,1960,-1066.0,-1005.4,-980.8,-977.1
LYO00535,Fonte,Fonte grise,250,126.8,1975,-1066.0,-1005.4,-1087.8,-880.5
LYO00536,Acier,Acier,100,108.4,1990,-1087.8,-880.5,-1007.6,-807.5
LYO00537,Fonte,Fonte grise,100,151.5,1975,-1160.4,-759.9,-1033.9,-676.6
LYO00538,Acier,Acier,32,183.3,1964,-1160.4,-759.9,-1107.4,-584.4
LYO00539,Acier,Acier,125,87.8,1950,-1107.4,-584.4,-1023.3,-559.5
LYO00540,Plastique,PEHD,200,117.7,1995,-1164.5,-464.5,-1061.5,-407.7
LYO00541,Fonte,Fonte grise,63,170.8,1936,-1164.5,-464.5,-1184.7,-295.0
LYO00542,Fonte,Fonte ductile,125,164.7,1986,-1184.7,-295.0,-1021.6,-271.3
LYO00543,Plastique,PVC collé,125,149.1,1960,-1184.7,-295.0,-1218.4,-149.8
LYO00544,Fonte,Fonte ductile,125,100.0,1976,-1218.4,-149.8,-1118.6,-154.0
LYO00545,Plastique,PVC collé,150,102.3,1960,-1218.4,-149.8,-1182.6,-54.0
LYO00546,Fonte,Fonte ductile,250,77.3,1983,-1182.6,-54.0,-1107.9,-34.5
LYO00547,Plastique,PVC collé,100,187.8,1960,-1182.6,-54.0,-1250.4,121.2
LYO00548,Fonte,Fonte ductile,200,147.3,1995,-1250.4,121.2,-1109.0,162.5
LYO00549,Fonte,Fonte ductile,63,139.0,1970,-1250.4,121.2,-1242.2,260.0
LYO00550,Fonte,Fonte ductile,80,123.5,1970,-1242.2,260.0,-1124.4,223.1
LYO00551,Fonte,Fonte ductile,100,140.9,2002,-1242.2,260.0,-1272.8,397.5
LYO00552,Plastique,PEHD,100,169.3,1995,-1272.8,397.5,-1107.7,360.0
LYO00553,Fonte,Fonte grise,200,93.7,1940,-1272.8,397.5,-1299.2,487.5
LYO00554,Fonte,Fonte grise,100,138.1,1930,-1299.2,487.5,-1161.5,498.7
LYO00555,Plastique,PVC,50,136.8,1980,-1299.2,487.5,-1295.5,624.2
LYO00556,Fonte,Fonte ductile,100,208.2,1972,-1295.5,624.2,-1387.2,811.2
LYO00557,Plastique,PVC,125,164.5,1980,-1387.2,811.2,-1224.8,785.0
LYO00558,Fonte,Fonte grise,200,165.3,1930,-1387.2,811.2,-1336.6,968.6
LYO00559,Plastique,PVC collé,50,95.4,1985,-1336.6,968.6,-1244.6,943.6
LYO00560,Plastique,PVC,150,132.6,1980,-1336.6,968.6,-1379.4,1094.1
LYO00561,Fonte,Fonte grise,250,120.1,1930,-1379.4,1094.1,-1264.9,1057.8
LYO00562,Fonte,Fonte ductile,400,157.2,1971,-1379.4,1094.1,-1437.0,1240.3
LYO00563,Acier,Acier,150,152.2,1950,-1437.0,1240.3,-1301.3,1171.3
LYO00564,Plastique,PVC collé,150,100.8,1963,-1382.6,1325.1,-1307.2,1392.0
LYO00565,Fonte,Fonte ductile,125,188.4,1978,-1382.6,1325.1,-1478.0,1487.6
LYO00566,Fonte,Fonte ductile,250,96.7,1970,-1478.0,1487.6,-1442.1,1577.4
LYO00567,Fonte,Fonte ductile,125,123.0,1987,-1442.1,1577.4,-1347.7,1656.3
LYO00568,Plastique,PVC,150,145.1,1980,-1442.1,1577.4,-1493.0,1713.2
LYO00569,Fonte,Fonte grise,125,145.7,1949,-1493.0,1713.2,-1498.0,1858.8
LYO00570,Acier,Acier,50,138.0,1972,-1498.0,1858.8,-1385.8,1939.2
LYO00571,Plastique,PVC collé,125,185.8,1985,-1498.0,1858.8,-1530.2,2041.9
LYO00572,Fonte,Fonte ductile,100,185.5,2015,-1530.2,2041.9,-1351.3,1992.5
LYO00573,Plastique,PEHD,200,130.1,1995,-735.4,-2356.0,-631.2,-2278.1
LYO00574,Fonte,Fonte ductile,150,208.1,1984,-735.4,-2356.0,-795.4,-2156.7
LYO00575,Plastique,PVC collé,50,141.3,1960,-795.4,-2156.7,-654.2,-2160.6
LYO00576,Fonte,Fonte ductile,150,101.4,1970,-795.4,-2156.7,-811.7,-2056.6
LYO00577,Plastique,PVC,125,156.3,1982,-811.7,-2056.6,-655.6,-2050.6
LYO00578,Fonte,Fonte ductile,50,107.6,1997,-811.7,-2056.6,-854.2,-1957.7
LYO00579,Fonte,Fonte grise,150,121.2,1955,-854.2,-1957.7,-743.0,-1909.7
LYO00580,Fonte,Fonte ductile,150,144.4,1980,-854.2,-1957.7,-824.1,-1816.5
LYO00581,Plastique,PVC,200,125.3,1985,-824.1,-1816.5,-714.7,-1755.5
LYO00582,Plastique,PVC,100,190.1,1980,-824.1,-1816.5,-844.5,-1627.5
LYO00583,Plastique,PVC,63,124.7,1980,-858.4,-1534.8,-761.7,-1456.1
LYO00584,Plastique,PVC,63,132.3,1980,-858.4,-1534.8,-926.3,-1421.3
LYO00585,Acier,Acier,200,155.7,1950,-926.3,-1421.3,-771.2,-1408.1
LYO00586,Fonte,Fonte ductile,250,167.2,1975,-926.3,-1421.3,-962.4,-1257.9
LYO00587,Fonte,Fonte grise,200,167.5,1934,-962.4,-1257.9,-795.0,-1249.7
LYO00588,Ciment,Amiante-ciment,200,192.7,1960,-962.4,-1257.9,-932.5,-1067.6
LYO00589,Fonte,Fonte grise,125,156.9,1975,-932.5,-1067.6,-776.3,-1052.6
LYO00590,Fonte,Fonte ductile,125,102.6,1985,-932.5,-1067.6,-980.8,-977.1
LYO00591,Fonte,Fonte ductile,300,125.8,2001,-980.8,-977.1,-860.8,-939.6
LYO00592,Plastique,PEHD,100,171.6,2023,-980.8,-977.1,-1007.6,-807.5
LYO00593,Fonte,Fonte grise,100,133.6,1937,-1007.6,-807.5,-1033.9,-676.6
LYO00594,Fonte,Fonte grise,200,176.6,1962,-1033.9,-676.6,-857.4,-683.4
LYO00595,Fonte,Fonte ductile,150,117.6,1983,-1033.9,-676.6,-1023.3,-559.5
LYO00596,Ciment,Amiante-ciment,200,180.3,1955,-1023.3,-559.5,-855.1,-494.7
LYO00597,Fonte,Fonte ductile,125,156.5,1987,-1023.3,-559.5,-1061.5,-407.7
LYO00598,Plastique,PEHD,125,140.0,2008,-1061.5,-407.7,-921.9,-395.8
LYO00599,Fonte,Fonte ductile,150,142.1,1974,-1061.5,-407.7,-1021.6,-271.3
LYO00600,Fonte,Fonte grise,250,106.0,1930,-1021.6,-271.3,-917.9,-249.5
LYO00601,Fonte,Fonte ductile,80,152.2,1979,-1021.6,-271.3,-1118.6,-154.0
LYO00602,Plastique,PVC,250,185.6,1980,-1118.6,-154.0,-933.1,-160.4
LYO00603,Acier,Acier,80,142.7,1950,-1107.9,-34.5,-965.2,-38.6
LYO00604,Plastique,PVC collé,50,197.0,1984,-1107.9,-34.5,-1109.0,162.5
LYO00605,Fonte,Fonte ductile,200,125.8,1970,-1109.0,162.5,-983.5,172.5
LYO00606,Plastique,PVC,125,62.6,1980,-1109.0,162.5,-1124.4,223.1
LYO00607,Fonte,Fonte ductile,150,107.0,1987,-1124.4,223.1,-1032.2,277.5
LYO00608,Plastique,PVC collé,100,137.9,1960,-1124.4,223.1,-1107.7,360.0
LYO00609,Fonte,Fonte ductile,400,122.7,1970,-1107.7,360.0,-1011.1,435.6
LYO00610,Plastique,PVC,150,114.7,1980,-1161.5,498.7,-1075.5,574.4
LYO00611,Plastique,PVC,125,139.7,1980,-1161.5,498.7,-1180.3,637.1
LYO00612,Fonte,Fonte ductile,250,151.1,1970,-1180.3,637.1,-1035.9,682.1
LYO00613,Plastique,PEHD,200,154.5,1995,-1180.3,637.1,-1224.8,785.0
LYO00614,Fonte,Fonte grise,600,159.8,1970,-1224.8,785.0,-1244.6,943.6
LYO00615,Fonte,Fonte ductile,250,170.1,1982,-1244.6,943.6,-1081.7,992.8
LYO00616,Plastique,PVC collé,125,144.4,1960,-1264.9,1057.8,-1120.6,1053.0
LYO00617,Plastique,PVC,100,119.2,1980,-1264.9,1057.8,-1301.3,1171.3
LYO00618,Plastique,PVC collé,200,162.2,1975,-1301.3,1171.3,-1140.4,1191.7
LYO00619,Plastique,PVC,80,220.8,1982,-1301.3,1171.3,-1307.2,1392.0
LYO00620,Fonte,Fonte grise,63,193.5,1930,-1307.2,1392.0,-1124.4,1328.6
LYO00621,Plastique,PVC collé,63,139.5,1960,-1307.2,1392.0,-1349.4,1525.0
LYO00622,Plastique,PVC collé,50,150.7,1985,-1347.7,1656.3,-1198.4,1635.8
LYO00623,Plastique,PVC collé,80,82.2,1960,-1312.6,1751.3,-1237.7,1785.2
LYO00624,Plastique,PVC,80,152.2,1995,-1385.8,1939.2,-1235.4,1963.1
LYO00625,Fonte,Fonte ductile,250,63.5,1997,-1385.8,1939.2,-1351.3,1992.5
LYO00626,Fonte,Fonte ductile,200,86.5,2001,-1351.3,1992.5,-1288.3,2051.7
LYO00627,Fonte,Fonte ductile,400,129.3,2002,-631.2,-2278.1,-501.9,-2277.1
LYO00628,Fonte,Fonte grise,200,119.7,1975,-631.2,-2278.1,-654.2,-2160.6
LYO00629,Acier,Acier,32,167.6,1971,-654.2,-2160.6,-488.4,-2185.2
LYO00630,Plastique,PVC collé,50,110.1,1960,-654.2,-2160.6,-655.6,-2050.6
LYO00631,Fonte,Fonte ductile,250,85.6,1977,-655.6,-2050.6,-576.2,-2018.8
LYO00632,Fonte,Fonte grise,500,165.8,1930,-655.6,-2050.6,-743.0,-1909.7
LYO00633,Fonte,Fonte grise,200,145.1,1930,-743.0,-1909.7,-607.8,-1857.0
LYO00634,Fonte,Fonte ductile,100,156.8,1979,-743.0,-1909.7,-714.7,-1755.5
LYO00635,Fonte,Fonte ductile,200,117.2,1981,-714.7,-1755.5,-601.1,-1726.5
LYO00636,Plastique,PVC collé,150,117.8,1960,-714.7,-1755.5,-744.3,-1641.4
LYO00637,Fonte,Fonte ductile,100,118.1,1990,-744.3,-1641.4,-636.1,-1594.2
LYO00638,Plastique,PVC collé,80,186.1,1960,-744.3,-1641.4,-761.7,-1456.1
LYO00639,Fonte,Fonte ductile,80,167.9,1986,-761.7,-1456.1,-599.0,-1497.5
LYO00640,Fonte,Fonte ductile,63,49.0,1970,-761.7,-1456.1,-771.2,-1408.1
LYO00641,Fonte,Fonte ductile,200,94.8,1970,-771.2,-1408.1,-693.9,-1353.3
LYO00642,Fonte,Fonte ductile,40,160.2,1970,-771.2,-1408.1,-795.0,-1249.7
LYO00643,Fonte,Fonte ductile,32,99.6,2009,-795.0,-1249.7,-702.9,-1211.7
LYO00644,Fonte,Fonte ductile,40,197.9,1984,-795.0,-1249.7,-776.3,-1052.6
LYO00645,Fonte,Fonte ductile,500,92.4,1980,-776.3,-1052.6,-688.2,-1080.6
LYO00646,Plastique,PVC collé,125,141.1,1960,-776.3,-1052.6,-860.8,-939.6
LYO00647,Plastique,PEHD,125,136.3,2008,-860.8,-939.6,-728.4,-972.2
LYO00648,Fonte,Fonte ductile,150,156.6,1975,-860.8,-939.6,-858.6,-783.0
LYO00649,Fonte,Fonte ductile,125,167.3,1989,-858.6,-783.0,-691.8,-769.9
LYO00650,Plastique,PEHD,100,99.7,1995,-858.6,-783.0,-857.4,-683.4
LYO00651,Fonte,Fonte ductile,125,81.3,1970,-857.4,-683.4,-776.4,-689.9
LYO00652,Fonte,Fonte ductile,100,188.7,1970,-857.4,-683.4,-855.1,-494.7
LYO00653,Fonte,Fonte grise,125,100.7,1943,-855.1,-494.7,-798.7,-578.1
LYO00654,Fonte,Fonte ductile,250,119.4,1975,-855.1,-494.7,-921.9,-395.8
LYO00655,Plastique,PEHD,150,111.3,1995,-921.9,-395.8,-812.5,-416.1
LYO00656,Fonte,Fonte ductile,100,146.4,1976,-921.9,-395.8,-917.9,-249.5
LYO00657,Fonte,Fonte ductile,250,162.9,1972,-917.9,-249.5,-760.9,-293.2
LYO00658,Fonte,Fonte ductile,200,90.3,1970,-917.9,-249.5,-933.1,-160.4
LYO00659,Fonte,Fonte ductile,150,137.1,1970,-933.1,-160.4,-796.3,-150.6
LYO00660,Ciment,Amiante-ciment,125,126.0,1967,-933.1,-160.4,-965.2,-38.6
LYO00661,Plastique,PEHD,40,132.5,1995,-965.2,-38.6,-860.6,42.7
LYO00662,Fonte,Fonte grise,150,211.9,1930,-965.2,-38.6,-983.5,172.5
LYO00663,Plastique,PVC collé,400,137.1,1960,-983.5,172.5,-847.6,154.9
LYO00664,Plastique,PEHD,80,115.8,2007,-983.5,172.5,-1032.2,277.5
LYO00665,Fonte,Fonte ductile,80,150.6,1978,-1032.2,277.5,-884.1,305.1
LYO00666,Fonte,Fonte grise,300,159.5,1930,-1032.2,277.5,-1011.1,435.6
LYO00667,Fonte,Fonte ductile,125,81.6,2008,-1011.1,435.6,-929.5,438.7
LYO00668,Fonte,Fonte grise,150,153.0,1953,-1011.1,435.6,-1075.5,574.4
LYO00669,Fonte,Fonte ductile,150,153.5,1977,-1075.5,574.4,-923.7,551.3
LYO00670,Plastique,PVC collé,200,114.7,1960,-1075.5,574.4,-1035.9,682.1
LYO00671,Acier,Acier,50,114.9,1950,-1035.9,682.1,-942.6,749.0
LYO00672,Fonte,Fonte ductile,600,172.5,1985,-1035.9,682.1,-1066.5,851.9
LYO00673,Plastique,PEHD,80,77.1,2024,-1066.5,851.9,-991.2,868.4
LYO00674,Plastique,PVC collé,100,141.7,1981,-1066.5,851.9,-1081.7,992.8
LYO00675,Fonte,Fonte ductile,300,56.4,1980,-1081.7,992.8,-1026.2,1002.7
LYO00676,Plastique,PEHD,250,71.7,1996,-1081.7,992.8,-1120.6,1053.0
LYO00677,Plastique,PVC,150,140.2,1986,-1120.6,1053.0,-1140.4,1191.7
LYO00678,Fonte,Fonte grise,80,166.5,1954,-1140.4,1191.7,-979.6,1234.9
LYO00679,Plastique,PVC collé,150,137.8,1965,-1140.4,1191.7,-1124.4,1328.6
LYO00680,Plastique,PVC,150,201.3,1980,-1124.4,1328.6,-1202.9,1513.9
LYO00681,Fonte,Fonte grise,250,115.8,1930,-1202.9,1513.9,-1089.1,1492.5
LYO00682,Plastique,PEHD,200,122.0,2001,-1202.9,1513.9,-1198.4,1635.8
LYO00683,Plastique,PVC,250,136.3,1985,-1198.4,1635.8,-1062.2,1630.4
LYO00684,Plastique,PVC,100,154.5,1980,-1198.4,1635.8,-1237.7,1785.2
LYO00685,Plastique,PEHD,500,119.2,1995,-1237.7,1785.2,-1120.2,1805.5
LYO00686,Plastique,PVC,400,178.0,1980,-1237.7,1785.2,-1235.4,1963.1
LYO00687,Plastique,PEHD,200,103.9,1997,-1235.4,1963.1,-1141.9,1917.9
LYO00688,Plastique,PVC collé,200,103.2,1971,-1235.4,1963.1,-1288.3,2051.7
LYO00689,Plastique,PEHD,63,127.8,1995,-1288.3,2051.7,-1167.7,2094.2
LYO00690,Fonte,Fonte grise,63,84.2,1945,-501.9,-2277.1,-417.9,-2282.5
LYO00691,Fonte,Fonte ductile,150,92.9,1986,-501.9,-2277.1,-488.4,-2185.2
LYO00692,Fonte,Fonte grise,150,124.5,1935,-488.4,-2185.2,-368.5,-2152.0
LYO00693,Fonte,Fonte ductile,200,164.9,1970,-576.2,-2018.8,-412.8,-2041.0
LYO00694,Fonte,Fonte grise,100,164.8,1945,-576.2,-2018.8,-607.8,-1857.0
LYO00695,Fonte,Fonte grise,80,197.1,1943,-607.8,-1857.0,-410.6,-1858.6
LYO00696,Fonte,Fonte ductile,200,130.7,1986,-607.8,-1857.0,-601.1,-1726.5
LYO00697,Fonte,Fonte ductile,150,146.5,1987,-601.1,-1726.5,-456.2,-1748.0
LYO00698,Plastique,PVC,250,136.9,1987,-601.1,-1726.5,-636.1,-1594.2
LYO00699,Plastique,PEHD,80,135.9,1995,-636.1,-1594.2,-500.5,-1603.5
LYO00700,Plastique,PEHD,250,103.6,2001,-636.1,-1594.2,-599.0,-1497.5
LYO00701,Ciment,Amiante-ciment,250,78.1,1955,-599.0,-1497.5,-528.9,-1463.1
LYO00702,Plastique,PEHD,200,172.6,1995,-599.0,-1497.5,-693.9,-1353.3
LYO00703,Plastique,PVC,250,199.7,1980,-693.9,-1353.3,-494.5,-1364.8
LYO00704,Fonte,Fonte ductile,80,141.8,1987,-693.9,-1353.3,-702.9,-1211.7
LYO00705,Plastique,PVC collé,200,150.0,1960,-702.9,-1211.7,-553.3,-1201.9
LYO00706,Fonte,Fonte grise,80,132.0,1957,-702.9,-1211.7,-688.2,-1080.6
LYO00707,Fonte,Fonte ductile,300,115.6,1970,-688.2,-1080.6,-728.4,-972.2
LYO00708,Plastique,PVC,32,147.3,1980,-728.4,-972.2,-601.5,-897.4
LYO00709,Fonte,Fonte ductile,400,205.5,1970,-728.4,-972.2,-691.8,-769.9
LYO00710,Plastique,PEHD,125,95.3,2013,-691.8,-769.9,-596.5,-766.5
LYO00711,Fonte,Fonte ductile,200,116.5,1995,-691.8,-769.9,-776.4,-689.9
LYO00712,Fonte,Fonte grise,600,202.5,1930,-776.4,-689.9,-598.5,-593.3
LYO00713,Plastique,PVC,80,114.0,1984,-776.4,-689.9,-798.7,-578.1
LYO00714,Fonte,Fonte ductile,600,168.4,2007,-798.7,-578.1,-649.5,-500.2
LYO00715,Fonte,Fonte grise,32,162.6,1935,-798.7,-578.1,-812.5,-416.1
LYO00716,Plastique,PEHD,32,178.9,1995,-812.5,-416.1,-634.3,-399.7
LYO00717,Fonte,Fonte ductile,63,133.3,1970,-812.5,-416.1,-760.9,-293.2
LYO00718,Fonte,Fonte ductile,100,102.0,1970,-760.9,-293.2,-708.6,-205.6
LYO00719,Fonte,Fonte grise,80,146.9,1930,-760.9,-293.2,-796.3,-150.6
LYO00720,Fonte,Fonte ductile,300,203.7,1970,-796.3,-150.6,-860.6,42.7
LYO00721,Fonte,Fonte grise,200,168.2,1930,-860.6,42.7,-694.7,15.3
LYO00722,Plastique,PVC collé,250,113.0,1960,-860.6,42.7,-847.6,154.9
LYO00723,Fonte,Fonte ductile,300,154.5,2001,-847.6,154.9,-884.1,305.1
LYO00724,Fonte,Fonte ductile,80,176.8,1994,-884.1,305.1,-710.0,274.3
LYO00725,Plastique,PVC collé,300,201.6,1960,-929.5,438.7,-729.5,413.7
LYO00726,Plastique,PVC,100,112.7,1986,-929.5,438.7,-923.7,551.3
LYO00727,Fonte,Fonte ductile,150,198.6,1979,-923.7,551.3,-942.6,749.0
LYO00728,Acier,Acier,200,128.9,1990,-942.6,749.0,-991.2,868.4
LYO00729,Fonte,Fonte grise,100,132.4,1930,-991.2,868.4,-868.3,819.1
LYO00730,Acier,Acier,32,138.8,1954,-991.2,868.4,-1026.2,1002.7
LYO00731,Plastique,PVC collé,40,185.7,1960,-1026.2,1002.7,-840.6,994.6
LYO00732,Plastique,PVC,300,150.6,1985,-1026.2,1002.7,-1025.0,1153.4
LYO00733,Fonte,Fonte ductile,32,170.1,1983,-1025.0,1153.4,-865.0,1095.6
LYO00734,Fonte,Fonte grise,100,93.3,1961,-1025.0,1153.4,-979.6,1234.9
LYO00735,Plastique,PVC,80,93.8,1980,-979.6,1234.9,-885.9,1237.8
LYO00736,Fonte,Fonte grise,250,159.2,1946,-1039.5,1433.6,-883.6,1401.4
LYO00737,Fonte,Fonte ductile,250,77.1,2003,-1039.5,1433.6,-1089.1,1492.5
LYO00738,Ciment,Amiante-ciment,400,183.2,1966,-1089.1,1492.5,-906.2,1501.6
LYO00739,Fonte,Fonte ductile,50,140.5,1987,-1089.1,1492.5,-1062.2,1630.4
LYO00740,Plastique,PEHD,100,169.0,1995,-1062.2,1630.4,-911.6,1707.0
LYO00741,Fonte,Fonte ductile,100,184.5,1978,-1062.2,1630.4,-1120.2,1805.5
LYO00742,Fonte,Fonte ductile,250,151.4,1974,-1141.9,1917.9,-995.0,1954.6
LYO00743,Ciment,Amiante-ciment,100,199.2,1959,-1167.7,2094.2,-972.2,2056.2
LYO00744,Plastique,PVC collé,200,195.1,1964,-417.9,-2282.5,-222.9,-2291.2
LYO00745,Fonte,Fonte ductile,125,64.2,1984,-368.5,-2152.0,-305.7,-2165.8
LYO00746,Plastique,PEHD,250,119.5,2013,-368.5,-2152.0,-412.8,-2041.0
LYO00747,Fonte,Fonte grise,80,81.1,1953,-412.8,-2041.0,-336.8,-2012.7
LYO00748,Fonte,Fonte ductile,150,182.5,2000,-412.8,-2041.0,-410.6,-1858.6
LYO00749,Fonte,Fonte grise,200,78.5,1933,-410.6,-1858.6,-335.7,-1835.2
LYO00750,Fonte,Fonte ductile,600,119.6,1982,-410.6,-1858.6,-456.2,-1748.0
LYO00751,Plastique,PVC collé,100,135.7,1960,-456.2,-1748.0,-320.5,-1751.1
LYO00752,Fonte,Fonte grise,250,106.1,1931,-500.5,-1603.5,-394.5,-1601.4
LYO00753,Fonte,Fonte grise,200,193.7,1965,-528.9,-1463.1,-336.5,-1440.8
LYO00754,Plastique,PVC,125,104.1,1980,-528.9,-1463.1,-494.5,-1364.8
LYO00755,Plastique,PVC,100,100.1,2014,-494.5,-1364.8,-433.5,-1285.4
LYO00756,Plastique,PVC collé,400,173.2,1965,-494.5,-1364.8,-553.3,-1201.9
LYO00757,Fonte,Fonte grise,150,152.3,1932,-553.3,-1201.9,-402.0,-1184.8
LYO00758,Plastique,PVC collé,150,151.4,1960,-553.3,-1201.9,-588.5,-1054.6
LYO00759,Plastique,PEHD,125,149.5,1995,-588.5,-1054.6,-439.4,-1044.6
LYO00760,Plastique,PVC,200,157.8,1980,-588.5,-1054.6,-601.5,-897.4
LYO00761,Fonte,Fonte ductile,500,125.5,1987,-601.5,-897.4,-480.9,-932.1
LYO00762,Plastique,PVC,600,131.0,1985,-601.5,-897.4,-596.5,-766.5
LYO00763,Plastique,PEHD,125,150.6,1995,-596.5,-766.5,-446.3,-756.4
LYO00764,Fonte,Fonte ductile,32,173.3,1970,-596.5,-766.5,-598.5,-593.3
LYO00765,Fonte,Fonte ductile,250,144.1,1985,-598.5,-593.3,-458.0,-625.3
LYO00766,Fonte,Fonte ductile,600,106.1,1995,-598.5,-593.3,-649.5,-500.2
LYO00767,Fonte,Fonte ductile,80,101.7,1970,-649.5,-500.2,-634.3,-399.7
LYO00768,Plastique,PVC,250,99.2,1980,-634.3,-399.7,-563.5,-330.1
LYO00769,Plastique,PVC,150,65.2,1980,-708.6,-205.6,-726.4,-142.9
LYO00770,Plastique,PVC collé,600,135.3,1960,-726.4,-142.9,-595.8,-107.7
LYO00771,Acier,Acier,100,86.6,1970,-694.7,15.3,-608.1,14.8
LYO00772,Fonte,Fonte grise,125,142.6,1930,-694.7,15.3,-710.2,157.0
LYO00773,Plastique,PVC collé,32,117.3,1960,-710.2,157.0,-710.0,274.3
LYO00774,Plastique,PEHD,150,119.2,2001,-710.0,274.3,-596.7,311.6
LYO00775,Fonte,Fonte ductile,250,151.7,1972,-729.5,413.7,-615.1,513.3
LYO00776,Fonte,Fonte ductile,50,168.0,1991,-729.5,413.7,-814.3,558.6
LYO00777,Plastique,PVC,80,155.0,1985,-814.3,558.6,-670.9,617.3
LYO00778,Fonte,Fonte ductile,50,175.9,1978,-814.3,558.6,-821.7,734.4
LYO00779,Fonte,Fonte ductile,80,139.2,1971,-821.7,734.4,-684.1,755.9
LYO00780,Plastique,PEHD,600,96.7,1995,-821.7,734.4,-868.3,819.1
LYO00781,Fonte,Fonte ductile,125,213.1,1970,-868.3,819.1,-678.5,915.7
LYO00782,Plastique,PEHD,63,177.6,1995,-868.3,819.1,-840.6,994.6
LYO00783,Fonte,Fonte ductile,150,167.1,1978,-840.6,994.6,-675.1,971.9
LYO00784,Plastique,PVC,80,151.5,1980,-865.0,1095.6,-731.4,1167.2
LYO00785,Plastique,PVC,125,143.7,2000,-865.0,1095.6,-885.9,1237.8
LYO00786,Fonte,Fonte grise,80,111.6,1950,-885.9,1237.8,-774.4,1242.9
LYO00787,Fonte,Fonte ductile,200,163.7,1970,-885.9,1237.8,-883.6,1401.4
LYO00788,Plastique,PVC,200,91.1,1996,-883.6,1401.4,-802.4,1442.7
LYO00789,Fonte,Fonte ductile,200,102.7,1974,-883.6,1401.4,-906.2,1501.6
LYO00790,Fonte,Fonte ductile,250,142.9,1983,-906.2,1501.6,-793.7,1589.7
LYO00791,Fonte,Fonte ductile,250,205.5,1970,-906.2,1501.6,-911.6,1707.0
LYO00792,Fonte,Fonte grise,100,108.4,1930,-911.6,1707.0,-995.8,1775.4
LYO00793,Acier,Acier,125,179.1,1950,-995.8,1775.4,-995.0,1954.6
LYO00794,Plastique,PEHD,300,104.1,2009,-995.0,1954.6,-972.2,2056.2
LYO00795,Plastique,PVC,250,65.6,1980,-972.2,2056.2,-910.9,2079.4
LYO00796,Plastique,PEHD,200,56.1,1995,-222.9,-2291.2,-171.1,-2269.8
LYO00797,Fonte,Fonte ductile,80,150.3,1970,-222.9,-2291.2,-305.7,-2165.8
LYO00798,Plastique,PEHD,600,143.4,1996,-305.7,-2165.8,-163.5,-2146.6
LYO00799,Plastique,PVC,80,189.4,1997,-336.8,-2012.7,-157.9,-1950.5
LYO00800,Plastique,PVC collé,125,177.5,1960,-336.8,-2012.7,-335.7,-1835.2
LYO00801,Fonte,Fonte ductile,80,104.7,2003,-335.7,-1835.2,-236.8,-1801.1
LYO00802,Fonte,Fonte ductile,63,85.5,1990,-335.7,-1835.2,-320.5,-1751.1
LYO00803,Fonte,Fonte ductile,250,112.2,1977,-320.5,-1751.1,-223.0,-1695.5
LYO00804,Plastique,PEHD,80,167.0,1995,-320.5,-1751.1,-394.5,-1601.4
LYO00805,Fonte,Fonte ductile,250,170.8,1970,-394.5,-1601.4,-336.5,-1440.8
LYO00806,Fonte,Fonte ductile,80,53.1,1999,-336.5,-1440.8,-299.6,-1402.6
LYO00807,Fonte,Fonte ductile,150,183.1,1988,-336.5,-1440.8,-433.5,-1285.4
LYO00808,Fonte,Fonte ductile,200,159.3,1970,-433.5,-1285.4,-275.3,-1303.4
LYO00809,Fonte,Fonte ductile,150,105.5,1986,-433.5,-1285.4,-402.0,-1184.8
LYO00810,Plastique,PEHD,200,132.5,1995,-402.0,-1184.8,-272.1,-1158.8
LYO00811,Plastique,PVC collé,500,145.1,1960,-402.0,-1184.8,-439.4,-1044.6
LYO00812,Fonte,Fonte grise,600,160.5,1942,-439.4,-1044.6,-284.8,-1001.1
LYO00813,Plastique,PEHD,500,119.9,1995,-439.4,-1044.6,-480.9,-932.1
LYO00814,Fonte,Fonte ductile,125,184.8,1980,-480.9,-932.1,-318.7,-843.3
LYO00815,Plastique,PEHD,150,179.0,1995,-480.9,-932.1,-446.3,-756.4
LYO00816,Fonte,Fonte grise,200,71.5,1930,-446.3,-756.4,-376.4,-771.6
LYO00817,Plastique,PVC collé,125,131.7,1960,-446.3,-756.4,-458.0,-625.3
LYO00818,Fonte,Fonte ductile,100,109.6,1985,-458.0,-625.3,-352.2,-654.3
LYO00819,Fonte,Fonte grise,100,189.0,1930,-458.0,-625.3,-546.2,-458.2
LYO00820,Fonte,Fonte grise,150,146.0,1939,-546.2,-458.2,-401.9,-435.9
LYO00821,Plastique,PEHD,200,129.2,1995,-546.2,-458.2,-563.5,-330.1
LYO00822,Fonte,Fonte grise,250,175.0,1930,-563.5,-330.1,-388.7,-322.7
LYO00823,Fonte,Fonte grise,150,70.6,1935,-563.5,-330.1,-559.8,-259.7
LYO00824,Plastique,PVC,200,151.2,1980,-559.8,-259.7,-445.4,-160.9
LYO00825,Fonte,Fonte grise,80,156.1,1930,-559.8,-259.7,-595.8,-107.7
LYO00826,Plastique,PEHD,80,123.2,1995,-595.8,-107.7,-608.1,14.8
LYO00827,Fonte,Fonte grise,200,148.1,1930,-608.1,14.8,-463.1,44.8
LYO00828,Fonte,Fonte ductile,200,132.9,1970,-608.1,14.8,-646.7,142.0
LYO00829,Plastique,PVC collé,200,130.5,1960,-646.7,142.0,-518.6,166.6
LYO00830,Fonte,Fonte grise,100,176.8,1930,-646.7,142.0,-596.7,311.6
LYO00831,Fonte,Fonte grise,125,85.4,1941,-596.7,311.6,-540.6,376.0
LYO00832,Plastique,PVC,125,202.5,1980,-596.7,311.6,-615.1,513.3
LYO00833,Plastique,PVC,150,95.9,1980,-615.1,513.3,-519.4,520.1
LYO00834,Plastique,PVC,150,118.0,1980,-615.1,513.3,-670.9,617.3
LYO00835,Plastique,PVC,400,106.9,1980,-670.9,617.3,-565.7,598.3
LYO00836,Fonte,Fonte ductile,100,139.2,1970,-670.9,617.3,-684.1,755.9
LYO00837,Plastique,PVC,200,97.7,1980,-684.1,755.9,-588.6,776.6
LYO00838,Plastique,PVC,200,160.0,1997,-684.1,755.9,-678.5,915.7
LYO00839,Plastique,PEHD,250,139.6,1995,-678.5,915.7,-541.2,941.1
LYO00840,Fonte,Fonte ductile,300,56.3,2013,-678.5,915.7,-675.1,971.9
LYO00841,Plastique,PEHD,80,73.4,1995,-675.1,971.9,-619.5,1019.8
LYO00842,Plastique,PVC,125,203.2,1998,-675.1,971.9,-731.4,1167.2
LYO00843,Fonte,Fonte grise,200,125.0,1948,-731.4,1167.2,-607.8,1185.3
LYO00844,Plastique,PVC collé,125,87.1,1977,-731.4,1167.2,-774.4,1242.9
LYO00845,Plastique,PEHD,400,124.2,1995,-774.4,1242.9,-661.3,1294.3
LYO00846,Fonte,Fonte grise,125,201.7,1933,-774.4,1242.9,-802.4,1442.7
LYO00847,Fonte,Fonte grise,100,176.7,1950,-802.4,1442.7,-630.9,1485.3
LYO00848,Plastique,PEHD,600,147.2,1995,-802.4,1442.7,-793.7,1589.7
LYO00849,Plastique,PVC,50,130.0,1980,-793.7,1589.7,-671.6,1545.1
LYO00850,Acier,Acier,80,86.6,1955,-793.7,1589.7,-775.5,1674.3
LYO00851,Plastique,PVC collé,150,100.0,1963,-775.5,1674.3,-678.0,1696.9
LYO00852,Fonte,Fonte grise,150,139.7,1940,-775.5,1674.3,-831.2,1802.4
LYO00853,Plastique,PVC,250,108.6,1980,-831.2,1802.4,-758.3,1882.8
LYO00854,Ciment,Amiante-ciment,200,132.4,1955,-831.2,1802.4,-895.5,1918.2
LYO00855,Fonte,Fonte grise,200,145.1,1932,-895.5,1918.2,-753.6,1948.2
LYO00856,Plastique,PVC collé,100,161.9,1960,-895.5,1918.2,-910.9,2079.4
LYO00857,Fonte,Fonte grise,80,189.8,1943,-910.9,2079.4,-733.8,2147.6
LYO00858,Fonte,Fonte grise,250,165.2,1942,-171.1,-2269.8,-5.9,-2273.7
LYO00859,Fonte,Fonte ductile,250,123.4,1970,-171.1,-2269.8,-163.5,-2146.6
LYO00860,Fonte,Fonte ductile,40,161.6,1997,-163.5,-2146.6,-16.8,-2078.9
LYO00861,Fonte,Fonte ductile,80,196.2,1994,-163.5,-2146.6,-157.9,-1950.5
LYO00862,Plastique,PVC collé,50,160.0,1960,-157.9,-1950.5,-2.4,-1988.3
LYO00863,Fonte,Fonte ductile,125,169.0,1990,-157.9,-1950.5,-236.8,-1801.1
LYO00864,Fonte,Fonte ductile,100,128.0,1980,-236.8,-1801.1,-111.5,-1827.5
LYO00865,Plastique,PVC,80,106.4,1980,-236.8,-1801.1,-223.0,-1695.5
LYO00866,Plastique,PVC collé,250,142.9,1960,-223.0,-1695.5,-80.6,-1707.7
LYO00867,Fonte,Fonte grise,250,89.1,1936,-223.0,-1695.5,-220.9,-1606.5
LYO00868,Plastique,PEHD,100,168.7,1995,-220.9,-1606.5,-69.2,-1532.8
LYO00869,Plastique,PVC,100,218.5,1980,-220.9,-1606.5,-299.6,-1402.6
LYO00870,Plastique,PVC,32,197.9,1980,-299.6,-1402.6,-102.2,-1389.6
LYO00871,Ciment,Amiante-ciment,50,102.2,1962,-299.6,-1402.6,-275.3,-1303.4
LYO00872,Plastique,PVC collé,200,124.4,1963,-275.3,-1303.4,-162.2,-1251.5
LYO00873,Plastique,PVC collé,32,144.6,1985,-275.3,-1303.4,-272.1,-1158.8
LYO00874,Ciment,Amiante-ciment,40,99.6,1955,-272.1,-1158.8,-177.9,-1126.5
LYO00875,Fonte,Fonte grise,150,158.2,1945,-272.1,-1158.8,-284.8,-1001.1
LYO00876,Plastique,PEHD,250,106.1,1995,-284.8,-1001.1,-180.0,-1017.1
LYO00877,Acier,Acier,500,161.4,1950,-284.8,-1001.1,-318.7,-843.3
LYO00878,Fonte,Fonte ductile,100,153.1,1970,-318.7,-843.3,-167.2,-865.3
LYO00879,Plastique,PVC collé,250,92.0,1982,-318.7,-843.3,-376.4,-771.6
LYO00880,Fonte,Fonte grise,150,117.8,1930,-376.4,-771.6,-259.6,-756.5
LYO00881,Fonte,Fonte ductile,150,119.8,1970,-376.4,-771.6,-352.2,-654.3
LYO00882,Fonte,Fonte grise,600,135.7,1930,-352.2,-654.3,-242.1,-575.1
LYO00883,Plastique,PVC collé,250,223.9,1960,-352.2,-654.3,-401.9,-435.9
LYO00884,Fonte,Fonte ductile,600,125.9,1970,-401.9,-435.9,-277.1,-420.0
LYO00885,Fonte,Fonte ductile,100,114.0,1970,-401.9,-435.9,-388.7,-322.7
LYO00886,Fonte,Fonte ductile,600,153.7,1990,-388.7,-322.7,-243.9,-270.9
LYO00887,Fonte,Fonte grise,200,138.2,1930,-445.4,-160.9,-309.5,-135.8
LYO00888,Plastique,PVC collé,100,94.5,1960,-445.4,-160.9,-431.5,-67.4
LYO00889,Plastique,PVC,200,142.3,2005,-431.5,-67.4,-305.6,-1.1
LYO00890,Fonte,Fonte ductile,200,91.9,1982,-463.1,44.8,-371.4,38.5
LYO00891,Fonte,Fonte ductile,50,133.9,1970,-463.1,44.8,-518.6,166.6
LYO00892,Plastique,PVC,200,182.9,1980,-518.6,166.6,-362.2,261.5
LYO00893,Fonte,Fonte grise,80,210.5,1930,-518.6,166.6,-540.6,376.0
LYO00894,Fonte,Fonte grise,600,154.5,1930,-540.6,376.0,-398.4,315.9
LYO00895,Plastique,PVC collé,125,145.7,1960,-540.6,376.0,-519.4,520.1
LYO00896,Fonte,Fonte ductile,80,118.5,1970,-519.4,520.1,-408.9,477.5
LYO00897,Plastique,PEHD,250,90.9,2000,-519.4,520.1,-565.7,598.3
LYO00898,Ciment,Amiante-ciment,125,171.8,1955,-565.7,598.3,-393.9,595.2
LYO00899,Plastique,PEHD,125,179.8,1995,-565.7,598.3,-588.6,776.6
LYO00900,Fonte,Fonte ductile,150,110.6,1974,-588.6,776.6,-480.2,798.5
LYO00901,Plastique,PVC,125,171.2,1980,-588.6,776.6,-541.2,941.1
LYO00902,Plastique,PVC,125,93.0,1980,-541.2,941.1,-448.4,935.3
LYO00903,Plastique,PVC collé,125,111.0,1960,-541.2,941.1,-619.5,1019.8
LYO00904,Plastique,PEHD,250,112.4,2007,-607.8,1185.3,-495.5,1187.2
LYO00905,Fonte,Fonte ductile,150,121.4,2004,-607.8,1185.3,-661.3,1294.3
LYO00906,Plastique,PVC,32,160.9,1980,-661.3,1294.3,-511.5,1352.9
LYO00907,Fonte,Fonte ductile,150,193.4,1970,-661.3,1294.3,-630.9,1485.3
LYO00908,Fonte,Fonte ductile,125,96.4,1970,-630.9,1485.3,-535.6,1500.1
LYO00909,Fonte,Fonte grise,125,72.3,1959,-630.9,1485.3,-671.6,1545.1
LYO00910,Plastique,PVC collé,150,99.3,1960,-671.6,1545.1,-572.3,1546.5
LYO00911,Fonte,Fonte grise,100,152.0,1934,-671.6,1545.1,-678.0,1696.9
LYO00912,Fonte,Fonte grise,40,145.5,1930,-678.0,1696.9,-543.4,1752.1
LYO00913,Fonte,Fonte ductile,300,202.4,2015,-678.0,1696.9,-758.3,1882.8
LYO00914,Plastique,PVC,100,162.5,1980,-758.3,1882.8,-603.6,1833.0
LYO00915,Plastique,PVC collé,63,65.5,1965,-758.3,1882.8,-753.6,1948.2
LYO00916,Fonte,Fonte grise,32,199.3,1944,-753.6,1948.2,-558.8,1990.0
LYO00917,Fonte,Fonte ductile,250,200.4,2004,-753.6,1948.2,-733.8,2147.6
LYO00918,Fonte,Fonte grise,125,113.0,1932,-5.9,-2273.7,94.5,-2221.7
LYO00919,Fonte,Fonte ductile,150,195.1,1970,-5.9,-2273.7,-16.8,-2078.9
LYO00920,Fonte,Fonte grise,40,128.1,1950,-16.8,-2078.9,104.2,-2036.6
LYO00921,Acier,Acier,100,91.8,1990,-16.8,-2078.9,-2.4,-1988.3
LYO00922,Fonte,Fonte ductile,250,88.6,2003,-2.4,-1988.3,75.4,-1946.0
LYO00923,Plastique,PVC collé,63,123.6,1972,-111.5,-1827.5,-80.6,-1707.7
LYO00924,Plastique,PVC collé,125,133.9,1968,-80.6,-1707.7,25.9,-1626.6
LYO00925,Plastique,PVC,100,175.4,2020,-80.6,-1707.7,-69.2,-1532.8
LYO00926,Plastique,PVC,250,90.6,1980,-69.2,-1532.8,20.1,-1547.6
LYO00927,Fonte,Fonte ductile,125,146.9,1970,-69.2,-1532.8,-102.2,-1389.6
LYO00928,Plastique,PVC,200,72.8,1984,-102.2,-1389.6,-29.3,-1387.7
LYO00929,Fonte,Fonte ductile,100,150.6,1974,-102.2,-1389.6,-162.2,-1251.5
LYO00930,Fonte,Fonte ductile,100,128.9,1988,-162.2,-1251.5,-33.3,-1246.6
LYO00931,Plastique,PEHD,80,126.1,1995,-162.2,-1251.5,-177.9,-1126.5
LYO00932,Fonte,Fonte grise,200,106.3,1930,-177.9,-1126.5,-73.5,-1146.5
LYO00933,Fonte,Fonte grise,125,109.4,1936,-177.9,-1126.5,-180.0,-1017.1
LYO00934,Fonte,Fonte grise,100,117.1,1930,-180.0,-1017.1,-63.2,-1025.5
LYO00935,Fonte,Fonte grise,250,152.4,1930,-180.0,-1017.1,-167.2,-865.3
LYO00936,Plastique,PEHD,125,105.5,1998,-167.2,-865.3,-62.9,-850.3
LYO00937,Fonte,Fonte grise,40,142.7,1941,-167.2,-865.3,-259.6,-756.5
LYO00938,Plastique,PVC collé,125,182.2,1969,-259.6,-756.5,-242.1,-575.1
LYO00939,Fonte,Fonte ductile,400,104.1,1971,-242.1,-575.1,-140.9,-599.5
LYO00940,Fonte,Fonte ductile,200,152.8,1970,-277.1,-420.0,-243.9,-270.9
LYO00941,Fonte,Fonte ductile,200,63.9,1981,-243.9,-270.9,-185.2,-296.0
LYO00942,Fonte,Fonte ductile,80,150.1,1974,-243.9,-270.9,-309.5,-135.8
LYO00943,Ciment,Amiante-ciment,200,177.5,1964,-309.5,-135.8,-132.2,-126.7
LYO00944,Fonte,Fonte ductile,100,134.8,1970,-309.5,-135.8,-305.6,-1.1
LYO00945,Fonte,Fonte ductile,40,86.6,1970,-305.6,-1.1,-219.0,-1.0
LYO00946,Fonte,Fonte ductile,150,76.8,1970,-305.6,-1.1,-371.4,38.5
LYO00947,Fonte,Fonte ductile,500,213.2,1970,-371.4,38.5,-168.5,104.4
LYO00948,Fonte,Fonte ductile,400,223.1,1982,-371.4,38.5,-362.2,261.5
LYO00949,Fonte,Fonte grise,50,130.7,1943,-362.2,261.5,-240.3,214.3
LYO00950,Fonte,Fonte ductile,400,65.3,1970,-362.2,261.5,-398.4,315.9
LYO00951,Plastique,PVC collé,200,198.5,1960,-398.4,315.9,-209.3,376.3
LYO00952,Fonte,Fonte ductile,100,161.9,1970,-398.4,315.9,-408.9,477.5
LYO00953,Fonte,Fonte grise,400,117.8,1930,-408.9,477.5,-291.1,478.4
LYO00954,Fonte,Fonte ductile,125,118.7,1972,-408.9,477.5,-393.9,595.2
LYO00955,Ciment,Amiante-ciment,80,220.8,1971,-393.9,595.2,-480.2,798.5
LYO00956,Plastique,PVC,600,205.0,1980,-480.2,798.5,-280.8,750.8
LYO00957,Fonte,Fonte grise,200,140.5,1930,-480.2,798.5,-448.4,935.3
LYO00958,Fonte,Fonte grise,50,98.9,1948,-448.4,935.3,-350.1,947.0
LYO00959,Plastique,PEHD,250,201.8,1995,-505.8,1081.2,-310.6,1030.3
LYO00960,Fonte,Fonte ductile,150,106.5,1989,-505.8,1081.2,-495.5,1187.2
LYO00961,Fonte,Fonte ductile,125,125.3,1986,-495.5,1187.2,-378.6,1232.6
LYO00962,Fonte,Fonte ductile,125,166.4,1978,-495.5,1187.2,-511.5,1352.9
LYO00963,Ciment,Amiante-ciment,50,123.5,1955,-511.5,1352.9,-391.7,1383.1
LYO00964,Fonte,Fonte grise,400,149.2,1930,-511.5,1352.9,-535.6,1500.1
LYO00965,Fonte,Fonte ductile,40,134.7,1970,-535.6,1500.1,-421.5,1428.6
LYO00966,Plastique,PEHD,200,59.1,1995,-535.6,1500.1,-572.3,1546.5
LYO00967,Fonte,Fonte grise,100,207.6,1954,-572.3,1546.5,-543.4,1752.1
LYO00968,Fonte,Fonte ductile,250,135.4,1970,-543.4,1752.1,-410.5,1778.1
LYO00969,Plastique,PVC,80,100.8,1983,-543.4,1752.1,-603.6,1833.0
LYO00970,Fonte,Fonte grise,40,125.1,1930,-603.6,1833.0,-485.1,1873.4
LYO00971,Fonte,Fonte ductile,125,163.3,1979,-603.6,1833.0,-558.8,1990.0
LYO00972,Fonte,Fonte ductile,150,117.5,1985,-558.8,1990.0,-442.8,2008.7
LYO00973,Ciment,Amiante-ciment,125,124.5,1962,-558.8,1990.0,-624.0,2096.1
LYO00974,Plastique,PEHD,250,156.9,1995,-624.0,2096.1,-491.8,2180.6
LYO00975,Fonte,Fonte ductile,600,177.4,1992,94.5,-2221.7,271.8,-2216.9
LYO00976,Fonte,Fonte grise,250,185.3,1972,94.5,-2221.7,104.2,-2036.6
LYO00977,Plastique,PVC,50,101.5,1980,104.2,-2036.6,205.0,-2024.7
LYO00978,Fonte,Fonte ductile,125,95.1,1991,104.2,-2036.6,75.4,-1946.0
LYO00979,Plastique,PVC collé,80,98.7,1981,75.4,-1946.0,172.6,-1963.3
LYO00980,Plastique,PEHD,63,120.8,1995,93.1,-1825.4,205.1,-1780.0
LYO00981,Fonte,Fonte grise,400,209.8,1948,93.1,-1825.4,25.9,-1626.6
LYO00982,Fonte,Fonte grise,100,127.6,1948,25.9,-1626.6,153.4,-1632.0
LYO00983,Fonte,Fonte ductile,150,79.2,1991,25.9,-1626.6,20.1,-1547.6
LYO00984,Fonte,Fonte ductile,400,102.2,2015,20.1,-1547.6,122.0,-1555.3
LYO00985,Fonte,Fonte grise,40,167.4,1930,20.1,-1547.6,-29.3,-1387.7
LYO00986,Fonte,Fonte ductile,100,171.5,1978,-29.3,-1387.7,136.2,-1343.0
LYO00987,Plastique,PVC collé,32,141.2,1971,-29.3,-1387.7,-33.3,-1246.6
LYO00988,Fonte,Fonte ductile,600,172.5,1985,-33.3,-1246.6,138.9,-1255.5
LYO00989,Plastique,PVC,125,107.8,1980,-33.3,-1246.6,-73.5,-1146.5
LYO00990,Fonte,Fonte ductile,250,167.8,1970,-73.5,-1146.5,85.8,-1094.0
LYO00991,Fonte,Fonte ductile,300,121.5,1994,-73.5,-1146.5,-63.2,-1025.5
LYO00992,Plastique,PVC,250,150.4,1980,-63.2,-1025.5,86.1,-1007.2
LYO00993,Acier,Acier,100,175.2,1972,-63.2,-1025.5,-62.9,-850.3
LYO00994,Fonte,Fonte ductile,125,157.1,1970,-62.9,-850.3,93.9,-860.7
LYO00995,Fonte,Fonte ductile,100,178.3,1970,-62.9,-850.3,-95.3,-674.9
LYO00996,Plastique,PEHD,80,117.9,1995,-95.3,-674.9,19.4,-647.8
LYO00997,Fonte,Fonte ductile,100,163.8,1975,-140.9,-599.5,1.1,-517.9
LYO00998,Fonte,Fonte ductile,100,213.3,1980,-140.9,-599.5,-124.1,-386.8
LYO00999,Fonte,Fonte grise,100,121.3,1930,-124.1,-386.8,-2.8,-386.7
LYO01000,Plastique,PVC collé,200,109.4,1960,-124.1,-386.8,-185.2,-296.0
LYO01001,Plastique,PVC collé,80,168.3,1960,-185.2,-296.0,-20.0,-263.7
LYO01002,Plastique,PEHD,100,46.8,1995,-132.2,-126.7,-88.6,-109.6
LYO01003,Fonte,Fonte ductile,150,152.8,1971,-132.2,-126.7,-219.0,-1.0
LYO01004,Fonte,Fonte grise,150,116.8,1930,-219.0,-1.0,-168.5,104.4
LYO01005,Plastique,PEHD,125,106.5,2010,-168.5,104.4,-68.8,141.8
LYO01006,Plastique,PEHD,250,131.3,1995,-168.5,104.4,-240.3,214.3
LYO01007,Fonte,Fonte grise,80,154.3,1930,-240.3,214.3,-99.6,277.6
LYO01008,Plastique,PVC collé,100,164.9,1960,-240.3,214.3,-209.3,376.3
LYO01009,Plastique,PVC collé,150,49.7,1960,-209.3,376.3,-162.0,391.4
LYO01010,Plastique,PVC,125,130.8,1981,-209.3,376.3,-291.1,478.4
LYO01011,Plastique,PEHD,150,191.0,2008,-291.1,478.4,-105.2,522.1
LYO01012,Fonte,Fonte grise,250,130.1,1930,-291.1,478.4,-285.3,608.3
LYO01013,Acier,Acier,250,155.7,1981,-285.3,608.3,-177.0,720.3
LYO01014,Fonte,Fonte ductile,32,142.6,2015,-285.3,608.3,-280.8,750.8
LYO01015,Fonte,Fonte ductile,100,153.2,1978,-280.8,750.8,-166.0,852.2
LYO01016,Plastique,PVC,125,208.0,1992,-280.8,750.8,-350.1,947.0
LYO01017,Plastique,PVC,250,129.0,1980,-350.1,947.0,-221.3,952.1
LYO01018,Fonte,Fonte ductile,50,109.9,1970,-310.6,1030.3,-220.8,1093.8
LYO01019,Fonte,Fonte ductile,32,213.4,1987,-310.6,1030.3,-378.6,1232.6
LYO01020,Fonte,Fonte ductile,200,125.3,1970,-378.6,1232.6,-253.6,1223.1
LYO01021,Plastique,PVC,125,151.1,1980,-378.6,1232.6,-391.7,1383.1
LYO01022,Plastique,PEHD,80,143.0,2001,-391.7,1383.1,-249.6,1398.7
LYO01023,Plastique,PVC,200,54.3,1981,-391.7,1383.1,-421.5,1428.6
LYO01024,Fonte,Fonte grise,400,145.4,1933,-421.5,1428.6,-278.4,1454.9
LYO01025,Fonte,Fonte grise,80,151.8,1940,-421.5,1428.6,-407.0,1579.7
LYO01026,Fonte,Fonte grise,80,134.2,1930,-407.0,1579.7,-285.0,1635.5
LYO01027,Fonte,Fonte grise,100,198.5,1950,-407.0,1579.7,-410.5,1778.1
LYO01028,Plastique,PVC,250,89.5,1980,-410.5,1778.1,-341.5,1721.1
LYO01029,Plastique,PEHD,150,121.1,2006,-410.5,1778.1,-485.1,1873.4
LYO01030,Fonte,Fonte ductile,600,175.0,1989,-485.1,1873.4,-326.4,1947.1
LYO01031,Plastique,PVC collé,50,141.7,1963,-485.1,1873.4,-442.8,2008.7
LYO01032,Fonte,Fonte ductile,150,139.0,1981,-442.8,2008.7,-307.8,2041.6
LYO01033,Plastique,PVC collé,125,178.7,1960,-442.8,2008.7,-491.8,2180.6
LYO01034,Plastique,PEHD,50,102.6,1995,271.8,-2216.9,374.1,-2224.5
LYO01035,Fonte,Fonte ductile,80,170.7,1973,205.0,-2024.7,372.8,-1993.3
LYO01036,Fonte,Fonte ductile,50,69.4,1970,205.0,-2024.7,172.6,-1963.3
LYO01037,Plastique,PVC collé,40,208.2,1985,172.6,-1963.3,363.5,-1880.2
LYO01038,Fonte,Fonte ductile,250,186.1,1973,172.6,-1963.3,205.1,-1780.0
LYO01039,Fonte,Fonte grise,40,156.8,1950,205.1,-1780.0,153.4,-1632.0
LYO01040,Plastique,PEHD,100,168.7,1995,153.4,-1632.0,322.1,-1629.9
LYO01041,Plastique,PVC,600,82.8,1980,153.4,-1632.0,122.0,-1555.3
LYO01042,Fonte,Fonte ductile,200,149.2,1994,122.0,-1555.3,236.5,-1459.6
LYO01043,Fonte,Fonte grise,100,212.8,1939,122.0,-1555.3,136.2,-1343.0
LYO01044,Fonte,Fonte grise,200,78.3,1930,136.2,-1343.0,214.5,-1340.8
LYO01045,Plastique,PEHD,125,87.5,1995,136.2,-1343.0,138.9,-1255.5
LYO01046,Plastique,PVC,50,135.8,1980,138.9,-1255.5,268.0,-1213.3
LYO01047,Fonte,Fonte grise,100,170.1,1930,138.9,-1255.5,85.8,-1094.0
LYO01048,Plastique,PEHD,32,174.8,1995,85.8,-1094.0,260.4,-1085.7
LYO01049,Plastique,PVC collé,200,86.7,1960,85.8,-1094.0,86.1,-1007.2
LYO01050,Fonte,Fonte grise,125,86.6,1930,86.1,-1007.2,154.8,-954.5
LYO01051,Fonte,Fonte ductile,32,80.3,1973,93.9,-860.7,144.1,-798.1
LYO01052,Fonte,Fonte ductile,40,225.6,1970,93.9,-860.7,19.4,-647.8
LYO01053,Fonte,Fonte grise,600,128.7,1930,19.4,-647.8,147.8,-657.2
LYO01054,Fonte,Fonte ductile,250,131.2,1989,19.4,-647.8,1.1,-517.9
LYO01055,Plastique,PEHD,150,137.7,1995,1.1,-517.9,129.8,-567.0
LYO01056,Plastique,PEHD,300,124.2,1995,-2.8,-386.7,-20.0,-263.7
LYO01057,Fonte,Fonte grise,100,101.8,1934,-20.0,-263.7,81.3,-254.0
LYO01058,Fonte,Fonte ductile,125,142.8,1970,-88.6,-109.6,-103.2,32.4
LYO01059,Plastique,PVC,200,176.3,1980,-103.2,32.4,72.0,51.7
LYO01060,Plastique,PVC collé,100,114.6,1960,-103.2,32.4,-68.8,141.8
LYO01061,Plastique,PEHD,600,130.3,2008,-68.8,141.8,56.1,104.8
LYO01062,Fonte,Fonte grise,125,139.3,1949,-68.8,141.8,-99.6,277.6
LYO01063,Plastique,PVC collé,400,156.0,1960,-99.6,277.6,53.3,308.7
LYO01064,Plastique,PEHD,125,172.3,1995,-162.0,391.4,9.9,404.5
LYO01065,Plastique,PEHD,150,142.5,1995,-162.0,391.4,-105.2,522.1
LYO01066,Fonte,Fonte ductile,300,65.8,1971,-105.2,522.1,-39.4,524.8
LYO01067,Fonte,Fonte ductile,150,210.8,1970,-105.2,522.1,-177.0,720.3
LYO01068,Fonte,Fonte grise,250,120.7,1967,-177.0,720.3,-60.5,688.7
LYO01069,Fonte,Fonte ductile,250,132.4,1989,-177.0,720.3,-166.0,852.2
LYO01070,Fonte,Fonte grise,80,137.5,1930,-166.0,852.2,-30.5,829.2
LYO01071,Fonte,Fonte grise,100,114.2,1934,-166.0,852.2,-221.3,952.1
LYO01072,Fonte,Fonte ductile,250,149.5,2006,-221.3,952.1,-71.9,944.6
LYO01073,Fonte,Fonte grise,200,141.7,1962,-221.3,952.1,-220.8,1093.8
LYO01074,Fonte,Fonte grise,300,116.7,1947,-220.8,1093.8,-105.0,1079.7
LYO01075,Fonte,Fonte grise,80,133.4,1975,-220.8,1093.8,-253.6,1223.1
LYO01076,Fonte,Fonte ductile,100,155.0,1990,-253.6,1223.1,-103.6,1262.2
LYO01077,Plastique,PVC collé,250,175.7,1960,-253.6,1223.1,-249.6,1398.7
LYO01078,Acier,Acier,32,63.2,1950,-249.6,1398.7,-278.4,1454.9
LYO01079,Fonte,Fonte grise,200,180.7,1935,-278.4,1454.9,-285.0,1635.5
LYO01080,Fonte,Fonte ductile,200,102.6,1983,-285.0,1635.5,-341.5,1721.1
LYO01081,Fonte,Fonte grise,50,204.8,1961,-341.5,1721.1,-147.9,1788.0
LYO01082,Fonte,Fonte ductile,500,226.5,2006,-341.5,1721.1,-326.4,1947.1
LYO01083,Plastique,PVC collé,150,72.4,1960,-326.4,1947.1,-254.9,1958.2
LYO01084,Fonte,Fonte grise,32,96.3,1932,-326.4,1947.1,-307.8,2041.6
LYO01085,Plastique,PVC collé,600,118.6,1960,-307.8,2041.6,-190.2,2026.1
LYO01086,Fonte,Fonte ductile,200,135.8,1990,-307.8,2041.6,-359.3,2167.3
LYO01087,Fonte,Fonte ductile,250,141.0,1996,-359.3,2167.3,-221.8,2198.6
LYO01088,Fonte,Fonte ductile,400,97.0,1970,374.1,-2224.5,459.9,-2179.3
LYO01089,Plastique,PVC,32,231.2,1980,374.1,-2224.5,372.8,-1993.3
LYO01090,Fonte,Fonte ductile,32,140.7,1978,372.8,-1993.3,510.2,-2024.0
LYO01091,Fonte,Fonte grise,200,113.5,1966,372.8,-1993.3,363.5,-1880.2
LYO01092,Acier,Acier,200,68.6,1955,363.5,-1880.2,427.4,-1905.2
LYO01093,Plastique,PVC,32,121.5,1980,363.5,-1880.2,332.0,-1762.9
LYO01094,Plastique,PEHD,250,91.3,1995,332.0,-1762.9,422.8,-1753.3
LYO01095,Plastique,PVC,125,133.3,1980,332.0,-1762.9,322.1,-1629.9
LYO01096,Fonte,Fonte ductile,100,81.0,1982,322.1,-1629.9,397.2,-1599.5
LYO01097,Fonte,Fonte ductile,125,190.5,1986,322.1,-1629.9,236.5,-1459.6
LYO01098,Plastique,PEHD,125,155.1,1995,236.5,-1459.6,384.2,-1507.3
LYO01099,Plastique,PVC,500,120.9,1991,236.5,-1459.6,214.5,-1340.8
LYO01100,Plastique,PVC,300,141.0,1980,214.5,-1340.8,348.6,-1297.0
LYO01101,Fonte,Fonte ductile,150,138.3,2004,214.5,-1340.8,268.0,-1213.3
LYO01102,Plastique,PVC collé,63,127.9,1978,268.0,-1213.3,260.4,-1085.7
LYO01103,Fonte,Fonte ductile,200,168.4,1970,260.4,-1085.7,154.8,-954.5
LYO01104,Plastique,PVC collé,300,211.7,1969,154.8,-954.5,366.4,-948.7
LYO01105,Plastique,PEHD,125,156.8,1995,154.8,-954.5,144.1,-798.1
LYO01106,Plastique,PEHD,150,144.8,2015,144.1,-798.1,287.5,-777.9
LYO01107,Fonte,Fonte ductile,400,132.0,1970,147.8,-657.2,277.3,-682.7
LYO01108,Plastique,PVC,250,91.9,1980,147.8,-657.2,129.8,-567.0
LYO01109,Fonte,Fonte grise,40,190.8,1933,129.8,-567.0,303.7,-488.5
LYO01110,Fonte,Fonte grise,32,154.7,1930,129.8,-567.0,133.1,-412.4
LYO01111,Plastique,PVC,600,117.4,1980,133.1,-412.4,241.7,-367.7
LYO01112,Plastique,PVC,250,166.7,1980,133.1,-412.4,81.3,-254.0
LYO01113,Fonte,Fonte ductile,200,108.5,1978,81.3,-254.0,185.9,-225.0
LYO01114,Fonte,Fonte ductile,200,120.0,1970,81.3,-254.0,80.8,-134.0
LYO01115,Fonte,Fonte grise,125,185.9,1930,80.8,-134.0,72.0,51.7
LYO01116,Plastique,PVC collé,300,142.5,1960,72.0,51.7,206.7,5.0
LYO01117,Fonte,Fonte ductile,250,155.1,1970,56.1,104.8,202.9,155.0
LYO01118,Plastique,PVC collé,150,203.9,1964,56.1,104.8,53.3,308.7
LYO01119,Fonte,Fonte ductile,40,115.9,1970,53.3,308.7,169.0,302.7
LYO01120,Fonte,Fonte ductile,125,130.0,1970,9.9,404.5,-39.4,524.8
LYO01121,Fonte,Fonte ductile,300,132.9,1970,-39.4,524.8,89.4,557.9
LYO01122,Fonte,Fonte ductile,600,165.2,1985,-39.4,524.8,-60.5,688.7
LYO01123,Fonte,Fonte grise,150,133.9,1930,-60.5,688.7,71.7,709.8
LYO01124,Acier,Acier,100,143.7,1950,-60.5,688.7,-30.5,829.2
LYO01125,Plastique,PVC,32,151.9,1980,-30.5,829.2,120.9,816.2
LYO01126,Fonte,Fonte ductile,125,130.6,1990,-71.9,944.6,58.0,958.1
LYO01127,Fonte,Fonte grise,250,182.6,1951,-105.0,1079.7,-103.6,1262.2
LYO01128,Fonte,Fonte grise,150,153.4,1953,-103.6,1262.2,47.1,1233.8
LYO01129,Plastique,PVC collé,100,119.4,1960,-103.6,1262.2,-110.0,1381.5
LYO01130,Fonte,Fonte ductile,63,116.7,1985,-110.0,1381.5,6.6,1385.2
LYO01131,Plastique,PEHD,63,176.1,1995,-132.1,1518.3,-151.2,1693.3
LYO01132,Plastique,PVC collé,50,136.9,1978,-151.2,1693.3,-14.7,1704.4
LYO01133,Fonte,Fonte ductile,250,94.7,1983,-151.2,1693.3,-147.9,1788.0
LYO01134,Plastique,PVC,50,77.6,1982,-147.9,1788.0,-82.6,1829.7
LYO01135,Ciment,Amiante-ciment,125,201.0,1958,-147.9,1788.0,-254.9,1958.2
LYO01136,Plastique,PEHD,400,201.2,1999,-254.9,1958.2,-57.7,1918.4
LYO01137,Plastique,PVC collé,32,90.5,1960,-190.2,2026.1,-137.2,2099.5
LYO01138,Fonte,Fonte ductile,63,175.4,1970,-190.2,2026.1,-221.8,2198.6
LYO01139,Fonte,Fonte ductile,200,112.0,1970,-221.8,2198.6,-111.8,2219.4
LYO01140,Fonte,Fonte ductile,50,209.8,1976,459.9,-2179.3,669.6,-2184.3
LYO01141,Plastique,PEHD,125,163.2,1995,459.9,-2179.3,510.2,-2024.0
LYO01142,Fonte,Fonte ductile,80,117.9,1978,510.2,-2024.0,628.0,-2028.6
LYO01143,Fonte,Fonte ductile,125,144.8,1970,510.2,-2024.0,427.4,-1905.2
LYO01144,Fonte,Fonte grise,40,132.9,1930,427.4,-1905.2,560.1,-1912.9
LYO01145,Plastique,PVC collé,150,151.9,1985,427.4,-1905.2,422.8,-1753.3
LYO01146,Fonte,Fonte ductile,32,110.8,1970,422.8,-1753.3,529.7,-1782.3
LYO01147,Plastique,PVC,150,155.9,1994,422.8,-1753.3,397.2,-1599.5
LYO01148,Fonte,Fonte ductile,250,175.6,1983,397.2,-1599.5,567.8,-1557.9
LYO01149,Fonte,Fonte grise,200,93.2,1931,397.2,-1599.5,384.2,-1507.3
LYO01150,Fonte,Fonte grise,250,179.5,1930,384.2,-1507.3,545.3,-1428.3
LYO01151,Plastique,PVC,500,213.2,1980,384.2,-1507.3,348.6,-1297.0
LYO01152,Acier,Acier,80,161.3,1950,348.6,-1297.0,491.0,-1372.8
LYO01153,Fonte,Fonte grise,80,90.7,1958,348.6,-1297.0,395.8,-1219.6
LYO01154,Plastique,PVC collé,63,133.4,1960,395.8,-1219.6,516.4,-1162.6
LYO01155,Fonte,Fonte ductile,150,176.2,1999,338.4,-1050.8,513.9,-1035.9
LYO01156,Fonte,Fonte ductile,100,105.9,1974,338.4,-1050.8,366.4,-948.7
LYO01157,Fonte,Fonte grise,100,188.2,1941,366.4,-948.7,287.5,-777.9
LYO01158,Plastique,PVC collé,250,107.3,1960,287.5,-777.9,394.4,-787.5
LYO01159,Plastique,PEHD,125,105.3,2002,277.3,-682.7,382.4,-677.4
LYO01160,Fonte,Fonte ductile,200,195.9,1971,277.3,-682.7,303.7,-488.5
LYO01161,Plastique,PVC,250,98.0,1980,303.7,-488.5,401.5,-482.9
LYO01162,Fonte,Fonte grise,250,135.8,1943,303.7,-488.5,241.7,-367.7
LYO01163,Fonte,Fonte grise,80,171.4,1930,241.7,-367.7,413.1,-368.2
LYO01164,Plastique,PEHD,40,153.2,1995,241.7,-367.7,185.9,-225.0
LYO01165,Fonte,Fonte grise,125,130.8,1945,185.9,-225.0,316.5,-231.8
LYO01166,Plastique,PVC collé,100,139.8,1960,185.9,-225.0,211.2,-87.5
LYO01167,Fonte,Fonte grise,63,107.4,1930,211.2,-87.5,304.5,-140.8
LYO01168,Plastique,PVC,600,152.0,1980,206.7,5.0,355.6,35.8
LYO01169,Fonte,Fonte ductile,100,150.0,1970,206.7,5.0,202.9,155.0
LYO01170,Fonte,Fonte grise,125,68.0,1930,202.9,155.0,269.5,141.2
LYO01171,Fonte,Fonte ductile,150,151.6,1973,202.9,155.0,169.0,302.7
LYO01172,Plastique,PEHD,150,123.5,1995,169.0,302.7,102.9,407.1
LYO01173,Acier,Acier,100,136.4,1953,102.9,407.1,235.9,437.3
LYO01174,Fonte,Fonte grise,250,151.4,1930,102.9,407.1,89.4,557.9
LYO01175,Fonte,Fonte ductile,250,184.5,1987,89.4,557.9,261.0,625.5
LYO01176,Acier,Acier,400,153.0,1969,89.4,557.9,71.7,709.8
LYO01177,Plastique,PVC,600,167.1,1980,71.7,709.8,236.9,734.3
LYO01178,Plastique,PVC collé,125,117.2,1960,71.7,709.8,120.9,816.2
LYO01179,Fonte,Fonte ductile,150,131.1,1970,120.9,816.2,251.9,822.9
LYO01180,Fonte,Fonte ductile,63,155.3,1970,120.9,816.2,58.0,958.1
LYO01181,Fonte,Fonte grise,100,119.8,1939,58.0,958.1,156.2,1026.8
LYO01182,Plastique,PVC,100,147.5,1980,58.0,958.1,41.3,1104.7
LYO01183,Fonte,Fonte grise,150,164.4,1966,41.3,1104.7,200.8,1144.7
LYO01184,Fonte,Fonte ductile,125,129.2,1970,41.3,1104.7,47.1,1233.8
LYO01185,Fonte,Fonte grise,200,153.2,1930,47.1,1233.8,183.5,1303.6
LYO01186,Fonte,Fonte grise,400,156.7,1944,47.1,1233.8,6.6,1385.2
LYO01187,Plastique,PEHD,125,124.7,1995,6.6,1385.2,115.7,1445.7
LYO01188,Fonte,Fonte ductile,100,170.9,1970,6.6,1385.2,15.2,1555.9
LYO01189,Fonte,Fonte grise,32,81.3,1975,15.2,1555.9,84.9,1514.1
LYO01190,Fonte,Fonte grise,80,151.5,1930,15.2,1555.9,-14.7,1704.4
LYO01191,Plastique,PEHD,32,144.8,2024,-14.7,1704.4,126.9,1674.5
LYO01192,Plastique,PVC,150,142.5,1980,-14.7,1704.4,-82.6,1829.7
LYO01193,Fonte,Fonte grise,63,164.5,1930,-82.6,1829.7,78.2,1864.9
LYO01194,Fonte,Fonte ductile,63,92.1,1982,-82.6,1829.7,-57.7,1918.4
LYO01195,Plastique,PEHD,50,197.9,1995,-57.7,1918.4,-137.2,2099.5
LYO01196,Acier,Acier,100,143.4,1961,-137.2,2099.5,2.4,2132.4
LYO01197,Plastique,PEHD,150,122.6,2004,-137.2,2099.5,-111.8,2219.4
LYO01198,Plastique,PVC collé,250,140.2,1972,-111.8,2219.4,27.3,2236.8
LYO01199,Plastique,PVC collé,200,142.6,1966,669.6,-2184.3,779.6,-2093.5
LYO01200,Plastique,PVC,50,161.1,1980,669.6,-2184.3,628.0,-2028.6
LYO01201,Acier,Acier,40,141.6,1950,628.0,-2028.6,769.2,-2017.9
LYO01202,Fonte,Fonte ductile,40,152.5,1999,560.1,-1912.9,675.6,-1813.4
LYO01203,Plastique,PVC,80,134.1,1980,560.1,-1912.9,529.7,-1782.3
LYO01204,Plastique,PEHD,125,187.5,1995,529.7,-1782.3,684.2,-1676.1
LYO01205,Plastique,PVC,100,227.6,1980,529.7,-1782.3,567.8,-1557.9
LYO01206,Plastique,PVC,80,115.5,2020,567.8,-1557.9,677.2,-1594.9
LYO01207,Fonte,Fonte grise,40,131.5,1958,567.8,-1557.9,545.3,-1428.3
LYO01208,Fonte,Fonte grise,200,67.8,1930,545.3,-1428.3,610.5,-1409.6
LYO01209,Plastique,PEHD,125,77.7,1995,545.3,-1428.3,491.0,-1372.8
LYO01210,Plastique,PVC collé,40,115.3,1960,491.0,-1372.8,604.7,-1354.2
LYO01211,Fonte,Fonte grise,250,211.8,1939,491.0,-1372.8,516.4,-1162.6
LYO01212,Fonte,Fonte ductile,32,69.4,1970,516.4,-1162.6,577.2,-1129.2
LYO01213,Plastique,PEHD,100,126.7,1995,516.4,-1162.6,513.9,-1035.9
LYO01214,Acier,Acier,200,121.9,1980,513.9,-1035.9,447.7,-933.5
LYO01215,Fonte,Fonte grise,300,154.6,1930,447.7,-933.5,585.3,-863.1
LYO01216,Plastique,PEHD,400,155.4,1995,447.7,-933.5,394.4,-787.5
LYO01217,Plastique,PVC,50,157.0,1980,394.4,-787.5,551.3,-790.4
LYO01218,Fonte,Fonte grise,125,110.8,1952,394.4,-787.5,382.4,-677.4
LYO01219,Fonte,Fonte ductile,63,186.8,1970,382.4,-677.4,539.9,-576.9
LYO01220,Acier,Acier,80,195.5,1952,382.4,-677.4,401.5,-482.9
LYO01221,Plastique,PVC collé,63,143.6,1982,401.5,-482.9,544.2,-466.2
LYO01222,Fonte,Fonte ductile,100,115.3,1981,401.5,-482.9,413.1,-368.2
LYO01223,Fonte,Fonte ductile,150,94.6,1991,413.1,-368.2,492.6,-316.9
LYO01224,Fonte,Fonte ductile,100,167.1,1970,413.1,-368.2,316.5,-231.8
LYO01225,Fonte,Fonte ductile,150,190.3,1976,316.5,-231.8,506.8,-231.9
LYO01226,Fonte,Fonte grise,150,91.8,1930,316.5,-231.8,304.5,-140.8
LYO01227,Plastique,PVC collé,200,171.1,1960,304.5,-140.8,446.8,-45.8
LYO01228,Fonte,Fonte grise,125,183.8,1930,304.5,-140.8,355.6,35.8
LYO01229,Fonte,Fonte ductile,125,136.0,1986,355.6,35.8,269.5,141.2
LYO01230,Plastique,PEHD,50,163.3,1995,269.5,141.2,396.6,243.6
LYO01231,Plastique,PEHD,150,145.5,1995,269.5,141.2,285.6,285.8
LYO01232,Acier,Acier,150,159.4,1950,285.6,285.8,235.9,437.3
LYO01233,Plastique,PVC,100,149.8,1980,235.9,437.3,385.7,436.5
LYO01234,Plastique,PVC,125,189.9,1980,235.9,437.3,261.0,625.5
LYO01235,Plastique,PVC,250,86.8,1980,261.0,625.5,346.1,642.7
LYO01236,Fonte,Fonte ductile,150,111.5,1979,261.0,625.5,236.9,734.3
LYO01237,Plastique,PEHD,150,145.0,1998,236.9,734.3,378.8,704.4
LYO01238,Plastique,PEHD,300,89.8,1995,236.9,734.3,251.9,822.9
LYO01239,Plastique,PVC collé,600,106.2,1971,251.9,822.9,307.4,913.4
LYO01240,Fonte,Fonte grise,100,225.2,1936,251.9,822.9,156.2,1026.8
LYO01241,Fonte,Fonte ductile,125,143.3,1987,156.2,1026.8,296.0,1058.4
LYO01242,Fonte,Fonte ductile,63,126.1,1970,156.2,1026.8,200.8,1144.7
LYO01243,Fonte,Fonte grise,63,61.9,1932,200.8,1144.7,254.8,1114.6
LYO01244,Plastique,PEHD,80,159.8,1997,200.8,1144.7,183.5,1303.6
LYO01245,Fonte,Fonte ductile,100,117.8,1980,183.5,1303.6,300.3,1288.9
LYO01246,Fonte,Fonte ductile,150,157.4,1976,183.5,1303.6,115.7,1445.7
LYO01247,Fonte,Fonte ductile,63,99.2,1995,115.7,1445.7,209.1,1412.4
LYO01248,Plastique,PVC,250,75.0,1980,115.7,1445.7,84.9,1514.1
LYO01249,Ciment,Amiante-ciment,300,110.7,1955,84.9,1514.1,190.6,1547.2
LYO01250,Fonte,Fonte grise,80,165.9,1953,84.9,1514.1,126.9,1674.5
LYO01251,Fonte,Fonte grise,125,60.2,1954,126.9,1674.5,184.1,1655.5
LYO01252,Fonte,Fonte grise,100,196.5,1930,126.9,1674.5,78.2,1864.9
LYO01253,Acier,Acier,63,76.3,1983,78.2,1864.9,37.6,1929.5
LYO01254,Plastique,PVC,300,128.6,1997,37.6,1929.5,151.6,1989.0
LYO01255,Fonte,Fonte grise,125,206.0,1937,37.6,1929.5,2.4,2132.4
LYO01256,Plastique,PVC,250,172.2,1985,2.4,2132.4,169.6,2091.4
LYO01257,Plastique,PVC,200,107.3,1980,2.4,2132.4,27.3,2236.8
LYO01258,Plastique,PEHD,80,137.7,2020,27.3,2236.8,157.2,2282.4
LYO01259,Acier,Acier,100,99.0,1976,779.6,-2093.5,878.1,-2082.8
LYO01260,Plastique,PVC,250,76.3,1980,779.6,-2093.5,769.2,-2017.9
LYO01261,Plastique,PVC,150,70.6,1980,769.2,-2017.9,839.3,-2010.2
LYO01262,Plastique,PVC collé,125,224.9,1985,769.2,-2017.9,675.6,-1813.4
LYO01263,Plastique,PVC collé,40,214.4,1967,675.6,-1813.4,882.3,-1870.3
LYO01264,Plastique,PVC collé,600,137.5,1960,675.6,-1813.4,684.2,-1676.1
LYO01265,Fonte,Fonte grise,80,124.4,1949,684.2,-1676.1,800.7,-1719.7
LYO01266,Plastique,PVC collé,80,81.5,1963,684.2,-1676.1,677.2,-1594.9
LYO01267,Acier,Acier,80,120.3,1950,677.2,-1594.9,795.8,-1574.7
LYO01268,Fonte,Fonte grise,250,197.0,1944,677.2,-1594.9,610.5,-1409.6
LYO01269,Fonte,Fonte ductile,50,132.4,1990,610.5,-1409.6,741.1,-1387.9
LYO01270,Fonte,Fonte ductile,40,55.7,1970,610.5,-1409.6,604.7,-1354.2
LYO01271,Plastique,PVC,125,210.8,1980,604.7,-1354.2,799.1,-1272.6
LYO01272,Plastique,PVC,32,226.7,1980,604.7,-1354.2,577.2,-1129.2
LYO01273,Fonte,Fonte ductile,250,182.5,1970,577.2,-1129.2,749.7,-1188.8
LYO01274,Plastique,PVC collé,125,129.2,1964,577.2,-1129.2,582.0,-1000.0
LYO01275,Plastique,PVC,250,137.0,1980,582.0,-1000.0,585.3,-863.1
LYO01276,Plastique,PEHD,400,143.0,1995,585.3,-863.1,727.0,-882.1
LYO01277,Plastique,PEHD,80,80.3,1995,585.3,-863.1,551.3,-790.4
LYO01278,Plastique,PVC,100,165.4,1980,551.3,-790.4,699.9,-717.7
LYO01279,Plastique,PVC,80,213.8,1980,551.3,-790.4,539.9,-576.9
LYO01280,Fonte,Fonte grise,100,84.3,1966,544.2,-466.2,621.2,-431.9
LYO01281,Plastique,PEHD,100,157.9,1995,544.2,-466.2,492.6,-316.9
LYO01282,Plastique,PVC,150,155.1,1980,492.6,-316.9,645.7,-291.6
LYO01283,Fonte,Fonte grise,80,67.5,1941,506.8,-231.9,574.3,-230.5
LYO01284,Plastique,PVC,600,112.4,1980,446.8,-45.8,549.8,-91.0
LYO01285,Plastique,PVC collé,80,81.1,1960,446.8,-45.8,466.1,33.0
LYO01286,Fonte,Fonte ductile,80,80.6,1970,466.1,33.0,546.5,39.5
LYO01287,Fonte,Fonte grise,80,221.8,1936,466.1,33.0,396.6,243.6
LYO01288,Fonte,Fonte ductile,200,138.1,1970,396.6,243.6,533.9,228.7
LYO01289,Fonte,Fonte ductile,200,50.4,1978,396.6,243.6,398.7,293.9
LYO01290,Fonte,Fonte grise,500,114.2,1951,398.7,293.9,511.0,314.8
LYO01291,Fonte,Fonte grise,80,143.2,1954,398.7,293.9,385.7,436.5
LYO01292,Fonte,Fonte grise,125,117.5,1930,385.7,436.5,476.9,510.6
LYO01293,Fonte,Fonte grise,250,69.8,1930,346.1,642.7,378.8,704.4
LYO01294,Fonte,Fonte ductile,200,106.0,1985,378.8,704.4,453.8,779.3
LYO01295,Plastique,PVC collé,40,220.9,1970,378.8,704.4,307.4,913.4
LYO01296,Plastique,PEHD,400,171.9,1995,307.4,913.4,478.7,898.1
LYO01297,Plastique,PVC,150,145.4,1980,307.4,913.4,296.0,1058.4
LYO01298,Plastique,PVC,250,158.5,1980,296.0,1058.4,451.2,1025.7
LYO01299,Fonte,Fonte grise,125,69.7,1930,296.0,1058.4,254.8,1114.6
LYO01300,Plastique,PVC collé,32,140.1,1963,300.3,1288.9,439.3,1306.8
LYO01301,Plastique,PVC collé,250,153.5,1960,300.3,1288.9,209.1,1412.4
LYO01302,Plastique,PEHD,40,214.5,1995,209.1,1412.4,422.7,1431.7
LYO01303,Plastique,PVC,250,136.1,1981,209.1,1412.4,190.6,1547.2
LYO01304,Plastique,PVC collé,63,161.6,1960,190.6,1547.2,346.4,1590.0
LYO01305,Ciment,Amiante-ciment,200,108.4,1955,190.6,1547.2,184.1,1655.5
LYO01306,Plastique,PVC,125,158.8,1993,184.1,1655.5,316.1,1743.7
LYO01307,Plastique,PVC collé,200,219.2,1975,184.1,1655.5,147.6,1871.6
LYO01308,Fonte,Fonte grise,200,195.9,1966,147.6,1871.6,343.4,1874.8
LYO01309,Ciment,Amiante-ciment,40,117.5,1967,147.6,1871.6,151.6,1989.0
LYO01310,Fonte,Fonte ductile,80,196.2,1970,151.6,1989.0,347.6,1979.9
LYO01311,Plastique,PVC collé,250,103.9,1967,151.6,1989.0,169.6,2091.4
LYO01312,Fonte,Fonte ductile,63,112.9,2012,169.6,2091.4,255.5,2164.6
LYO01313,Plastique,PVC collé,250,191.5,1966,169.6,2091.4,157.2,2282.4
LYO01314,Plastique,PVC collé,32,79.4,1960,157.2,2282.4,236.6,2283.1
LYO01315,Plastique,PVC,40,82.3,1999,878.1,-2082.8,839.3,-2010.2
LYO01316,Fonte,Fonte ductile,80,128.1,1970,839.3,-2010.2,952.1,-1949.4
LYO01317,Plastique,PVC,125,146.4,1997,839.3,-2010.2,882.3,-1870.3
LYO01318,Fonte,Fonte ductile,150,101.8,1991,882.3,-1870.3,924.7,-1777.8
LYO01319,Fonte,Fonte ductile,40,171.3,1980,882.3,-1870.3,800.7,-1719.7
LYO01320,Plastique,PVC collé,100,153.6,1983,800.7,-1719.7,948.4,-1677.3
LYO01321,Fonte,Fonte ductile,80,145.1,1975,800.7,-1719.7,795.8,-1574.7
LYO01322,Fonte,Fonte ductile,150,135.4,1975,795.8,-1574.7,930.3,-1559.8
LYO01323,Fonte,Fonte grise,150,212.1,1938,741.1,-1387.9,950.5,-1421.9
LYO01324,Fonte,Fonte grise,150,129.0,1953,741.1,-1387.9,799.1,-1272.6
LYO01325,Plastique,PVC collé,200,100.6,1985,799.1,-1272.6,898.8,-1286.1
LYO01326,Plastique,PVC,100,97.3,1999,799.1,-1272.6,749.7,-1188.8
LYO01327,Fonte,Fonte grise,250,128.6,1957,749.7,-1188.8,864.4,-1130.6
LYO01328,Plastique,PVC,250,180.9,1980,749.7,-1188.8,749.7,-1007.9
LYO01329,Plastique,PVC,100,131.1,1980,749.7,-1007.9,880.8,-1004.0
LYO01330,Fonte,Fonte ductile,100,127.8,1971,749.7,-1007.9,727.0,-882.1
LYO01331,Fonte,Fonte grise,100,83.8,1930,727.0,-882.1,787.9,-824.5
LYO01332,Fonte,Fonte ductile,250,166.6,2012,727.0,-882.1,699.9,-717.7
LYO01333,Plastique,PVC,600,135.6,1980,699.9,-717.7,826.6,-766.0
LYO01334,Fonte,Fonte ductile,40,144.8,1970,699.9,-717.7,635.0,-588.3
LYO01335,Plastique,PVC,150,206.8,1980,635.0,-588.3,840.8,-608.5
LYO01336,Fonte,Fonte ductile,100,157.0,1987,635.0,-588.3,621.2,-431.9
LYO01337,Fonte,Fonte ductile,125,166.0,1972,621.2,-431.9,780.2,-479.8
LYO01338,Plastique,PVC collé,500,142.5,1960,621.2,-431.9,645.7,-291.6
LYO01339,Plastique,PVC collé,200,108.5,1969,645.7,-291.6,754.2,-294.9
LYO01340,Fonte,Fonte grise,250,94.0,1958,645.7,-291.6,574.3,-230.5
LYO01341,Fonte,Fonte grise,150,167.1,1950,574.3,-230.5,724.0,-156.2
LYO01342,Fonte,Fonte ductile,200,141.7,1978,574.3,-230.5,549.8,-91.0
LYO01343,Fonte,Fonte grise,80,183.3,1930,549.8,-91.0,732.3,-74.3
LYO01344,Fonte,Fonte ductile,100,130.5,1970,549.8,-91.0,546.5,39.5
LYO01345,Plastique,PVC,250,203.9,1980,546.5,39.5,732.8,122.3
LYO01346,Fonte,Fonte grise,500,111.1,1942,533.9,228.7,644.4,240.6
LYO01347,Fonte,Fonte grise,150,89.1,1930,533.9,228.7,511.0,314.8
LYO01348,Fonte,Fonte ductile,100,172.5,1970,511.0,314.8,656.3,407.8
LYO01349,Plastique,PVC collé,250,198.7,1960,511.0,314.8,476.9,510.6
LYO01350,Plastique,PVC,150,172.4,1980,476.9,510.6,647.9,532.3
LYO01351,Fonte,Fonte ductile,150,122.7,1971,476.9,510.6,538.9,616.5
LYO01352,Fonte,Fonte grise,500,63.6,1931,538.9,616.5,600.6,632.0
LYO01353,Fonte,Fonte grise,150,183.7,1947,538.9,616.5,453.8,779.3
LYO01354,Plastique,PEHD,50,120.8,1995,453.8,779.3,573.7,793.2
LYO01355,Ciment,Amiante-ciment,100,121.5,1955,453.8,779.3,478.7,898.1
LYO01356,Plastique,PVC collé,600,140.4,1972,478.7,898.1,618.5,886.1
LYO01357,Fonte,Fonte ductile,100,130.5,1979,478.7,898.1,451.2,1025.7
LYO01358,Plastique,PEHD,100,99.5,1995,451.2,1025.7,550.6,1021.5
LYO01359,Fonte,Fonte grise,50,109.7,1938,451.2,1025.7,443.3,1135.1
LYO01360,Fonte,Fonte ductile,40,98.8,1970,443.3,1135.1,503.6,1213.4
LYO01361,Fonte,Fonte ductile,80,171.7,1983,443.3,1135.1,439.3,1306.8
LYO01362,Fonte,Fonte grise,100,121.9,1937,439.3,1306.8,558.4,1332.5
LYO01363,Fonte,Fonte ductile,150,126.0,1975,439.3,1306.8,422.7,1431.7
LYO01364,Plastique,PEHD,300,74.0,2006,422.7,1431.7,465.5,1492.1
LYO01365,Fonte,Fonte grise,300,175.7,1930,422.7,1431.7,346.4,1590.0
LYO01366,Plastique,PVC,100,130.9,1980,346.4,1590.0,470.3,1632.1
LYO01367,Acier,Acier,250,156.8,1963,346.4,1590.0,316.1,1743.7
LYO01368,Fonte,Fonte ductile,250,154.0,1972,316.1,1743.7,466.0,1708.6
LYO01369,Plastique,PEHD,250,125.7,1995,343.4,1874.8,462.5,1834.4
LYO01370,Plastique,PEHD,250,105.2,1995,343.4,1874.8,347.6,1979.9
LYO01371,Fonte,Fonte ductile,80,87.5,1978,347.6,1979.9,434.6,1988.7
LYO01372,Fonte,Fonte ductile,80,206.4,1978,347.6,1979.9,255.5,2164.6
LYO01373,Fonte,Fonte grise,200,180.9,1954,255.5,2164.6,435.4,2145.8
LYO01374,Plastique,PVC,40,120.0,1980,255.5,2164.6,236.6,2283.1
LYO01375,Plastique,PEHD,200,175.8,1995,236.6,2283.1,412.3,2287.5
LYO01376,Plastique,PVC collé,500,139.1,1960,1033.1,-2048.7,1172.0,-2039.9
LYO01377,Fonte,Fonte grise,150,200.0,1931,952.1,-1949.4,1151.8,-1959.8
LYO01378,Plastique,PVC,40,173.8,1991,952.1,-1949.4,924.7,-1777.8
LYO01379,Ciment,Amiante-ciment,50,155.1,1969,924.7,-1777.8,1079.5,-1788.3
LYO01380,Plastique,PVC collé,80,130.1,1960,948.4,-1677.3,1065.5,-1620.7
LYO01381,Fonte,Fonte grise,80,118.8,1930,948.4,-1677.3,930.3,-1559.8
LYO01382,Plastique,PVC collé,80,156.1,1960,930.3,-1559.8,1074.2,-1499.4
LYO01383,Plastique,PVC collé,80,139.4,1960,930.3,-1559.8,950.5,-1421.9
LYO01384,Plastique,PVC collé,125,145.3,1960,950.5,-1421.9,898.8,-1286.1
LYO01385,Plastique,PEHD,100,98.9,1995,898.8,-1286.1,975.0,-1223.0
LYO01386,Fonte,Fonte ductile,150,159.2,1970,898.8,-1286.1,864.4,-1130.6
LYO01387,Fonte,Fonte grise,150,106.0,1930,864.4,-1130.6,970.3,-1134.9
LYO01388,Plastique,PVC,150,101.3,1995,880.8,-1004.0,972.5,-960.9
LYO01389,Fonte,Fonte ductile,150,202.1,1977,880.8,-1004.0,787.9,-824.5
LYO01390,Fonte,Fonte grise,125,70.1,1955,787.9,-824.5,826.6,-766.0
LYO01391,Fonte,Fonte ductile,32,130.0,1977,826.6,-766.0,953.7,-739.0
LYO01392,Fonte,Fonte ductile,250,66.6,1970,840.8,-608.5,906.3,-596.3
LYO01393,Plastique,PVC collé,500,142.3,1963,840.8,-608.5,780.2,-479.8
LYO01394,Fonte,Fonte grise,100,99.5,1937,780.2,-479.8,876.4,-454.2
LYO01395,Plastique,PEHD,80,186.6,2002,780.2,-479.8,754.2,-294.9
LYO01396,Fonte,Fonte ductile,63,160.4,1975,754.2,-294.9,908.4,-250.9
LYO01397,Plastique,PEHD,100,142.0,1995,754.2,-294.9,724.0,-156.2
LYO01398,Fonte,Fonte ductile,32,110.0,1970,724.0,-156.2,830.0,-126.9
LYO01399,Plastique,PEHD,32,82.4,1995,724.0,-156.2,732.3,-74.3
LYO01400,Fonte,Fonte grise,32,111.0,1939,732.3,-74.3,820.8,-7.3
LYO01401,Fonte,Fonte ductile,40,77.8,1970,732.8,122.3,808.5,140.1
LYO01402,Fonte,Fonte grise,100,147.6,1930,732.8,122.3,644.4,240.6
LYO01403,Plastique,PEHD,125,118.4,1995,644.4,240.6,762.7,237.8
LYO01404,Plastique,PVC collé,150,167.7,1960,644.4,240.6,656.3,407.8
LYO01405,Fonte,Fonte grise,150,138.8,1930,656.3,407.8,793.8,388.8
LYO01406,Fonte,Fonte ductile,63,124.8,1970,656.3,407.8,647.9,532.3
LYO01407,Acier,Acier,200,110.3,1963,647.9,532.3,600.6,632.0
LYO01408,Plastique,PVC,250,151.6,1980,600.6,632.0,751.3,648.7
LYO01409,Fonte,Fonte grise,50,163.5,1952,600.6,632.0,573.7,793.2
LYO01410,Ciment,Amiante-ciment,200,194.0,1955,573.7,793.2,767.3,780.0
LYO01411,Fonte,Fonte grise,150,103.1,1930,573.7,793.2,618.5,886.1
LYO01412,Plastique,PVC,63,121.4,1980,618.5,886.1,738.6,904.4
LYO01413,Acier,Acier,100,151.4,1990,618.5,886.1,550.6,1021.5
LYO01414,Fonte,Fonte grise,200,182.8,1939,550.6,1021.5,731.7,1046.8
LYO01415,Plastique,PVC collé,250,197.5,1960,550.6,1021.5,503.6,1213.4
LYO01416,Fonte,Fonte ductile,150,199.3,1973,503.6,1213.4,699.5,1250.5
LYO01417,Plastique,PVC collé,125,131.1,1960,503.6,1213.4,558.4,1332.5
LYO01418,Fonte,Fonte ductile,63,136.5,1970,558.4,1332.5,694.9,1327.7
LYO01419,Fonte,Fonte grise,200,184.7,1959,558.4,1332.5,465.5,1492.1
LYO01420,Fonte,Fonte ductile,32,140.1,1991,465.5,1492.1,470.3,1632.1
LYO01421,Fonte,Fonte ductile,300,119.3,1984,470.3,1632.1,586.6,1605.8
LYO01422,Fonte,Fonte grise,400,76.6,1944,470.3,1632.1,466.0,1708.6
LYO01423,Plastique,PVC collé,63,153.1,1985,466.0,1708.6,593.1,1794.0
LYO01424,Fonte,Fonte ductile,500,125.8,1995,466.0,1708.6,462.5,1834.4
LYO01425,Ciment,Amiante-ciment,150,156.8,1955,462.5,1834.4,603.4,1903.1
LYO01426,Fonte,Fonte ductile,250,156.8,1986,462.5,1834.4,434.6,1988.7
LYO01427,Plastique,PVC collé,200,124.8,1960,434.6,1988.7,553.3,2027.2
LYO01428,Fonte,Fonte grise,250,157.1,1975,434.6,1988.7,435.4,2145.8
LYO01429,Fonte,Fonte ductile,125,109.1,2005,435.4,2145.8,544.4,2151.7
LYO01430,Fonte,Fonte ductile,200,143.6,1986,435.4,2145.8,412.3,2287.5
LYO01431,Fonte,Fonte grise,100,139.7,1965,412.3,2287.5,550.1,2264.1
LYO01432,Fonte,Fonte ductile,250,133.5,1990,1172.0,-2039.9,1303.1,-2064.6
LYO01433,Plastique,PVC collé,150,82.6,1960,1172.0,-2039.9,1151.8,-1959.8
LYO01434,Fonte,Fonte grise,80,52.9,1957,1151.8,-1959.8,1204.2,-1967.0
LYO01435,Plastique,PVC collé,80,186.2,1960,1151.8,-1959.8,1079.5,-1788.3
LYO01436,Fonte,Fonte ductile,500,139.0,1994,1079.5,-1788.3,1217.6,-1803.8
LYO01437,Fonte,Fonte grise,125,168.2,1931,1079.5,-1788.3,1065.5,-1620.7
LYO01438,Plastique,PVC collé,50,120.1,1965,1065.5,-1620.7,1184.6,-1605.5
LYO01439,Fonte,Fonte ductile,500,121.6,1998,1065.5,-1620.7,1074.2,-1499.4
LYO01440,Plastique,PEHD,63,66.0,1995,1074.2,-1499.4,1139.3,-1510.1
LYO01441,Plastique,PEHD,100,95.4,1995,1074.2,-1499.4,1048.5,-1407.5
LYO01442,Plastique,PVC collé,250,131.9,1960,1048.5,-1407.5,1153.9,-1328.2
LYO01443,Acier,Acier,125,198.6,1959,1048.5,-1407.5,975.0,-1223.0
LYO01444,Plastique,PVC,250,151.5,1980,975.0,-1223.0,1121.4,-1262.3
LYO01445,Plastique,PEHD,32,88.3,2007,975.0,-1223.0,970.3,-1134.9
LYO01446,Fonte,Fonte grise,80,174.0,1946,970.3,-1134.9,972.5,-960.9
LYO01447,Fonte,Fonte ductile,200,129.4,1979,972.5,-960.9,1100.3,-940.9
LYO01448,Fonte,Fonte ductile,50,106.4,1979,972.5,-960.9,940.3,-859.4
LYO01449,Fonte,Fonte grise,80,121.1,1933,940.3,-859.4,953.7,-739.0
LYO01450,Plastique,PEHD,125,133.6,1995,953.7,-739.0,1054.6,-651.5
LYO01451,Fonte,Fonte grise,150,150.4,1930,953.7,-739.0,906.3,-596.3
LYO01452,Plastique,PVC,300,175.7,1996,906.3,-596.3,1054.7,-502.2
LYO01453,Fonte,Fonte ductile,100,145.2,1970,906.3,-596.3,876.4,-454.2
LYO01454,Ciment,Amiante-ciment,100,143.1,1966,876.4,-454.2,1018.2,-435.0
LYO01455,Fonte,Fonte ductile,200,205.8,1970,876.4,-454.2,908.4,-250.9
LYO01456,Fonte,Fonte grise,400,128.2,1930,908.4,-250.9,1035.1,-231.0
LYO01457,Fonte,Fonte ductile,150,146.7,1977,908.4,-250.9,830.0,-126.9
LYO01458,Plastique,PVC collé,100,194.7,1960,830.0,-126.9,1021.1,-164.8
LYO01459,Plastique,PVC,100,120.0,1980,830.0,-126.9,820.8,-7.3
LYO01460,Plastique,PVC,125,104.0,1980,820.8,-7.3,923.0,12.3
LYO01461,Fonte,Fonte grise,200,148.0,1954,820.8,-7.3,808.5,140.1
LYO01462,Fonte,Fonte grise,300,113.5,1956,808.5,140.1,921.9,134.5
LYO01463,Plastique,PVC collé,32,107.8,1960,808.5,140.1,762.7,237.8
LYO01464,Fonte,Fonte ductile,300,210.1,1977,762.7,237.8,972.7,228.0
LYO01465,Fonte,Fonte ductile,150,154.2,1970,762.7,237.8,793.8,388.8
LYO01466,Acier,Acier,250,120.1,1950,793.8,388.8,803.4,508.5
LYO01467,Plastique,PVC collé,50,94.2,1960,803.4,508.5,897.4,514.1
LYO01468,Plastique,PVC,80,149.5,1988,803.4,508.5,751.3,648.7
LYO01469,Fonte,Fonte ductile,200,171.4,1987,751.3,648.7,909.1,715.6
LYO01470,Fonte,Fonte ductile,125,132.3,1970,751.3,648.7,767.3,780.0
LYO01471,Plastique,PVC,200,129.8,1996,767.3,780.0,872.1,856.6
LYO01472,Fonte,Fonte ductile,150,127.7,2015,767.3,780.0,738.6,904.4
LYO01473,Plastique,PEHD,80,79.8,1995,738.6,904.4,813.1,933.0
LYO01474,Fonte,Fonte ductile,250,142.5,1970,738.6,904.4,731.7,1046.8
LYO01475,Ciment,Amiante-ciment,150,119.4,1955,731.7,1046.8,831.3,1112.6
LYO01476,Plastique,PEHD,200,206.2,1995,731.7,1046.8,699.5,1250.5
LYO01477,Plastique,PEHD,200,122.4,1995,699.5,1250.5,815.4,1211.0
LYO01478,Fonte,Fonte grise,80,77.4,1948,699.5,1250.5,694.9,1327.7
LYO01479,Plastique,PVC,40,67.2,2009,694.9,1327.7,737.0,1380.1
LYO01480,Ciment,Amiante-ciment,100,180.7,1956,694.9,1327.7,623.9,1493.9
LYO01481,Fonte,Fonte grise,63,146.3,1957,623.9,1493.9,760.4,1546.5
LYO01482,Fonte,Fonte ductile,80,117.9,2002,623.9,1493.9,586.6,1605.8
LYO01483,Fonte,Fonte ductile,125,193.9,1981,586.6,1605.8,780.5,1606.7
LYO01484,Plastique,PVC,150,188.3,1980,586.6,1605.8,593.1,1794.0
LYO01485,Plastique,PVC,200,109.6,1993,593.1,1794.0,603.4,1903.1
LYO01486,Plastique,PVC,125,133.9,1987,603.4,1903.1,553.3,2027.2
LYO01487,Plastique,PVC,250,109.0,1981,553.3,2027.2,645.9,2084.7
LYO01488,Plastique,PEHD,80,124.8,1995,553.3,2027.2,544.4,2151.7
LYO01489,Fonte,Fonte ductile,150,132.0,1984,544.4,2151.7,672.7,2182.4
LYO01490,Fonte,Fonte ductile,100,112.5,2013,544.4,2151.7,550.1,2264.1
LYO01491,Fonte,Fonte ductile,50,92.5,1988,550.1,2264.1,638.1,2292.9
LYO01492,Plastique,PVC,40,51.6,1988,1303.1,-2064.6,1354.5,-2068.9
LYO01493,Plastique,PEHD,63,139.0,1995,1303.1,-2064.6,1204.2,-1967.0
LYO01494,Fonte,Fonte ductile,100,165.0,2002,1204.2,-1967.0,1333.2,-1864.1
LYO01495,Fonte,Fonte grise,125,163.8,1969,1204.2,-1967.0,1217.6,-1803.8
LYO01496,Fonte,Fonte ductile,100,201.0,1993,1217.6,-1803.8,1184.6,-1605.5
LYO01497,Fonte,Fonte ductile,50,101.2,1970,1184.6,-1605.5,1284.5,-1589.7
LYO01498,Fonte,Fonte ductile,50,105.5,1999,1184.6,-1605.5,1139.3,-1510.1
LYO01499,Plastique,PVC collé,40,186.5,1960,1139.3,-1510.1,1325.8,-1505.6
LYO01500,Fonte,Fonte grise,125,182.5,1930,1139.3,-1510.1,1153.9,-1328.2
LYO01501,Acier,Acier,125,166.6,1965,1153.9,-1328.2,1311.5,-1382.1
LYO01502,Fonte,Fonte grise,250,73.5,1953,1153.9,-1328.2,1121.4,-1262.3
LYO01503,Plastique,PEHD,200,143.6,1996,1121.4,-1262.3,1252.5,-1203.7
LYO01504,Plastique,PEHD,100,134.2,2007,1121.4,-1262.3,1089.4,-1132.0
LYO01505,Ciment,Amiante-ciment,250,181.1,1959,1089.4,-1132.0,1255.6,-1060.0
LYO01506,Plastique,PVC collé,32,191.5,1974,1089.4,-1132.0,1100.3,-940.9
LYO01507,Acier,Acier,500,166.8,1965,1100.3,-940.9,1264.3,-971.1
LYO01508,Plastique,PEHD,200,89.3,1995,1134.1,-852.3,1210.7,-806.5
LYO01509,Fonte,Fonte ductile,100,215.9,1970,1134.1,-852.3,1054.6,-651.5
LYO01510,Fonte,Fonte grise,100,164.8,1932,1054.6,-651.5,1216.6,-682.1
LYO01511,Plastique,PVC collé,150,149.3,1968,1054.6,-651.5,1054.7,-502.2
LYO01512,Fonte,Fonte ductile,125,121.3,1981,1054.7,-502.2,1171.8,-533.6
LYO01513,Fonte,Fonte ductile,40,76.5,1970,1054.7,-502.2,1018.2,-435.0
LYO01514,Fonte,Fonte ductile,200,151.0,1970,1018.2,-435.0,1165.1,-399.8
LYO01515,Plastique,PEHD,80,204.6,1995,1018.2,-435.0,1035.1,-231.0
LYO01516,Plastique,PVC,80,119.6,1980,1035.1,-231.0,1150.6,-262.0
LYO01517,Fonte,Fonte grise,100,143.0,1930,1021.1,-164.8,1161.6,-138.3
LYO01518,Ciment,Amiante-ciment,600,202.5,1955,1021.1,-164.8,923.0,12.3
LYO01519,Ciment,Amiante-ciment,100,177.8,1955,923.0,12.3,1095.8,-29.6
LYO01520,Plastique,PVC collé,250,122.2,1966,923.0,12.3,921.9,134.5
LYO01521,Plastique,PVC,600,125.6,1980,921.9,134.5,1047.0,145.6
LYO01522,Fonte,Fonte ductile,250,106.5,1985,921.9,134.5,972.7,228.0
LYO01523,Fonte,Fonte ductile,250,84.5,1970,972.7,228.0,1021.7,296.9
LYO01524,Plastique,PVC,80,191.3,1980,972.7,228.0,920.7,412.1
LYO01525,Fonte,Fonte ductile,50,128.3,2015,920.7,412.1,1045.1,380.9
LYO01526,Fonte,Fonte ductile,200,104.6,1992,920.7,412.1,897.4,514.1
LYO01527,Fonte,Fonte grise,250,139.7,1930,897.4,514.1,1017.4,585.7
LYO01528,Plastique,PVC collé,32,201.8,1960,897.4,514.1,909.1,715.6
LYO01529,Ciment,Amiante-ciment,100,79.7,1955,909.1,715.6,970.1,664.4
LYO01530,Fonte,Fonte ductile,80,134.1,1971,872.1,856.6,1005.6,843.7
LYO01531,Plastique,PEHD,250,96.5,2011,872.1,856.6,813.1,933.0
LYO01532,Acier,Acier,100,156.6,1950,813.1,933.0,958.3,991.5
LYO01533,Fonte,Fonte ductile,125,99.6,1973,831.3,1112.6,815.4,1211.0
LYO01534,Fonte,Fonte ductile,100,186.3,1970,815.4,1211.0,737.0,1380.1
LYO01535,Fonte,Fonte grise,63,212.1,1936,737.0,1380.1,948.1,1359.6
LYO01536,Plastique,PEHD,125,63.6,2009,760.4,1546.5,780.5,1606.7
LYO01537,Plastique,PVC collé,125,111.9,1971,780.5,1606.7,886.5,1642.8
LYO01538,Fonte,Fonte grise,125,196.0,1971,780.5,1606.7,736.5,1797.7
LYO01539,Fonte,Fonte grise,32,144.6,1930,736.5,1797.7,880.4,1783.2
LYO01540,Fonte,Fonte grise,100,131.7,1930,736.5,1797.7,695.1,1922.7
LYO01541,Fonte,Fonte grise,600,169.2,1974,695.1,1922.7,645.9,2084.7
LYO01542,Plastique,PVC,100,151.5,1980,645.9,2084.7,794.3,2054.0
LYO01543,Fonte,Fonte grise,200,101.3,1950,645.9,2084.7,672.7,2182.4
LYO01544,Plastique,PEHD,500,98.4,2006,672.7,2182.4,769.9,2197.9
LYO01545,Fonte,Fonte grise,400,129.0,1969,638.1,2292.9,765.7,2311.4
LYO01546,Plastique,PVC,32,140.9,1980,1354.5,-2068.9,1495.4,-2067.2
LYO01547,Fonte,Fonte grise,200,205.9,1952,1354.5,-2068.9,1333.2,-1864.1
LYO01548,Plastique,PVC,100,167.7,1980,1333.2,-1864.1,1491.3,-1920.0
LYO01549,Acier,Acier,40,136.5,1950,1333.2,-1864.1,1339.1,-1727.8
LYO01550,Fonte,Fonte grise,250,131.0,1930,1339.1,-1727.8,1465.3,-1763.2
LYO01551,Fonte,Fonte grise,32,148.5,1940,1339.1,-1727.8,1284.5,-1589.7
LYO01552,Fonte,Fonte grise,200,139.8,1933,1284.5,-1589.7,1419.8,-1625.0
LYO01553,Plastique,PVC,40,93.7,1980,1284.5,-1589.7,1325.8,-1505.6
LYO01554,Fonte,Fonte ductile,32,94.1,1978,1325.8,-1505.6,1418.8,-1519.8
LYO01555,Plastique,PVC,200,124.2,1980,1325.8,-1505.6,1311.5,-1382.1
LYO01556,Acier,Acier,250,132.0,1950,1311.5,-1382.1,1438.8,-1347.0
LYO01557,Plastique,PVC,125,188.0,1988,1311.5,-1382.1,1252.5,-1203.7
LYO01558,Plastique,PVC,50,117.0,1998,1252.5,-1203.7,1369.3,-1208.8
LYO01559,Fonte,Fonte grise,100,143.7,1930,1252.5,-1203.7,1255.6,-1060.0
LYO01560,Fonte,Fonte ductile,150,89.3,2015,1255.6,-1060.0,1264.3,-971.1
LYO01561,Fonte,Fonte ductile,100,134.7,1970,1264.3,-971.1,1398.7,-963.0
LYO01562,Fonte,Fonte grise,125,173.1,1937,1264.3,-971.1,1210.7,-806.5
LYO01563,Fonte,Fonte ductile,80,133.6,1988,1210.7,-806.5,1343.0,-788.3
LYO01564,Fonte,Fonte ductile,250,124.6,1978,1210.7,-806.5,1216.6,-682.1
LYO01565,Acier,Acier,200,113.4,1955,1216.6,-682.1,1320.8,-637.4
LYO01566,Fonte,Fonte grise,50,155.1,1930,1216.6,-682.1,1171.8,-533.6
LYO01567,Fonte,Fonte ductile,250,149.3,1970,1171.8,-533.6,1309.8,-476.7
LYO01568,Plastique,PVC collé,63,133.9,1980,1171.8,-533.6,1165.1,-399.8
LYO01569,Plastique,PVC,100,129.0,1980,1165.1,-399.8,1294.0,-395.1
LYO01570,Plastique,PVC,300,135.4,1980,1150.6,-262.0,1273.6,-205.3
LYO01571,Fonte,Fonte ductile,200,124.2,1988,1150.6,-262.0,1161.6,-138.3
LYO01572,Acier,Acier,50,119.8,1960,1161.6,-138.3,1277.7,-108.9
LYO01573,Plastique,PVC collé,300,148.1,1960,1095.8,-29.6,1228.0,37.1
LYO01574,Fonte,Fonte grise,80,181.8,1935,1095.8,-29.6,1047.0,145.6
LYO01575,Plastique,PVC collé,400,159.5,1960,1047.0,145.6,1206.1,157.1
LYO01576,Plastique,PEHD,100,153.4,1995,1047.0,145.6,1021.7,296.9
LYO01577,Plastique,PEHD,80,170.5,1995,1021.7,296.9,1186.7,340.0
LYO01578,Plastique,PVC,80,87.2,1980,1021.7,296.9,1045.1,380.9
LYO01579,Fonte,Fonte grise,80,206.7,1930,1045.1,380.9,1017.4,585.7
LYO01580,Fonte,Fonte grise,200,144.3,1930,1017.4,585.7,1159.9,563.1
LYO01581,Fonte,Fonte ductile,250,91.8,1976,1017.4,585.7,970.1,664.4
LYO01582,Fonte,Fonte ductile,50,189.8,1997,970.1,664.4,1146.1,735.7
LYO01583,Fonte,Fonte ductile,100,182.8,1987,970.1,664.4,1005.6,843.7
LYO01584,Fonte,Fonte grise,80,110.3,1961,1005.6,843.7,1111.2,812.1
LYO01585,Fonte,Fonte ductile,400,155.1,1996,1005.6,843.7,958.3,991.5
LYO01586,Fonte,Fonte ductile,125,145.9,1970,958.3,991.5,1096.4,1038.7
LYO01587,Fonte,Fonte ductile,600,125.3,1977,946.8,1120.3,1071.8,1128.3
LYO01588,Fonte,Fonte ductile,125,147.1,1976,946.8,1120.3,950.7,1267.3
LYO01589,Fonte,Fonte grise,200,59.3,1963,950.7,1267.3,1009.6,1274.1
LYO01590,Fonte,Fonte ductile,125,92.3,1997,950.7,1267.3,948.1,1359.6
LYO01591,Fonte,Fonte grise,200,102.4,1930,948.1,1359.6,1045.5,1391.1
LYO01592,Fonte,Fonte ductile,125,145.3,1970,948.1,1359.6,899.7,1496.5
LYO01593,Fonte,Fonte grise,125,82.7,1930,899.7,1496.5,982.2,1491.7
LYO01594,Fonte,Fonte ductile,500,146.8,1979,899.7,1496.5,886.5,1642.8
LYO01595,Plastique,PEHD,100,100.8,1995,886.5,1642.8,971.0,1697.6
LYO01596,Plastique,PVC collé,100,140.6,1960,886.5,1642.8,880.4,1783.2
LYO01597,Fonte,Fonte ductile,100,72.4,1983,880.4,1783.2,952.6,1788.6
LYO01598,Plastique,PEHD,40,124.3,2020,880.4,1783.2,799.5,1877.5
LYO01599,Fonte,Fonte ductile,200,157.3,2015,799.5,1877.5,953.1,1911.4
LYO01600,Fonte,Fonte ductile,150,176.5,1991,799.5,1877.5,794.3,2054.0
LYO01601,Fonte,Fonte ductile,500,106.9,1989,794.3,2054.0,887.5,2106.3
LYO01602,Ciment,Amiante-ciment,80,145.9,1962,794.3,2054.0,769.9,2197.9
LYO01603,Ciment,Amiante-ciment,80,117.0,1955,769.9,2197.9,873.9,2251.3
LYO01604,Plastique,PVC,80,113.6,2005,769.9,2197.9,765.7,2311.4
LYO01605,Fonte,Fonte grise,40,119.7,1933,765.7,2311.4,861.2,2383.6
LYO01606,Fonte,Fonte grise,40,149.7,1930,1495.4,-2067.2,1606.2,-1966.5
LYO01607,Fonte,Fonte ductile,125,147.3,1987,1495.4,-2067.2,1491.3,-1920.0
LYO01608,Plastique,PVC collé,500,156.6,1982,1491.3,-1920.0,1644.8,-1889.3
LYO01609,Fonte,Fonte grise,250,159.0,1930,1491.3,-1920.0,1465.3,-1763.2
LYO01610,Plastique,PVC,80,156.2,2004,1465.3,-1763.2,1619.9,-1741.0
LYO01611,Plastique,PVC,150,145.4,1980,1465.3,-1763.2,1419.8,-1625.0
LYO01612,Acier,Acier,300,164.0,1950,1419.8,-1625.0,1563.8,-1546.4
LYO01613,Acier,Acier,250,105.2,1967,1419.8,-1625.0,1418.8,-1519.8
LYO01614,Plastique,PVC collé,125,149.5,1968,1418.8,-1519.8,1559.1,-1468.1
LYO01615,Plastique,PVC,80,173.9,1980,1418.8,-1519.8,1438.8,-1347.0
LYO01616,Fonte,Fonte grise,100,108.8,1951,1438.8,-1347.0,1540.8,-1309.2
LYO01617,Fonte,Fonte ductile,50,154.7,1985,1438.8,-1347.0,1369.3,-1208.8
LYO01618,Fonte,Fonte grise,600,138.8,1930,1369.3,-1208.8,1492.9,-1145.6
LYO01619,Fonte,Fonte ductile,250,188.0,2003,1369.3,-1208.8,1337.5,-1023.5
LYO01620,Fonte,Fonte ductile,400,180.5,1970,1337.5,-1023.5,1517.4,-1039.5
LYO01621,Plastique,PVC collé,40,86.1,1960,1337.5,-1023.5,1398.7,-963.0
LYO01622,Fonte,Fonte ductile,125,79.6,1984,1398.7,-963.0,1439.2,-894.4
LYO01623,Fonte,Fonte ductile,200,183.3,2007,1398.7,-963.0,1343.0,-788.3
LYO01624,Plastique,PEHD,32,137.3,2013,1343.0,-788.3,1474.3,-748.2
LYO01625,Fonte,Fonte ductile,400,152.5,1989,1343.0,-788.3,1320.8,-637.4
LYO01626,Plastique,PVC collé,80,169.3,1960,1320.8,-637.4,1489.9,-645.9
LYO01627,Fonte,Fonte ductile,125,161.1,1987,1320.8,-637.4,1309.8,-476.7
LYO01628,Fonte,Fonte ductile,150,71.8,1974,1309.8,-476.7,1378.1,-454.3
LYO01629,Plastique,PEHD,400,83.2,1998,1309.8,-476.7,1294.0,-395.1
LYO01630,Plastique,PEHD,200,158.7,1995,1294.0,-395.1,1452.6,-391.8
LYO01631,Fonte,Fonte ductile,100,190.9,1975,1294.0,-395.1,1273.6,-205.3
LYO01632,Fonte,Fonte grise,200,91.3,1930,1273.6,-205.3,1364.9,-208.8
LYO01633,Plastique,PVC,250,96.4,1980,1273.6,-205.3,1277.7,-108.9
LYO01634,Fonte,Fonte ductile,200,89.3,1970,1277.7,-108.9,1356.3,-66.6
LYO01635,Fonte,Fonte ductile,125,154.3,1993,1277.7,-108.9,1228.0,37.1
LYO01636,Plastique,PEHD,100,130.9,1995,1228.0,37.1,1358.6,27.5
LYO01637,Fonte,Fonte ductile,125,121.9,1984,1228.0,37.1,1206.1,157.1
LYO01638,Plastique,PVC,100,139.0,1990,1206.1,157.1,1339.9,194.7
LYO01639,Plastique,PEHD,125,118.3,1995,1186.7,340.0,1291.6,285.4
LYO01640,Fonte,Fonte ductile,250,118.1,1970,1186.7,340.0,1173.5,457.4
LYO01641,Fonte,Fonte ductile,250,132.5,1970,1173.5,457.4,1305.1,472.5
LYO01642,Ciment,Amiante-ciment,63,173.1,1980,1159.9,563.1,1146.1,735.7
LYO01643,Fonte,Fonte grise,250,97.1,1944,1146.1,735.7,1242.4,723.0
LYO01644,Plastique,PVC collé,250,83.9,1960,1146.1,735.7,1111.2,812.1
LYO01645,Fonte,Fonte ductile,150,141.7,1971,1111.2,812.1,1229.0,891.0
LYO01646,Plastique,PVC collé,125,227.1,1960,1111.2,812.1,1096.4,1038.7
LYO01647,Fonte,Fonte ductile,63,121.7,2013,1096.4,1038.7,1211.7,999.6
LYO01648,Plastique,PEHD,40,93.0,1995,1096.4,1038.7,1071.8,1128.3
LYO01649,Plastique,PVC collé,250,131.3,1960,1071.8,1128.3,1193.1,1178.5
LYO01650,Fonte,Fonte ductile,100,158.4,1973,1071.8,1128.3,1009.6,1274.1
LYO01651,Fonte,Fonte ductile,250,134.3,1991,1009.6,1274.1,1140.3,1305.3
LYO01652,Fonte,Fonte grise,400,122.5,1963,1009.6,1274.1,1045.5,1391.1
LYO01653,Fonte,Fonte ductile,300,112.0,1987,1045.5,1391.1,1154.4,1417.5
LYO01654,Fonte,Fonte grise,100,118.9,1930,1045.5,1391.1,982.2,1491.7
LYO01655,Plastique,PVC collé,250,156.8,1960,982.2,1491.7,1127.9,1549.7
LYO01656,Plastique,PVC collé,100,206.1,1960,982.2,1491.7,971.0,1697.6
LYO01657,Plastique,PEHD,100,107.0,1995,971.0,1697.6,1077.4,1708.7
LYO01658,Acier,Acier,150,195.4,1950,952.6,1788.6,1147.2,1806.1
LYO01659,Acier,Acier,125,122.7,1950,952.6,1788.6,953.1,1911.4
LYO01660,Fonte,Fonte ductile,300,127.3,1974,953.1,1911.4,1051.5,1992.2
LYO01661,Fonte,Fonte grise,250,205.7,1975,953.1,1911.4,887.5,2106.3
LYO01662,Fonte,Fonte grise,63,141.4,1935,887.5,2106.3,1028.8,2111.6
LYO01663,Acier,Acier,250,145.6,1990,887.5,2106.3,873.9,2251.3
LYO01664,Plastique,PEHD,300,168.1,2016,873.9,2251.3,1042.1,2248.1
LYO01665,Plastique,PEHD,150,133.0,1995,873.9,2251.3,861.2,2383.6
LYO01666,Fonte,Fonte ductile,150,131.5,1981,861.2,2383.6,985.7,2341.1
LYO01667,Acier,Acier,100,86.3,1950,1606.2,-1966.5,1644.8,-1889.3
LYO01668,Fonte,Fonte ductile,200,96.9,2005,1644.8,-1889.3,1741.6,-1884.8
LYO01669,Plastique,PEHD,125,150.4,2014,1644.8,-1889.3,1619.9,-1741.0
LYO01670,Plastique,PEHD,50,107.5,2008,1619.9,-1741.0,1719.4,-1700.3
LYO01671,Acier,Acier,400,202.5,1970,1619.9,-1741.0,1563.8,-1546.4
LYO01672,Fonte,Fonte ductile,50,189.1,2003,1563.8,-1546.4,1744.5,-1602.3
LYO01673,Plastique,PEHD,100,78.5,1995,1563.8,-1546.4,1559.1,-1468.1
LYO01674,Plastique,PVC collé,200,157.3,1960,1559.1,-1468.1,1696.0,-1390.6
LYO01675,Fonte,Fonte ductile,250,170.5,1994,1540.8,-1309.2,1492.9,-1145.6
LYO01676,Fonte,Fonte ductile,250,188.4,1972,1492.9,-1145.6,1681.0,-1135.6
LYO01677,Fonte,Fonte grise,250,108.8,1956,1492.9,-1145.6,1517.4,-1039.5
LYO01678,Fonte,Fonte ductile,200,157.0,1973,1517.4,-1039.5,1670.0,-1002.8
LYO01679,Fonte,Fonte grise,150,164.8,1949,1517.4,-1039.5,1439.2,-894.4
LYO01680,Fonte,Fonte grise,125,150.4,1935,1439.2,-894.4,1474.3,-748.2
LYO01681,Plastique,PVC,150,111.4,1993,1474.3,-748.2,1583.6,-769.8
LYO01682,Acier,Acier,500,103.4,1950,1474.3,-748.2,1489.9,-645.9
LYO01683,Fonte,Fonte ductile,150,221.9,2003,1489.9,-645.9,1378.1,-454.3
LYO01684,Fonte,Fonte ductile,300,146.9,1970,1378.1,-454.3,1524.9,-459.1
LYO01685,Plastique,PVC,250,97.3,1980,1378.1,-454.3,1452.6,-391.8
LYO01686,Plastique,PVC collé,50,128.2,1960,1452.6,-391.8,1573.2,-348.0
LYO01687,Fonte,Fonte ductile,250,203.0,1980,1452.6,-391.8,1364.9,-208.8
LYO01688,Ciment,Amiante-ciment,200,173.0,1955,1364.9,-208.8,1537.3,-194.5
LYO01689,Fonte,Fonte grise,200,142.5,1930,1364.9,-208.8,1356.3,-66.6
LYO01690,Fonte,Fonte ductile,250,95.2,1970,1356.3,-66.6,1451.6,-65.7
LYO01691,Plastique,PVC collé,200,94.1,1960,1356.3,-66.6,1358.6,27.5
LYO01692,Plastique,PEHD,40,144.7,1995,1358.6,27.5,1481.5,103.9
LYO01693,Fonte,Fonte grise,200,168.2,1936,1358.6,27.5,1339.9,194.7
LYO01694,Fonte,Fonte ductile,150,160.1,1981,1339.9,194.7,1499.0,212.9
LYO01695,Plastique,PEHD,150,102.7,1995,1339.9,194.7,1291.6,285.4
LYO01696,Acier,Acier,80,132.9,1960,1291.6,285.4,1416.4,331.3
LYO01697,Plastique,PEHD,150,187.7,1995,1291.6,285.4,1305.1,472.5
LYO01698,Acier,Acier,600,150.1,1983,1305.1,472.5,1452.1,442.2
LYO01699,Fonte,Fonte grise,250,169.5,1930,1305.1,472.5,1268.9,638.2
LYO01700,Fonte,Fonte ductile,200,154.9,1970,1268.9,638.2,1418.2,596.9
LYO01701,Plastique,PVC,300,88.9,1980,1268.9,638.2,1242.4,723.0
LYO01702,Plastique,PEHD,600,169.7,2014,1242.4,723.0,1409.2,753.7
LYO01703,Plastique,PVC collé,200,168.6,1960,1242.4,723.0,1229.0,891.0
LYO01704,Fonte,Fonte ductile,125,107.4,1996,1229.0,891.0,1332.0,921.5
LYO01705,Fonte,Fonte grise,100,110.0,1935,1229.0,891.0,1211.7,999.6
LYO01706,Fonte,Fonte ductile,63,172.2,1970,1211.7,999.6,1383.9,1000.5
LYO01707,Fonte,Fonte ductile,125,92.9,1991,1193.1,1178.5,1285.5,1168.2
LYO01708,Fonte,Fonte ductile,200,137.4,1975,1193.1,1178.5,1140.3,1305.3
LYO01709,Fonte,Fonte ductile,63,195.9,1970,1140.3,1305.3,1335.7,1317.9
LYO01710,Plastique,PEHD,32,113.1,1995,1140.3,1305.3,1154.4,1417.5
LYO01711,Plastique,PVC,80,116.5,1980,1154.4,1417.5,1257.0,1472.5
LYO01712,Plastique,PVC collé,32,134.8,1960,1154.4,1417.5,1127.9,1549.7
LYO01713,Fonte,Fonte grise,200,183.0,1954,1127.9,1549.7,1310.7,1558.6
LYO01714,Plastique,PVC collé,80,166.8,1960,1127.9,1549.7,1077.4,1708.7
LYO01715,Plastique,PVC collé,100,142.7,1960,1077.4,1708.7,1217.5,1736.3
LYO01716,Plastique,PVC,200,69.7,1980,1147.2,1806.1,1207.4,1841.3
LYO01717,Fonte,Fonte grise,50,209.2,1930,1147.2,1806.1,1051.5,1992.2
LYO01718,Fonte,Fonte grise,125,193.1,1955,1051.5,1992.2,1244.5,1994.5
LYO01719,Fonte,Fonte ductile,80,121.6,1970,1051.5,1992.2,1028.8,2111.6
LYO01720,Fonte,Fonte ductile,300,138.3,2009,1028.8,2111.6,1166.3,2096.7
LYO01721,Fonte,Fonte grise,100,137.2,1934,1028.8,2111.6,1042.1,2248.1
LYO01722,Fonte,Fonte ductile,40,108.8,2006,1042.1,2248.1,985.7,2341.1
LYO01723,Fonte,Fonte ductile,80,175.2,2004,1759.1,-2012.5,1919.7,-1942.5
LYO01724,Fonte,Fonte grise,100,128.9,1930,1759.1,-2012.5,1741.6,-1884.8
LYO01725,Fonte,Fonte grise,40,119.3,1954,1741.6,-1884.8,1828.6,-1803.1
LYO01726,Fonte,Fonte grise,250,185.8,1975,1741.6,-1884.8,1719.4,-1700.3
LYO01727,Fonte,Fonte ductile,63,160.5,2011,1719.4,-1700.3,1875.9,-1735.7
LYO01728,Fonte,Fonte grise,80,101.3,1950,1719.4,-1700.3,1744.5,-1602.3
LYO01729,Ciment,Amiante-ciment,125,78.5,1967,1744.5,-1602.3,1810.0,-1559.0
LYO01730,Fonte,Fonte grise,100,217.2,1964,1744.5,-1602.3,1696.0,-1390.6
LYO01731,Fonte,Fonte ductile,150,85.9,2010,1696.0,-1390.6,1663.9,-1310.9
LYO01732,Fonte,Fonte ductile,150,115.7,1978,1663.9,-1310.9,1779.3,-1318.9
LYO01733,Acier,Acier,80,176.1,1950,1663.9,-1310.9,1681.0,-1135.6
LYO01734,Fonte,Fonte grise,150,57.8,1954,1681.0,-1135.6,1737.1,-1121.4
LYO01735,Fonte,Fonte ductile,100,133.3,1994,1681.0,-1135.6,1670.0,-1002.8
LYO01736,Fonte,Fonte ductile,150,50.7,2015,1670.0,-1002.8,1720.6,-1000.0
LYO01737,Plastique,PVC,125,125.8,1992,1670.0,-1002.8,1577.4,-917.6
LYO01738,Ciment,Amiante-ciment,50,182.6,1955,1577.4,-917.6,1760.0,-914.9
LYO01739,Plastique,PVC,150,147.8,2000,1577.4,-917.6,1583.6,-769.8
LYO01740,Fonte,Fonte grise,100,160.0,1932,1583.6,-769.8,1742.0,-746.9
LYO01741,Plastique,PVC,40,142.6,1980,1583.6,-769.8,1586.0,-627.3
LYO01742,Plastique,PVC,150,73.6,1980,1586.0,-627.3,1658.7,-616.3
LYO01743,Fonte,Fonte ductile,125,179.0,1970,1586.0,-627.3,1524.9,-459.1
LYO01744,Fonte,Fonte grise,250,129.8,1934,1524.9,-459.1,1652.9,-480.4
LYO01745,Plastique,PVC,150,121.0,1980,1524.9,-459.1,1573.2,-348.0
LYO01746,Fonte,Fonte grise,80,157.7,1955,1573.2,-348.0,1537.3,-194.5
LYO01747,Fonte,Fonte ductile,500,116.7,1970,1537.3,-194.5,1650.6,-222.4
LYO01748,Ciment,Amiante-ciment,125,154.7,1955,1537.3,-194.5,1451.6,-65.7
LYO01749,Plastique,PVC,600,172.2,1980,1451.6,-65.7,1481.5,103.9
LYO01750,Fonte,Fonte grise,50,150.6,1932,1481.5,103.9,1629.5,131.4
LYO01751,Plastique,PVC collé,150,110.5,1976,1481.5,103.9,1499.0,212.9
LYO01752,Plastique,PVC,63,144.4,1980,1499.0,212.9,1416.4,331.3
LYO01753,Plastique,PEHD,300,110.1,1995,1416.4,331.3,1526.2,337.6
LYO01754,Fonte,Fonte ductile,400,113.6,1970,1452.1,442.2,1536.0,519.0
LYO01755,Fonte,Fonte grise,150,158.4,1945,1452.1,442.2,1418.2,596.9
LYO01756,Fonte,Fonte ductile,40,157.0,2015,1418.2,596.9,1409.2,753.7
LYO01757,Fonte,Fonte ductile,32,112.0,1970,1409.2,753.7,1516.4,786.2
LYO01758,Plastique,PEHD,150,184.8,2006,1409.2,753.7,1332.0,921.5
LYO01759,Plastique,PEHD,200,164.7,2011,1332.0,921.5,1496.4,930.2
LYO01760,Plastique,PEHD,250,94.5,1995,1332.0,921.5,1383.9,1000.5
LYO01761,Fonte,Fonte ductile,125,87.8,1988,1383.9,1000.5,1456.4,1050.0
LYO01762,Acier,Acier,100,194.5,1950,1383.9,1000.5,1285.5,1168.2
LYO01763,Ciment,Amiante-ciment,400,135.3,1955,1285.5,1168.2,1418.3,1194.1
LYO01764,Plastique,PVC collé,150,111.7,1968,1335.7,1317.9,1445.6,1338.2
LYO01765,Ciment,Amiante-ciment,200,173.5,1955,1335.7,1317.9,1257.0,1472.5
LYO01766,Fonte,Fonte grise,125,183.0,1946,1257.0,1472.5,1440.0,1470.7
LYO01767,Fonte,Fonte ductile,50,200.7,1982,1310.7,1558.6,1217.5,1736.3
LYO01768,Fonte,Fonte grise,250,178.0,1949,1217.5,1736.3,1393.2,1707.6
LYO01769,Fonte,Fonte grise,200,105.5,1952,1217.5,1736.3,1207.4,1841.3
LYO01770,Plastique,PVC collé,150,155.6,1978,1207.4,1841.3,1356.8,1884.8
LYO01771,Fonte,Fonte grise,80,157.7,1930,1207.4,1841.3,1244.5,1994.5
LYO01772,Acier,Acier,100,94.4,1965,1244.5,1994.5,1338.2,2006.0
LYO01773,Fonte,Fonte ductile,250,194.6,1985,1166.3,2096.7,1355.8,2140.7
LYO01774,Plastique,PEHD,125,143.1,2007,1166.3,2096.7,1158.1,2239.5
LYO01775,Plastique,PVC,32,153.3,1995,1158.1,2239.5,1311.2,2246.8
LYO01776,Fonte,Fonte grise,125,172.7,1954,1158.1,2239.5,1187.8,2409.7
LYO01777,Plastique,PVC collé,250,106.5,1963,1187.8,2409.7,1294.1,2403.7
LYO01778,Fonte,Fonte ductile,50,94.1,1970,1919.7,-1942.5,2013.8,-1945.8
LYO01779,Plastique,PVC,300,166.6,1980,1919.7,-1942.5,1828.6,-1803.1
LYO01780,Plastique,PEHD,300,167.4,2012,1828.6,-1803.1,1990.7,-1845.0
LYO01781,Fonte,Fonte ductile,150,167.7,1974,1875.9,-1735.7,2000.8,-1623.8
LYO01782,Fonte,Fonte ductile,200,188.6,1988,1875.9,-1735.7,1810.0,-1559.0
LYO01783,Plastique,PEHD,80,136.8,1995,1810.0,-1559.0,1784.6,-1424.6
LYO01784,Fonte,Fonte grise,80,179.4,1937,1784.6,-1424.6,1960.7,-1390.6
LYO01785,Fonte,Fonte grise,200,105.9,1966,1784.6,-1424.6,1779.3,-1318.9
LYO01786,Fonte,Fonte grise,50,179.8,1968,1779.3,-1318.9,1956.8,-1290.2
LYO01787,Fonte,Fonte grise,200,201.9,1940,1779.3,-1318.9,1737.1,-1121.4
LYO01788,Plastique,PEHD,200,124.8,1995,1737.1,-1121.4,1861.9,-1120.1
LYO01789,Acier,Acier,100,122.5,1950,1737.1,-1121.4,1720.6,-1000.0
LYO01790,Fonte,Fonte grise,125,174.9,1930,1720.6,-1000.0,1886.5,-944.4
LYO01791,Plastique,PEHD,200,89.8,2024,1760.0,-914.9,1847.6,-895.4
LYO01792,Fonte,Fonte ductile,100,169.0,1989,1760.0,-914.9,1742.0,-746.9
LYO01793,Plastique,PVC collé,80,123.5,1973,1742.0,-746.9,1839.4,-671.1
LYO01794,Plastique,PEHD,150,154.9,2007,1742.0,-746.9,1658.7,-616.3
LYO01795,Plastique,PEHD,250,128.8,2020,1658.7,-616.3,1782.5,-580.6
LYO01796,Plastique,PVC,80,136.1,1980,1658.7,-616.3,1652.9,-480.4
LYO01797,Plastique,PEHD,600,169.1,2006,1652.9,-480.4,1804.7,-405.8
LYO01798,Plastique,PEHD,200,191.0,1995,1652.9,-480.4,1679.8,-291.3
LYO01799,Fonte,Fonte ductile,80,121.7,1970,1650.6,-222.4,1764.5,-179.5
LYO01800,Plastique,PEHD,200,143.0,2001,1650.6,-222.4,1625.3,-81.6
LYO01801,Fonte,Fonte ductile,125,110.6,1977,1625.3,-81.6,1733.4,-58.2
LYO01802,Fonte,Fonte ductile,125,213.1,1971,1625.3,-81.6,1629.5,131.4
LYO01803,Plastique,PVC collé,200,139.7,1970,1629.5,131.4,1620.4,270.8
LYO01804,Fonte,Fonte ductile,100,126.2,1970,1620.4,270.8,1720.9,194.3
LYO01805,Plastique,PEHD,80,115.5,2000,1620.4,270.8,1526.2,337.6
LYO01806,Fonte,Fonte grise,150,187.0,1945,1526.2,337.6,1700.9,404.4
LYO01807,Plastique,PVC,63,181.6,1988,1526.2,337.6,1536.0,519.0
LYO01808,Plastique,PVC,40,136.1,1980,1536.0,519.0,1668.1,551.7
LYO01809,Plastique,PEHD,250,117.4,1995,1536.0,519.0,1514.8,634.4
LYO01810,Fonte,Fonte ductile,100,151.8,2005,1514.8,634.4,1516.4,786.2
LYO01811,Plastique,PEHD,32,138.0,1995,1516.4,786.2,1653.2,767.8
LYO01812,Plastique,PVC collé,32,145.3,1960,1516.4,786.2,1496.4,930.2
LYO01813,Plastique,PVC collé,200,100.7,1985,1496.4,930.2,1595.8,913.5
LYO01814,Acier,Acier,250,126.4,1956,1496.4,930.2,1456.4,1050.0
LYO01815,Fonte,Fonte grise,50,184.3,1930,1456.4,1050.0,1633.4,1101.1
LYO01816,Fonte,Fonte grise,400,149.0,1939,1456.4,1050.0,1418.3,1194.1
LYO01817,Plastique,PVC collé,80,138.7,1977,1418.3,1194.1,1554.8,1169.4
LYO01818,Plastique,PVC collé,250,146.6,1960,1418.3,1194.1,1445.6,1338.2
LYO01819,Fonte,Fonte ductile,50,97.7,1998,1445.6,1338.2,1542.0,1322.3
LYO01820,Fonte,Fonte ductile,250,132.6,1970,1445.6,1338.2,1440.0,1470.7
LYO01821,Fonte,Fonte ductile,100,143.5,1971,1440.0,1470.7,1575.7,1517.3
LYO01822,Fonte,Fonte grise,100,135.4,1930,1440.0,1470.7,1412.5,1603.2
LYO01823,Plastique,PVC,200,106.2,1980,1412.5,1603.2,1393.2,1707.6
LYO01824,Plastique,PVC collé,600,152.6,1962,1393.2,1707.6,1545.4,1717.6
LYO01825,Ciment,Amiante-ciment,50,180.8,1974,1393.2,1707.6,1356.8,1884.8
LYO01826,Fonte,Fonte grise,125,93.5,1930,1356.8,1884.8,1450.1,1889.7
LYO01827,Plastique,PVC collé,125,122.6,1985,1356.8,1884.8,1338.2,2006.0
LYO01828,Ciment,Amiante-ciment,80,127.8,1955,1338.2,2006.0,1465.8,1997.5
LYO01829,Plastique,PVC collé,100,135.9,1960,1338.2,2006.0,1355.8,2140.7
LYO01830,Plastique,PVC collé,500,124.3,1970,1355.8,2140.7,1478.4,2120.4
LYO01831,Plastique,PEHD,80,115.1,2009,1355.8,2140.7,1311.2,2246.8
LYO01832,Plastique,PVC collé,80,137.8,1970,1311.2,2246.8,1447.1,2269.8
LYO01833,Fonte,Fonte ductile,40,157.9,2010,1311.2,2246.8,1294.1,2403.7
LYO01834,Fonte,Fonte ductile,80,103.3,1991,2013.8,-1945.8,1990.7,-1845.0
LYO01835,Fonte,Fonte ductile,150,99.9,1998,1990.7,-1845.0,2090.6,-1843.0
LYO01836,Fonte,Fonte grise,150,221.5,1950,1990.7,-1845.0,2000.8,-1623.8
LYO01837,Plastique,PVC collé,63,86.9,1985,2000.8,-1623.8,2078.7,-1662.2
LYO01838,Plastique,PVC collé,50,122.6,1961,2000.8,-1623.8,1961.4,-1507.7
LYO01839,Plastique,PEHD,80,146.4,2011,1961.4,-1507.7,2103.7,-1542.3
LYO01840,Plastique,PVC collé,100,117.1,1974,1961.4,-1507.7,1960.7,-1390.6
LYO01841,Plastique,PEHD,50,100.4,2008,1960.7,-1390.6,1956.8,-1290.2
LYO01842,Plastique,PVC collé,150,145.2,1978,1956.8,-1290.2,2088.2,-1228.3
LYO01843,Plastique,PEHD,250,194.8,1995,1956.8,-1290.2,1861.9,-1120.1
LYO01844,Fonte,Fonte ductile,200,147.1,1987,1861.9,-1120.1,2007.0,-1144.8
LYO01845,Fonte,Fonte grise,200,177.3,1967,1861.9,-1120.1,1886.5,-944.4
LYO01846,Fonte,Fonte ductile,100,162.4,1993,1886.5,-944.4,2048.6,-935.4
LYO01847,Plastique,PVC collé,40,131.3,1983,1847.6,-895.4,1968.3,-843.8
LYO01848,Fonte,Fonte grise,100,224.5,1959,1847.6,-895.4,1839.4,-671.1
LYO01849,Fonte,Fonte grise,600,140.3,1937,1839.4,-671.1,1976.5,-700.7
LYO01850,Fonte,Fonte ductile,100,137.7,1981,1782.5,-580.6,1917.2,-609.4
LYO01851,Fonte,Fonte ductile,125,176.2,1989,1782.5,-580.6,1804.7,-405.8
LYO01852,Fonte,Fonte grise,100,91.4,1930,1804.7,-405.8,1894.7,-389.9
LYO01853,Fonte,Fonte grise,200,115.8,1930,1804.7,-405.8,1776.7,-293.5
LYO01854,Plastique,PVC,600,150.7,1992,1776.7,-293.5,1921.4,-335.5
LYO01855,Fonte,Fonte grise,40,114.7,1930,1776.7,-293.5,1764.5,-179.5
LYO01856,Fonte,Fonte ductile,125,110.8,1985,1764.5,-179.5,1875.1,-185.6
LYO01857,Fonte,Fonte ductile,300,160.2,1985,1733.4,-58.2,1892.8,-42.6
LYO01858,Fonte,Fonte ductile,250,108.5,1989,1714.8,86.0,1720.9,194.3
LYO01859,Plastique,PVC collé,150,146.1,1973,1720.9,194.3,1837.3,282.5
LYO01860,Ciment,Amiante-ciment,500,211.0,1955,1720.9,194.3,1700.9,404.4
LYO01861,Plastique,PEHD,125,148.8,1995,1700.9,404.4,1843.9,445.7
LYO01862,Fonte,Fonte ductile,150,150.9,1985,1700.9,404.4,1668.1,551.7
LYO01863,Plastique,PVC collé,32,170.5,1960,1668.1,551.7,1837.3,530.7
LYO01864,Plastique,PVC,600,149.4,1996,1668.1,551.7,1626.7,695.2
LYO01865,Plastique,PVC collé,100,171.3,1960,1626.7,695.2,1792.4,652.0
LYO01866,Plastique,PVC,32,77.2,1980,1626.7,695.2,1653.2,767.8
LYO01867,Plastique,PVC collé,80,94.5,1960,1653.2,767.8,1746.7,781.1
LYO01868,Acier,Acier,150,156.7,1950,1653.2,767.8,1595.8,913.5
LYO01869,Fonte,Fonte ductile,250,191.3,1980,1595.8,913.5,1633.4,1101.1
LYO01870,Plastique,PVC,200,87.8,1980,1633.4,1101.1,1720.7,1110.5
LYO01871,Fonte,Fonte ductile,200,104.2,1970,1633.4,1101.1,1554.8,1169.4
LYO01872,Plastique,PEHD,150,113.3,1995,1554.8,1169.4,1663.4,1202.1
LYO01873,Plastique,PVC collé,400,153.4,1964,1554.8,1169.4,1542.0,1322.3
LYO01874,Plastique,PEHD,100,131.7,2020,1542.0,1322.3,1665.8,1367.3
LYO01875,Fonte,Fonte ductile,80,197.9,1982,1542.0,1322.3,1575.7,1517.3
LYO01876,Fonte,Fonte ductile,250,98.8,1970,1575.7,1517.3,1658.9,1463.9
LYO01877,Fonte,Fonte grise,63,115.8,1975,1575.7,1517.3,1493.5,1598.8
LYO01878,Fonte,Fonte grise,40,196.7,1938,1545.4,1717.6,1450.1,1889.7
LYO01879,Plastique,PEHD,150,159.8,1995,1450.1,1889.7,1607.9,1864.3
LYO01880,Plastique,PVC,125,109.0,1980,1450.1,1889.7,1465.8,1997.5
LYO01881,Fonte,Fonte grise,100,101.2,1930,1465.8,1997.5,1564.7,2018.7
LYO01882,Acier,Acier,63,75.0,1970,1478.4,2120.4,1550.7,2140.3
LYO01883,Fonte,Fonte ductile,40,152.6,2012,1478.4,2120.4,1447.1,2269.8
LYO01884,Plastique,PEHD,125,69.5,2024,1447.1,2269.8,1516.6,2268.2
LYO01885,Fonte,Fonte ductile,125,169.6,1988,1447.1,2269.8,1407.7,2434.7
LYO01886,Fonte,Fonte ductile,200,130.1,1995,1407.7,2434.7,1537.6,2441.9
LYO01887,Fonte,Fonte ductile,63,166.0,2015,2136.6,-1924.9,2302.5,-1928.9
LYO01888,Fonte,Fonte grise,50,93.9,1955,2136.6,-1924.9,2090.6,-1843.0
LYO01889,Fonte,Fonte ductile,125,181.2,2006,2090.6,-1843.0,2078.7,-1662.2
LYO01890,Plastique,PVC,250,126.1,1996,2078.7,-1662.2,2197.1,-1618.9
LYO01891,Ciment,Amiante-ciment,200,141.7,1955,2103.7,-1542.3,2219.1,-1460.1
LYO01892,Fonte,Fonte grise,63,120.0,1946,2103.7,-1542.3,2091.9,-1422.9
LYO01893,Fonte,Fonte ductile,50,194.6,1970,2091.9,-1422.9,2088.2,-1228.3
LYO01894,Fonte,Fonte grise,125,116.5,1933,2088.2,-1228.3,2007.0,-1144.8
LYO01895,Fonte,Fonte ductile,250,184.4,2000,2007.0,-1144.8,2167.4,-1053.9
LYO01896,Fonte,Fonte grise,100,213.5,1975,2007.0,-1144.8,2048.6,-935.4
LYO01897,Fonte,Fonte ductile,250,115.0,2015,2048.6,-935.4,2144.8,-998.4
LYO01898,Fonte,Fonte ductile,80,129.0,1970,1968.3,-843.8,2084.7,-788.1
LYO01899,Fonte,Fonte grise,50,143.4,1934,1968.3,-843.8,1976.5,-700.7
LYO01900,Plastique,PEHD,200,92.4,2005,1976.5,-700.7,2066.1,-723.4
LYO01901,Fonte,Fonte grise,80,108.9,1933,1976.5,-700.7,1917.2,-609.4
LYO01902,Plastique,PVC collé,150,220.7,1960,1917.2,-609.4,1894.7,-389.9
LYO01903,Fonte,Fonte grise,200,201.8,1975,1894.7,-389.9,2087.6,-449.2
LYO01904,Fonte,Fonte ductile,100,60.6,1970,1894.7,-389.9,1921.4,-335.5
LYO01905,Fonte,Fonte grise,80,127.8,1939,1921.4,-335.5,2044.4,-300.7
LYO01906,Fonte,Fonte ductile,150,156.9,2003,1921.4,-335.5,1875.1,-185.6
LYO01907,Ciment,Amiante-ciment,80,175.9,1955,1875.1,-185.6,2024.0,-91.8
LYO01908,Plastique,PVC collé,600,144.1,1960,1875.1,-185.6,1892.8,-42.6
LYO01909,Fonte,Fonte grise,250,150.4,1960,1892.8,-42.6,1826.9,92.6
LYO01910,Fonte,Fonte ductile,400,196.8,1997,1826.9,92.6,2015.6,148.4
LYO01911,Plastique,PVC collé,80,190.2,1960,1826.9,92.6,1837.3,282.5
LYO01912,Fonte,Fonte ductile,32,168.8,1985,1837.3,282.5,2002.2,246.4
LYO01913,Plastique,PEHD,250,163.4,2008,1837.3,282.5,1843.9,445.7
LYO01914,Fonte,Fonte grise,100,124.1,1939,1843.9,445.7,1953.3,387.0
LYO01915,Fonte,Fonte ductile,125,85.3,1972,1843.9,445.7,1837.3,530.7
LYO01916,Ciment,Amiante-ciment,200,77.8,1957,1837.3,530.7,1912.6,550.5
LYO01917,Fonte,Fonte grise,500,137.0,1930,1792.4,652.0,1746.7,781.1
LYO01918,Fonte,Fonte ductile,300,156.3,1970,1746.7,781.1,1890.2,843.2
LYO01919,Plastique,PVC collé,150,140.6,1960,1746.7,781.1,1739.7,921.6
LYO01920,Plastique,PVC,200,144.7,1980,1739.7,921.6,1875.5,971.1
LYO01921,Fonte,Fonte ductile,250,189.9,1994,1739.7,921.6,1720.7,1110.5
LYO01922,Plastique,PVC collé,500,82.9,1974,1720.7,1110.5,1799.0,1137.7
LYO01923,Plastique,PVC,80,183.1,2006,1663.4,1202.1,1846.5,1199.8
LYO01924,Fonte,Fonte ductile,80,112.5,2015,1665.8,1367.3,1769.9,1409.9
LYO01925,Fonte,Fonte ductile,200,96.9,2014,1665.8,1367.3,1658.9,1463.9
LYO01926,Plastique,PVC,250,98.7,2006,1658.9,1463.9,1754.9,1486.8
LYO01927,Fonte,Fonte grise,63,202.3,1943,1658.9,1463.9,1685.2,1664.5
LYO01928,Plastique,PVC collé,40,123.2,1969,1685.2,1664.5,1796.3,1611.2
LYO01929,Fonte,Fonte ductile,150,152.2,1973,1685.2,1664.5,1613.5,1798.8
LYO01930,Fonte,Fonte ductile,150,155.5,1994,1613.5,1798.8,1768.4,1785.2
LYO01931,Plastique,PEHD,40,65.8,1995,1613.5,1798.8,1607.9,1864.3
LYO01932,Fonte,Fonte grise,63,160.3,1939,1607.9,1864.3,1564.7,2018.7
LYO01933,Fonte,Fonte grise,125,146.9,1930,1564.7,2018.7,1708.8,2047.0
LYO01934,Plastique,PVC collé,100,122.5,1980,1564.7,2018.7,1550.7,2140.3
LYO01935,Fonte,Fonte ductile,100,199.0,1984,1550.7,2140.3,1728.6,2229.5
LYO01936,Ciment,Amiante-ciment,80,132.3,1957,1550.7,2140.3,1516.6,2268.2
LYO01937,Fonte,Fonte ductile,200,189.6,1970,1516.6,2268.2,1697.2,2325.9
LYO01938,Plastique,PEHD,125,175.0,2007,1516.6,2268.2,1537.6,2441.9
LYO01939,Fonte,Fonte grise,250,160.9,1933,1537.6,2441.9,1694.1,2479.1
LYO01940,Fonte,Fonte grise,600,87.0,1967,2302.5,-1928.9,2372.6,-1877.4
LYO01941,Ciment,Amiante-ciment,200,135.8,1968,2302.5,-1928.9,2257.9,-1800.6
LYO01942,Acier,Acier,125,132.4,1983,2257.9,-1800.6,2390.0,-1790.4
LYO01943,Fonte,Fonte grise,80,191.6,1961,2257.9,-1800.6,2197.1,-1618.9
LYO01944,Fonte,Fonte ductile,200,141.0,2009,2197.1,-1618.9,2337.5,-1632.3
LYO01945,Acier,Acier,80,160.4,1976,2197.1,-1618.9,2219.1,-1460.1
LYO01946,Fonte,Fonte ductile,125,109.0,1997,2219.1,-1460.1,2325.7,-1436.9
LYO01947,Fonte,Fonte ductile,400,145.7,1988,2219.1,-1460.1,2146.5,-1333.8
LYO01948,Fonte,Fonte ductile,200,178.5,2005,2146.5,-1333.8,2323.4,-1310.3
LYO01949,Plastique,PVC collé,250,68.2,1985,2146.5,-1333.8,2153.1,-1265.9
LYO01950,Ciment,Amiante-ciment,80,176.0,1967,2153.1,-1265.9,2315.3,-1197.8
LYO01951,Fonte,Fonte ductile,40,212.5,1970,2153.1,-1265.9,2167.4,-1053.9
LYO01952,Plastique,PEHD,80,59.9,1995,2167.4,-1053.9,2144.8,-998.4
LYO01953,Plastique,PEHD,200,180.7,2016,2144.8,-998.4,2299.2,-904.5
LYO01954,Fonte,Fonte grise,63,218.7,1930,2144.8,-998.4,2084.7,-788.1
LYO01955,Fonte,Fonte ductile,50,131.5,1970,2084.7,-788.1,2216.1,-783.9
LYO01956,Fonte,Fonte ductile,300,67.3,1988,2084.7,-788.1,2066.1,-723.4
LYO01957,Fonte,Fonte ductile,150,194.4,2001,2066.1,-723.4,2234.2,-625.8
LYO01958,Fonte,Fonte grise,100,206.0,1935,2066.1,-723.4,2039.4,-519.1
LYO01959,Fonte,Fonte grise,125,205.0,1955,2039.4,-519.1,2243.6,-501.6
LYO01960,Fonte,Fonte ductile,250,84.9,1970,2039.4,-519.1,2087.6,-449.2
LYO01961,Plastique,PVC,200,78.4,1990,2087.6,-449.2,2163.7,-430.5
LYO01962,Fonte,Fonte ductile,125,154.6,1993,2087.6,-449.2,2044.4,-300.7
LYO01963,Fonte,Fonte grise,125,123.3,1967,2044.4,-300.7,2164.7,-273.7
LYO01964,Plastique,PVC collé,250,209.9,1960,2044.4,-300.7,2024.0,-91.8
LYO01965,Fonte,Fonte grise,250,96.0,1961,2024.0,-91.8,2115.8,-120.0
LYO01966,Plastique,PVC,32,54.5,1980,2024.0,-91.8,2021.2,-37.4
LYO01967,Fonte,Fonte ductile,100,148.1,1978,2021.2,-37.4,2138.6,52.9
LYO01968,Plastique,PVC collé,125,185.9,1963,2021.2,-37.4,2015.6,148.4
LYO01969,Fonte,Fonte grise,63,86.8,1972,2015.6,148.4,2101.7,137.0
LYO01970,Plastique,PVC,100,98.9,1996,2015.6,148.4,2002.2,246.4
LYO01971,Fonte,Fonte grise,600,97.6,1930,2002.2,246.4,2064.2,321.8
LYO01972,Acier,Acier,200,148.9,1971,2002.2,246.4,1953.3,387.0
LYO01973,Plastique,PVC,125,164.5,1980,1953.3,387.0,2114.7,418.6
LYO01974,Acier,Acier,600,168.5,1950,1953.3,387.0,1912.6,550.5
LYO01975,Plastique,PVC collé,150,143.9,1960,1912.6,550.5,1928.7,693.5
LYO01976,Plastique,PVC collé,200,102.7,1960,1928.7,693.5,2025.7,659.6
LYO01977,Plastique,PEHD,40,154.5,2019,1928.7,693.5,1890.2,843.2
LYO01978,Plastique,PVC,63,128.8,1980,1890.2,843.2,1875.5,971.1
LYO01979,Fonte,Fonte ductile,50,183.3,2000,1875.5,971.1,1799.0,1137.7
LYO01980,Plastique,PEHD,250,157.1,2024,1799.0,1137.7,1946.3,1083.3
LYO01981,Fonte,Fonte grise,125,78.2,1941,1799.0,1137.7,1846.5,1199.8
LYO01982,Acier,Acier,50,223.6,1990,1846.5,1199.8,1769.9,1409.9
LYO01983,Fonte,Fonte grise,100,129.1,1943,1769.9,1409.9,1898.9,1404.1
LYO01984,Fonte,Fonte ductile,250,128.0,1970,1754.9,1486.8,1882.9,1488.6
LYO01985,Fonte,Fonte grise,125,131.1,1930,1754.9,1486.8,1796.3,1611.2
LYO01986,Fonte,Fonte grise,150,140.1,1960,1796.3,1611.2,1935.4,1627.9
LYO01987,Acier,Acier,125,176.2,1959,1796.3,1611.2,1768.4,1785.2
LYO01988,Plastique,PVC collé,100,107.5,1960,1768.4,1785.2,1874.4,1767.0
LYO01989,Fonte,Fonte ductile,80,175.3,1989,1768.4,1785.2,1741.5,1958.4
LYO01990,Fonte,Fonte ductile,200,130.7,1976,1741.5,1958.4,1862.8,1909.7
LYO01991,Plastique,PVC,100,94.4,1980,1741.5,1958.4,1708.8,2047.0
LYO01992,Fonte,Fonte ductile,250,167.8,1970,1708.8,2047.0,1876.6,2052.5
LYO01993,Fonte,Fonte ductile,200,183.6,1978,1708.8,2047.0,1728.6,2229.5
LYO01994,Plastique,PEHD,300,132.2,2000,1728.6,2229.5,1860.3,2241.6
LYO01995,Plastique,PEHD,200,109.0,1995,1697.2,2325.9,1798.9,2364.9
LYO01996,Fonte,Fonte ductile,200,75.6,1992,1694.1,2479.1,1758.4,2439.3
LYO01997,Fonte,Fonte grise,32,181.2,1962,2372.6,-1877.4,2550.7,-1910.7
LYO01998,Plastique,PEHD,150,110.8,2024,2390.0,-1790.4,2495.4,-1756.3
LYO01999,Fonte,Fonte grise,400,166.5,1963,2390.0,-1790.4,2337.5,-1632.3
LYO02000,Ciment,Amiante-ciment,250,168.7,1969,2337.5,-1632.3,2504.2,-1605.8
LYO02001,Fonte,Fonte ductile,600,195.8,1998,2337.5,-1632.3,2325.7,-1436.9
LYO02002,Plastique,PVC collé,40,133.5,1985,2325.7,-1436.9,2440.7,-1504.6
LYO02003,Plastique,PVC collé,600,126.6,1960,2325.7,-1436.9,2323.4,-1310.3
LYO02004,Plastique,PVC,80,147.6,2003,2323.4,-1310.3,2468.9,-1285.3
LYO02005,Fonte,Fonte grise,50,112.9,1930,2323.4,-1310.3,2315.3,-1197.8
LYO02006,Fonte,Fonte ductile,125,158.4,1987,2315.3,-1197.8,2284.9,-1042.3
LYO02007,Plastique,PEHD,500,101.0,1995,2284.9,-1042.3,2382.6,-1016.7
LYO02008,Plastique,PVC,125,138.5,1980,2284.9,-1042.3,2299.2,-904.5
LYO02009,Fonte,Fonte ductile,63,121.4,2012,2299.2,-904.5,2405.5,-963.1
LYO02010,Plastique,PVC,100,146.5,1980,2299.2,-904.5,2216.1,-783.9
LYO02011,Plastique,PEHD,50,180.1,2024,2216.1,-783.9,2392.0,-822.3
LYO02012,Fonte,Fonte ductile,125,159.9,2011,2234.2,-625.8,2391.8,-652.6
LYO02013,Plastique,PVC,100,124.6,1980,2234.2,-625.8,2243.6,-501.6
LYO02014,Plastique,PVC collé,125,103.6,1985,2243.6,-501.6,2344.7,-479.2
LYO02015,Fonte,Fonte grise,125,107.0,1933,2243.6,-501.6,2163.7,-430.5
LYO02016,Plastique,PVC collé,50,200.1,1972,2163.7,-430.5,2361.4,-400.1
LYO02017,Fonte,Fonte ductile,400,156.8,2012,2163.7,-430.5,2164.7,-273.7
LYO02018,Plastique,PVC,63,99.9,1980,2164.7,-273.7,2255.4,-231.9
LYO02019,Fonte,Fonte grise,125,161.4,1945,2164.7,-273.7,2115.8,-120.0
LYO02020,Fonte,Fonte ductile,200,204.4,1980,2115.8,-120.0,2316.7,-82.3
LYO02021,Plastique,PVC collé,500,119.3,1982,2138.6,52.9,2249.9,9.9
LYO02022,Fonte,Fonte ductile,150,91.8,2002,2138.6,52.9,2101.7,137.0
LYO02023,Plastique,PEHD,32,152.9,1995,2101.7,137.0,2254.5,133.9
LYO02024,Fonte,Fonte ductile,40,188.6,1990,2101.7,137.0,2064.2,321.8
LYO02025,Fonte,Fonte ductile,50,203.4,1975,2064.2,321.8,2262.6,277.0
LYO02026,Fonte,Fonte ductile,150,109.2,1995,2064.2,321.8,2114.7,418.6
LYO02027,Fonte,Fonte ductile,600,75.5,1984,2114.7,418.6,2190.2,418.6
LYO02028,Fonte,Fonte ductile,600,95.5,1976,2048.3,565.5,2138.2,597.5
LYO02029,Fonte,Fonte grise,125,96.8,1938,2048.3,565.5,2025.7,659.6
LYO02030,Plastique,PEHD,600,140.2,2004,2025.7,659.6,2164.3,680.5
LYO02031,Plastique,PVC collé,200,184.8,1975,2025.7,659.6,2039.5,844.0
LYO02032,Ciment,Amiante-ciment,100,101.7,1980,2039.5,844.0,2139.6,825.9
LYO02033,Plastique,PEHD,150,118.8,1995,2039.5,844.0,2010.8,959.2
LYO02034,Acier,Acier,40,101.2,1972,2010.8,959.2,2112.0,959.5
LYO02035,Fonte,Fonte grise,125,139.8,1934,2010.8,959.2,1946.3,1083.3
LYO02036,Fonte,Fonte ductile,125,195.4,1976,1946.3,1083.3,2141.5,1094.1
LYO02037,Fonte,Fonte ductile,63,174.7,1992,1946.3,1083.3,1922.3,1256.3
LYO02038,Fonte,Fonte grise,250,133.5,1971,1922.3,1256.3,2050.5,1219.2
LYO02039,Fonte,Fonte grise,150,202.2,1942,1898.9,1404.1,2097.6,1366.7
LYO02040,Fonte,Fonte ductile,250,143.6,1996,1882.9,1488.6,2026.4,1491.8
LYO02041,Fonte,Fonte ductile,600,149.0,2015,1882.9,1488.6,1935.4,1627.9
LYO02042,Fonte,Fonte grise,125,135.3,1934,1935.4,1627.9,2059.9,1680.9
LYO02043,Plastique,PEHD,125,151.9,2010,1935.4,1627.9,1874.4,1767.0
LYO02044,Acier,Acier,250,138.3,1986,1874.4,1767.0,2007.3,1805.6
LYO02045,Plastique,PEHD,125,143.1,2017,1874.4,1767.0,1862.8,1909.7
LYO02046,Fonte,Fonte ductile,250,98.5,1987,1862.8,1909.7,1961.2,1906.7
LYO02047,Plastique,PEHD,125,189.7,1995,1876.6,2052.5,1860.3,2241.6
LYO02048,Fonte,Fonte ductile,80,121.5,2005,1860.3,2241.6,1980.6,2224.8
LYO02049,Plastique,PVC,200,137.8,1980,1860.3,2241.6,1798.9,2364.9
LYO02050,Plastique,PVC,250,94.0,1996,1798.9,2364.9,1887.2,2397.1
LYO02051,Fonte,Fonte ductile,250,84.7,1980,1798.9,2364.9,1758.4,2439.3
LYO02052,Plastique,PEHD,200,191.1,1995,1758.4,2439.3,1944.0,2484.8
LYO02053,Plastique,PVC collé,80,131.0,1975,2550.7,-1910.7,2675.6,-1871.0
LYO02054,Plastique,PVC collé,50,164.1,1960,2550.7,-1910.7,2495.4,-1756.3
LYO02055,Fonte,Fonte ductile,80,138.3,1979,2495.4,-1756.3,2633.5,-1763.5
LYO02056,Fonte,Fonte ductile,500,150.7,2007,2495.4,-1756.3,2504.2,-1605.8
LYO02057,Plastique,PEHD,150,77.6,2024,2504.2,-1605.8,2574.2,-1572.4
LYO02058,Fonte,Fonte ductile,250,119.4,1970,2504.2,-1605.8,2440.7,-1504.6
LYO02059,Plastique,PVC,200,147.6,1980,2440.7,-1504.6,2568.7,-1431.1
LYO02060,Fonte,Fonte grise,125,221.1,1975,2440.7,-1504.6,2468.9,-1285.3
LYO02061,Fonte,Fonte grise,80,127.9,1972,2468.9,-1285.3,2588.5,-1330.6
LYO02062,Plastique,PEHD,200,106.0,1995,2468.9,-1285.3,2466.5,-1179.4
LYO02063,Plastique,PEHD,150,64.0,2005,2466.5,-1179.4,2521.5,-1212.1
LYO02064,Plastique,PVC collé,80,183.0,1976,2466.5,-1179.4,2382.6,-1016.7
LYO02065,Fonte,Fonte ductile,500,110.0,1991,2382.6,-1016.7,2492.2,-1026.5
LYO02066,Fonte,Fonte ductile,250,58.3,1970,2382.6,-1016.7,2405.5,-963.1
LYO02067,Fonte,Fonte ductile,200,159.1,2001,2405.5,-963.1,2528.3,-861.9
LYO02068,Fonte,Fonte ductile,250,141.4,1970,2405.5,-963.1,2392.0,-822.3
LYO02069,Fonte,Fonte grise,80,122.0,1950,2392.0,-822.3,2483.7,-741.9
LYO02070,Ciment,Amiante-ciment,80,169.7,1955,2392.0,-822.3,2391.8,-652.6
LYO02071,Fonte,Fonte grise,100,134.6,1930,2391.8,-652.6,2524.2,-627.9
LYO02072,Fonte,Fonte grise,125,77.3,1939,2344.7,-479.2,2417.0,-451.8
LYO02073,Plastique,PVC collé,63,80.8,1966,2344.7,-479.2,2361.4,-400.1
LYO02074,Plastique,PVC,50,123.6,1985,2361.4,-400.1,2455.1,-319.4
LYO02075,Plastique,PVC,200,183.2,1980,2255.4,-231.9,2438.7,-229.0
LYO02076,Plastique,PVC collé,63,161.6,1960,2255.4,-231.9,2316.7,-82.3
LYO02077,Fonte,Fonte ductile,250,49.2,1970,2316.7,-82.3,2365.6,-77.3
LYO02078,Plastique,PVC,100,113.9,1986,2316.7,-82.3,2249.9,9.9
LYO02079,Fonte,Fonte ductile,400,127.4,1970,2249.9,9.9,2376.5,23.7
LYO02080,Plastique,PVC,50,124.1,1980,2249.9,9.9,2254.5,133.9
LYO02081,Ciment,Amiante-ciment,50,132.4,1955,2254.5,133.9,2379.9,176.2
LYO02082,Fonte,Fonte ductile,40,143.3,2003,2254.5,133.9,2262.6,277.0
LYO02083,Plastique,PVC collé,100,110.1,1960,2262.6,277.0,2356.3,334.9
LYO02084,Fonte,Fonte grise,100,159.0,1972,2262.6,277.0,2190.2,418.6
LYO02085,Fonte,Fonte grise,80,121.0,1975,2190.2,418.6,2305.8,454.4
LYO02086,Fonte,Fonte ductile,40,186.3,1979,2190.2,418.6,2138.2,597.5
LYO02087,Plastique,PVC,100,219.7,1980,2138.2,597.5,2355.4,564.1
LYO02088,Fonte,Fonte ductile,200,86.9,2012,2138.2,597.5,2164.3,680.5
LYO02089,Plastique,PVC,63,154.5,1980,2164.3,680.5,2308.6,735.6
LYO02090,Fonte,Fonte ductile,200,147.6,1970,2164.3,680.5,2139.6,825.9
LYO02091,Plastique,PEHD,63,136.4,2024,2139.6,825.9,2112.0,959.5
LYO02092,Plastique,PEHD,250,121.7,1995,2112.0,959.5,2220.6,1014.4
LYO02093,Fonte,Fonte ductile,50,137.8,1974,2112.0,959.5,2141.5,1094.1
LYO02094,Plastique,PVC collé,150,154.6,1985,2141.5,1094.1,2050.5,1219.2
LYO02095,Fonte,Fonte grise,80,195.5,1959,2050.5,1219.2,2217.0,1321.7
LYO02096,Fonte,Fonte ductile,125,154.8,2001,2050.5,1219.2,2097.6,1366.7
LYO02097,Fonte,Fonte ductile,150,133.3,1994,2026.4,1491.8,2154.5,1528.5
LYO02098,Fonte,Fonte ductile,150,192.1,1970,2026.4,1491.8,2059.9,1680.9
LYO02099,Fonte,Fonte grise,80,135.3,1957,2059.9,1680.9,2007.3,1805.6
LYO02100,Fonte,Fonte ductile,200,118.7,1989,2007.3,1805.6,2120.7,1840.5
LYO02101,Fonte,Fonte grise,80,111.1,1934,2007.3,1805.6,1961.2,1906.7
LYO02102,Fonte,Fonte grise,200,140.9,1937,1961.2,1906.7,2098.7,1937.7
LYO02103,Plastique,PVC,63,227.9,1983,1961.2,1906.7,1998.5,2131.5
LYO02104,Fonte,Fonte grise,125,127.0,1930,1998.5,2131.5,2108.6,2068.2
LYO02105,Fonte,Fonte grise,50,124.4,1953,1980.6,2224.8,2091.9,2280.3
LYO02106,Plastique,PVC collé,100,196.0,1960,1980.6,2224.8,1887.2,2397.1
LYO02107,Fonte,Fonte grise,50,194.2,1933,1887.2,2397.1,2081.3,2391.5
LYO02108,Fonte,Fonte ductile,250,104.6,2014,1887.2,2397.1,1944.0,2484.8
LYO02109,Fonte,Fonte ductile,150,134.8,1970,1944.0,2484.8,2065.2,2543.9
LYO02110,Plastique,PVC collé,125,115.4,1979,2675.6,-1871.0,2633.5,-1763.5
LYO02111,Fonte,Fonte grise,200,200.1,1949,2633.5,-1763.5,2574.2,-1572.4
LYO02112,Acier,Acier,400,141.4,1975,2574.2,-1572.4,2568.7,-1431.1
LYO02113,Acier,Acier,250,102.4,1982,2568.7,-1431.1,2588.5,-1330.6
LYO02114,Fonte,Fonte grise,125,187.9,1946,2521.5,-1212.1,2492.2,-1026.5
LYO02115,Fonte,Fonte ductile,100,168.6,2003,2492.2,-1026.5,2528.3,-861.9
LYO02116,Fonte,Fonte ductile,40,128.0,1991,2528.3,-861.9,2483.7,-741.9
LYO02117,Fonte,Fonte grise,100,121.0,1954,2483.7,-741.9,2524.2,-627.9
LYO02118,Fonte,Fonte grise,250,206.1,1975,2524.2,-627.9,2417.0,-451.8
LYO02119,Acier,Acier,400,137.7,1951,2417.0,-451.8,2455.1,-319.4
LYO02120,Plastique,PVC collé,500,91.9,1979,2455.1,-319.4,2438.7,-229.0
LYO02121,Plastique,PVC collé,200,168.4,1960,2438.7,-229.0,2365.6,-77.3
LYO02122,Plastique,PVC,250,152.6,1980,2376.5,23.7,2379.9,176.2
LYO02123,Fonte,Fonte ductile,250,160.4,1997,2379.9,176.2,2356.3,334.9
LYO02124,Fonte,Fonte ductile,150,129.8,1970,2356.3,334.9,2305.8,454.4
LYO02125,Fonte,Fonte ductile,600,120.3,1970,2305.8,454.4,2355.4,564.1
LYO02126,Plastique,PEHD,40,177.8,1997,2355.4,564.1,2308.6,735.6
LYO02127,Plastique,PVC,125,161.2,1980,2308.6,735.6,2247.6,884.8
LYO02128,Plastique,PEHD,100,132.4,2024,2247.6,884.8,2220.6,1014.4
LYO02129,Plastique,PVC collé,100,109.4,1985,2220.6,1014.4,2232.2,1123.2
LYO02130,Plastique,PEHD,63,80.9,2003,2217.0,1321.7,2191.3,1398.4
LYO02131,Fonte,Fonte ductile,125,191.2,2006,2154.5,1528.5,2165.2,1719.4
LYO02132,Plastique,PVC collé,250,99.7,1975,2120.7,1840.5,2098.7,1937.7
LYO02133,Fonte,Fonte ductile,100,130.9,2003,2098.7,1937.7,2108.6,2068.2
LYO02134,Fonte,Fonte ductile,125,212.7,1986,2108.6,2068.2,2091.9,2280.3
LYO02135,Fonte,Fonte ductile,125,111.7,1986,2091.9,2280.3,2081.3,2391.5
LYO02136,Plastique,PVC,80,153.3,1989,2081.3,2391.5,2065.2,2543.9
