id,materiau_famille,materiau,diametre,longueur,annee_pose,x1,y1,x2,y2
BOR00000,Fonte,Fonte ductile,600,187.4,1986,-786.8,-3095.4,-623.0,-3004.2
BOR00001,Fonte,Fonte ductile,63,158.1,2005,-839.1,-2995.9,-714.3,-2898.8
BOR00002,Fonte,Fonte grise,32,203.1,1969,-839.1,-2995.9,-974.5,-2844.5
BOR00003,Fonte,Fonte ductile,125,89.0,2011,-974.5,-2844.5,-1039.2,-2783.4
BOR00004,Fonte,Fonte grise,125,162.9,1958,-1039.2,-2783.4,-902.6,-2694.7
BOR00005,Fonte,Fonte grise,125,117.4,1957,-1039.2,-2783.4,-1038.6,-2666.0
BOR00006,Plastique,PEHD,200,137.6,2011,-1038.6,-2666.0,-967.8,-2548.1
BOR00007,Plastique,PVC collé,150,174.6,1965,-1038.6,-2666.0,-1168.0,-2548.8
BOR00008,Plastique,PEHD,500,190.8,2024,-1168.0,-2548.8,-1032.3,-2414.7
BOR00009,Plastique,PEHD,125,137.7,2016,-1287.6,-2406.5,-1156.0,-2366.0
BOR00010,Fonte,Fonte ductile,600,90.1,2015,-1287.6,-2406.5,-1277.8,-2316.9
BOR00011,Fonte,Fonte grise,40,159.8,1939,-1277.8,-2316.9,-1392.5,-2205.7
BOR00012,Fonte,Fonte grise,80,127.9,1930,-1392.5,-2205.7,-1337.5,-2090.2
BOR00013,Plastique,PVC collé,32,208.6,1973,-1392.5,-2205.7,-1532.0,-2050.6
BOR00014,Fonte,Fonte ductile,200,195.9,1981,-1532.0,-2050.6,-1356.0,-1964.5
BOR00015,Plastique,PVC,250,119.9,1981,-1532.0,-2050.6,-1541.3,-1931.1
BOR00016,Fonte,Fonte grise,200,73.5,1951,-1541.3,-1931.1,-1518.7,-1861.1
BOR00017,Plastique,PVC,150,114.7,1989,-1541.3,-1931.1,-1639.2,-1871.2
BOR00018,Fonte,Fonte ductile,500,168.8,2011,-1639.2,-1871.2,-1559.0,-1722.6
BOR00019,Fonte,Fonte ductile,100,139.2,1978,-1639.2,-1871.2,-1666.2,-1734.6
BOR00020,Fonte,Fonte grise,600,146.8,1930,-1666.2,-1734.6,-1606.0,-1600.7
BOR00021,Fonte,Fonte grise,500,226.6,1937,-1666.2,-1734.6,-1858.1,-1614.0
BOR00022,Fonte,Fonte grise,250,147.0,1968,-1858.1,-1614.0,-1725.8,-1549.9
BOR00023,Plastique,PVC collé,200,115.6,1967,-1902.9,-1454.1,-1787.3,-1457.1
BOR00024,Fonte,Fonte grise,250,131.8,1930,-1902.9,-1454.1,-1959.4,-1335.1
BOR00025,Plastique,PEHD,300,131.3,1995,-1959.4,-1335.1,-2031.2,-1225.2
BOR00026,Fonte,Fonte ductile,150,134.1,1983,-2031.2,-1225.2,-1915.2,-1158.0
BOR00027,Fonte,Fonte ductile,80,155.2,1996,-2031.2,-1225.2,-2167.4,-1150.7
BOR00028,Plastique,PVC,150,186.6,1980,-2167.4,-1150.7,-1985.8,-1107.4
BOR00029,Fonte,Fonte ductile,250,140.1,1986,-2167.4,-1150.7,-2255.7,-1042.0
BOR00030,Fonte,Fonte ductile,80,134.0,1970,-2255.7,-1042.0,-2163.2,-944.9
BOR00031,Fonte,Fonte grise,200,142.2,1965,-2255.7,-1042.0,-2328.9,-920.1
BOR00032,Fonte,Fonte ductile,125,164.1,1983,-2328.9,-920.1,-2195.7,-824.2
BOR00033,Fonte,Fonte ductile,250,143.9,1970,-2328.9,-920.1,-2409.3,-800.8
BOR00034,Plastique,PVC,50,175.9,2012,-2409.3,-800.8,-2265.4,-699.6
BOR00035,Ciment,Amiante-ciment,40,193.5,1955,-2476.8,-725.7,-2323.6,-607.6
BOR00036,Plastique,PVC collé,80,181.9,1960,-2476.8,-725.7,-2499.2,-545.2
BOR00037,Fonte,Fonte ductile,150,49.1,1991,-2499.2,-545.2,-2475.4,-502.3
BOR00038,Fonte,Fonte ductile,80,142.7,2015,-2499.2,-545.2,-2603.9,-448.3
BOR00039,Plastique,PEHD,200,83.0,1998,-2603.9,-448.3,-2525.7,-420.6
BOR00040,Fonte,Fonte grise,150,137.2,1964,-2603.9,-448.3,-2707.1,-357.7
BOR00041,Fonte,Fonte ductile,50,173.1,1991,-2707.1,-357.7,-2578.6,-241.7
BOR00042,Fonte,Fonte ductile,50,102.5,1981,-2773.0,-197.7,-2671.5,-212.0
BOR00043,Fonte,Fonte grise,200,109.0,1945,-2773.0,-197.7,-2849.9,-120.5
BOR00044,Fonte,Fonte ductile,100,145.5,2015,-2849.9,-120.5,-2742.7,-22.2
BOR00045,Fonte,Fonte ductile,200,122.8,1995,-2849.9,-120.5,-2939.5,-36.6
BOR00046,Plastique,PEHD,150,130.4,1995,-2939.5,-36.6,-2891.0,84.5
BOR00047,Plastique,PVC collé,200,121.4,1960,-2939.5,-36.6,-3006.1,64.9
BOR00048,Plastique,PEHD,250,108.6,2015,-3006.1,64.9,-2914.8,123.7
BOR00049,Fonte,Fonte ductile,80,230.9,1980,-3006.1,64.9,-3115.5,268.2
BOR00050,Plastique,PVC,250,109.0,1985,-3115.5,268.2,-3007.4,281.8
BOR00051,Plastique,PEHD,50,98.1,1995,-3115.5,268.2,-3184.4,338.1
BOR00052,Plastique,PVC collé,40,177.8,1977,-3184.4,338.1,-3031.4,428.6
BOR00053,Plastique,PVC,63,103.5,1991,-623.0,-3004.2,-528.6,-2961.7
BOR00054,Fonte,Fonte ductile,100,69.3,1981,-714.3,-2898.8,-645.3,-2891.9
BOR00055,Fonte,Fonte ductile,150,113.5,1973,-714.3,-2898.8,-815.8,-2848.0
BOR00056,Acier,Acier,125,145.9,1990,-815.8,-2848.0,-759.0,-2713.6
BOR00057,Plastique,PVC,150,160.4,1995,-902.6,-2694.7,-967.8,-2548.1
BOR00058,Plastique,PVC,300,137.6,1992,-967.8,-2548.1,-847.5,-2481.1
BOR00059,Fonte,Fonte ductile,250,148.1,1982,-967.8,-2548.1,-1032.3,-2414.7
BOR00060,Fonte,Fonte ductile,200,115.8,1985,-1032.3,-2414.7,-928.5,-2363.4
BOR00061,Plastique,PEHD,250,209.9,1995,-1156.0,-2366.0,-1021.2,-2205.0
BOR00062,Fonte,Fonte ductile,125,171.9,2004,-1156.0,-2366.0,-1234.6,-2213.1
BOR00063,Fonte,Fonte grise,100,98.8,1955,-1234.6,-2213.1,-1137.7,-2193.9
BOR00064,Plastique,PVC collé,250,160.3,1960,-1234.6,-2213.1,-1337.5,-2090.2
BOR00065,Fonte,Fonte ductile,250,133.9,1981,-1337.5,-2090.2,-1220.0,-2026.1
BOR00066,Fonte,Fonte ductile,80,127.1,2015,-1337.5,-2090.2,-1356.0,-1964.5
BOR00067,Plastique,PEHD,100,109.5,1995,-1356.0,-1964.5,-1254.3,-1924.0
BOR00068,Plastique,PEHD,150,192.7,2024,-1356.0,-1964.5,-1518.7,-1861.1
BOR00069,Fonte,Fonte grise,125,185.7,1951,-1518.7,-1861.1,-1335.8,-1829.1
BOR00070,Fonte,Fonte ductile,125,105.9,1970,-1559.0,-1722.6,-1474.2,-1659.2
BOR00071,Fonte,Fonte grise,50,130.6,1946,-1559.0,-1722.6,-1606.0,-1600.7
BOR00072,Fonte,Fonte ductile,63,130.2,2001,-1606.0,-1600.7,-1725.8,-1549.9
BOR00073,Fonte,Fonte ductile,100,166.4,2009,-1787.3,-1457.1,-1667.7,-1341.5
BOR00074,Fonte,Fonte ductile,200,131.8,2015,-1787.3,-1457.1,-1851.5,-1342.0
BOR00075,Plastique,PEHD,125,194.7,1995,-1851.5,-1342.0,-1915.2,-1158.0
BOR00076,Plastique,PEHD,150,60.2,1995,-1915.2,-1158.0,-1875.9,-1112.4
BOR00077,Plastique,PVC,63,86.9,1980,-1915.2,-1158.0,-1985.8,-1107.4
BOR00078,Fonte,Fonte grise,250,96.0,1972,-1985.8,-1107.4,-1945.3,-1020.3
BOR00079,Plastique,PVC,100,240.6,1980,-1985.8,-1107.4,-2163.2,-944.9
BOR00080,Fonte,Fonte ductile,150,125.0,1983,-2163.2,-944.9,-2195.7,-824.2
BOR00081,Fonte,Fonte grise,150,171.1,1947,-2195.7,-824.2,-2033.4,-769.9
BOR00082,Plastique,PVC collé,150,142.8,1960,-2195.7,-824.2,-2265.4,-699.6
BOR00083,Fonte,Fonte grise,100,108.9,1958,-2265.4,-699.6,-2323.6,-607.6
BOR00084,Fonte,Fonte ductile,63,87.9,1982,-2323.6,-607.6,-2287.9,-527.2
BOR00085,Plastique,PVC,200,184.7,1980,-2323.6,-607.6,-2475.4,-502.3
BOR00086,Fonte,Fonte grise,80,220.0,1931,-2475.4,-502.3,-2270.8,-421.7
BOR00087,Plastique,PVC,80,95.9,1985,-2475.4,-502.3,-2525.7,-420.6
BOR00088,Plastique,PEHD,100,142.8,1995,-2525.7,-420.6,-2402.4,-348.4
BOR00089,Fonte,Fonte ductile,80,186.6,1996,-2525.7,-420.6,-2578.6,-241.7
BOR00090,Plastique,PVC,63,97.5,1992,-2578.6,-241.7,-2671.5,-212.0
BOR00091,Acier,Acier,125,132.5,1951,-2671.5,-212.0,-2582.5,-113.8
BOR00092,Plastique,PVC collé,250,202.8,1960,-2671.5,-212.0,-2742.7,-22.2
BOR00093,Plastique,PVC,100,182.6,1998,-2742.7,-22.2,-2891.0,84.5
BOR00094,Plastique,PVC,250,215.9,1980,-2891.0,84.5,-2691.9,168.0
BOR00095,Fonte,Fonte grise,200,45.9,1949,-2891.0,84.5,-2914.8,123.7
BOR00096,Plastique,PEHD,32,215.5,2012,-2914.8,123.7,-2767.7,281.1
BOR00097,Fonte,Fonte ductile,80,183.2,1983,-2914.8,123.7,-3007.4,281.8
BOR00098,Fonte,Fonte grise,150,175.5,1959,-3007.4,281.8,-2866.0,385.7
BOR00099,Plastique,PVC,40,148.8,1997,-3007.4,281.8,-3031.4,428.6
BOR00100,Fonte,Fonte grise,125,78.0,1949,-3031.4,428.6,-3017.9,505.5
BOR00101,Plastique,PEHD,125,77.7,2007,-528.6,-2961.7,-461.1,-2923.2
BOR00102,Fonte,Fonte ductile,150,136.0,2008,-528.6,-2961.7,-645.3,-2891.9
BOR00103,Fonte,Fonte grise,250,191.0,1956,-645.3,-2891.9,-527.7,-2741.4
BOR00104,Fonte,Fonte grise,125,211.4,1959,-645.3,-2891.9,-759.0,-2713.6
BOR00105,Plastique,PVC collé,100,170.5,1970,-759.0,-2713.6,-606.4,-2637.7
BOR00106,Plastique,PVC collé,150,113.7,1981,-759.0,-2713.6,-754.8,-2600.0
BOR00107,Plastique,PVC,300,92.3,1987,-754.8,-2600.0,-697.4,-2527.7
BOR00108,Fonte,Fonte ductile,40,150.8,1999,-754.8,-2600.0,-847.5,-2481.1
BOR00109,Plastique,PVC,80,92.4,2016,-847.5,-2481.1,-775.3,-2423.4
BOR00110,Acier,Acier,150,142.8,1986,-847.5,-2481.1,-928.5,-2363.4
BOR00111,Plastique,PVC,250,183.6,1980,-928.5,-2363.4,-1021.2,-2205.0
BOR00112,Fonte,Fonte ductile,63,128.2,2009,-1021.2,-2205.0,-906.8,-2147.2
BOR00113,Plastique,PEHD,63,117.0,1995,-1021.2,-2205.0,-1137.7,-2193.9
BOR00114,Fonte,Fonte ductile,125,185.9,1977,-1137.7,-2193.9,-1014.2,-2055.0
BOR00115,Fonte,Fonte ductile,80,187.0,1978,-1137.7,-2193.9,-1220.0,-2026.1
BOR00116,Plastique,PVC collé,150,191.9,1981,-1220.0,-2026.1,-1035.3,-1974.0
BOR00117,Plastique,PEHD,200,107.7,2004,-1220.0,-2026.1,-1254.3,-1924.0
BOR00118,Fonte,Fonte ductile,250,82.1,1993,-1254.3,-1924.0,-1185.1,-1879.7
BOR00119,Fonte,Fonte ductile,250,107.3,1987,-1335.8,-1829.1,-1242.8,-1775.6
BOR00120,Plastique,PEHD,125,219.1,2024,-1335.8,-1829.1,-1474.2,-1659.2
BOR00121,Plastique,PVC collé,200,116.7,1964,-1474.2,-1659.2,-1364.7,-1619.0
BOR00122,Fonte,Fonte grise,100,136.7,1966,-1474.2,-1659.2,-1562.3,-1554.6
BOR00123,Fonte,Fonte ductile,150,168.0,1990,-1562.3,-1554.6,-1394.4,-1548.0
BOR00124,Plastique,PEHD,200,84.0,2012,-1562.3,-1554.6,-1535.6,-1475.0
BOR00125,Plastique,PEHD,150,115.7,1995,-1535.6,-1475.0,-1451.9,-1395.2
BOR00126,Fonte,Fonte grise,50,187.8,1937,-1535.6,-1475.0,-1667.7,-1341.5
BOR00127,Fonte,Fonte ductile,80,104.2,1992,-1667.7,-1341.5,-1582.6,-1281.4
BOR00128,Plastique,PVC collé,125,102.3,1960,-1667.7,-1341.5,-1737.8,-1267.0
BOR00129,Fonte,Fonte grise,500,188.5,1930,-1737.8,-1267.0,-1642.4,-1104.4
BOR00130,Fonte,Fonte ductile,40,144.1,1978,-1875.9,-1112.4,-1761.8,-1024.4
BOR00131,Ciment,Amiante-ciment,250,115.3,1961,-1875.9,-1112.4,-1945.3,-1020.3
BOR00132,Fonte,Fonte grise,80,186.8,1930,-1945.3,-1020.3,-1816.3,-885.3
BOR00133,Plastique,PVC,63,110.2,1999,-1945.3,-1020.3,-1981.2,-916.1
BOR00134,Fonte,Fonte grise,100,160.8,1960,-1981.2,-916.1,-1881.9,-789.6
BOR00135,Fonte,Fonte ductile,125,155.2,2002,-1981.2,-916.1,-2033.4,-769.9
BOR00136,Fonte,Fonte grise,150,76.9,1930,-2033.4,-769.9,-1995.8,-702.9
BOR00137,Fonte,Fonte ductile,80,209.8,1994,-2033.4,-769.9,-2186.8,-626.8
BOR00138,Fonte,Fonte grise,80,140.1,1930,-2186.8,-626.8,-2047.1,-637.6
BOR00139,Ciment,Amiante-ciment,100,141.9,1971,-2186.8,-626.8,-2287.9,-527.2
BOR00140,Plastique,PVC collé,100,217.4,1960,-2287.9,-527.2,-2075.8,-479.4
BOR00141,Fonte,Fonte grise,100,106.9,1970,-2287.9,-527.2,-2270.8,-421.7
BOR00142,Plastique,PVC collé,100,170.4,1960,-2402.4,-348.4,-2473.4,-193.5
BOR00143,Fonte,Fonte grise,125,135.1,1975,-2473.4,-193.5,-2582.5,-113.8
BOR00144,Ciment,Amiante-ciment,80,180.7,1955,-2582.5,-113.8,-2416.5,-42.2
BOR00145,Fonte,Fonte ductile,200,202.0,1991,-2582.5,-113.8,-2634.2,81.5
BOR00146,Fonte,Fonte ductile,32,128.8,1988,-2634.2,81.5,-2511.2,119.6
BOR00147,Fonte,Fonte grise,100,107.0,1948,-2691.9,168.0,-2611.8,239.0
BOR00148,Plastique,PVC collé,250,136.2,1960,-2691.9,168.0,-2767.7,281.1
BOR00149,Plastique,PEHD,150,143.6,1995,-2767.7,281.1,-2866.0,385.7
BOR00150,Plastique,PEHD,80,193.5,1997,-2866.0,385.7,-3017.9,505.5
BOR00151,Fonte,Fonte ductile,125,177.9,1995,-3017.9,505.5,-2861.9,591.0
BOR00152,Fonte,Fonte ductile,150,148.7,1995,-461.1,-2923.2,-379.7,-2798.8
BOR00153,Plastique,PVC collé,50,193.6,1960,-461.1,-2923.2,-527.7,-2741.4
BOR00154,Fonte,Fonte grise,150,153.2,1947,-527.7,-2741.4,-386.0,-2683.2
BOR00155,Fonte,Fonte grise,32,130.2,1941,-527.7,-2741.4,-606.4,-2637.7
BOR00156,Fonte,Fonte ductile,200,154.8,1997,-606.4,-2637.7,-466.9,-2570.5
BOR00157,Fonte,Fonte ductile,200,133.7,1974,-697.4,-2527.7,-604.0,-2432.0
BOR00158,Fonte,Fonte ductile,63,130.1,1987,-697.4,-2527.7,-775.3,-2423.4
BOR00159,Plastique,PVC collé,150,138.6,1960,-775.3,-2423.4,-675.9,-2326.9
BOR00160,Plastique,PVC collé,250,101.7,1960,-775.3,-2423.4,-836.7,-2342.3
BOR00161,Plastique,PVC collé,100,129.4,1960,-836.7,-2342.3,-747.4,-2248.7
BOR00162,Plastique,PVC,125,207.4,1980,-836.7,-2342.3,-906.8,-2147.2
BOR00163,Fonte,Fonte grise,150,64.3,1930,-906.8,-2147.2,-868.1,-2095.8
BOR00164,Fonte,Fonte ductile,200,141.5,1970,-906.8,-2147.2,-1014.2,-2055.0
BOR00165,Plastique,PVC collé,63,171.8,1985,-1014.2,-2055.0,-851.2,-2000.8
BOR00166,Ciment,Amiante-ciment,125,83.7,1956,-1014.2,-2055.0,-1035.3,-1974.0
BOR00167,Fonte,Fonte grise,150,92.3,1936,-1035.3,-1974.0,-970.1,-1908.7
BOR00168,Fonte,Fonte ductile,150,177.1,2002,-1035.3,-1974.0,-1185.1,-1879.7
BOR00169,Plastique,PEHD,32,180.8,2024,-1185.1,-1879.7,-1067.8,-1742.2
BOR00170,Fonte,Fonte ductile,400,198.4,1988,-1242.8,-1775.6,-1364.7,-1619.0
BOR00171,Plastique,PVC collé,125,136.2,1960,-1364.7,-1619.0,-1237.9,-1569.1
BOR00172,Plastique,PEHD,125,76.9,1995,-1364.7,-1619.0,-1394.4,-1548.0
BOR00173,Ciment,Amiante-ciment,150,146.8,1980,-1394.4,-1548.0,-1277.0,-1460.0
BOR00174,Plastique,PEHD,63,65.8,1995,-1451.9,-1395.2,-1393.8,-1364.3
BOR00175,Fonte,Fonte ductile,80,173.3,2012,-1451.9,-1395.2,-1582.6,-1281.4
BOR00176,Acier,Acier,125,124.3,1967,-1582.6,-1281.4,-1472.6,-1223.3
BOR00177,Plastique,PVC collé,63,186.8,1985,-1582.6,-1281.4,-1642.4,-1104.4
BOR00178,Plastique,PVC collé,100,101.2,1960,-1642.4,-1104.4,-1542.2,-1090.3
BOR00179,Plastique,PVC collé,80,143.7,1960,-1642.4,-1104.4,-1761.8,-1024.4
BOR00180,Plastique,PVC collé,125,149.4,1967,-1761.8,-1024.4,-1816.3,-885.3
BOR00181,Fonte,Fonte ductile,250,119.7,1975,-1816.3,-885.3,-1696.8,-891.3
BOR00182,Plastique,PEHD,40,116.0,1995,-1816.3,-885.3,-1881.9,-789.6
BOR00183,Fonte,Fonte grise,125,143.2,1941,-1881.9,-789.6,-1995.8,-702.9
BOR00184,Fonte,Fonte ductile,63,179.0,1980,-1995.8,-702.9,-1838.2,-617.8
BOR00185,Plastique,PEHD,150,83.1,2001,-1995.8,-702.9,-2047.1,-637.6
BOR00186,Fonte,Fonte ductile,50,133.2,1979,-2047.1,-637.6,-1973.3,-526.7
BOR00187,Fonte,Fonte ductile,150,160.7,2015,-2047.1,-637.6,-2075.8,-479.4
BOR00188,Fonte,Fonte ductile,200,68.3,1995,-2075.8,-479.4,-2044.1,-418.9
BOR00189,Fonte,Fonte grise,150,207.5,1930,-2075.8,-479.4,-2198.5,-312.0
BOR00190,Plastique,PEHD,200,104.9,1995,-2198.5,-312.0,-2105.9,-262.6
BOR00191,Fonte,Fonte ductile,125,146.5,1970,-2198.5,-312.0,-2321.5,-232.4
BOR00192,Plastique,PVC collé,32,149.5,1984,-2321.5,-232.4,-2180.1,-184.2
BOR00193,Fonte,Fonte ductile,80,126.5,2008,-2321.5,-232.4,-2390.0,-126.1
BOR00194,Plastique,PVC,200,175.4,1980,-2390.0,-126.1,-2225.9,-64.1
BOR00195,Fonte,Fonte ductile,32,87.9,1978,-2390.0,-126.1,-2416.5,-42.2
BOR00196,Fonte,Fonte ductile,50,89.5,1983,-2416.5,-42.2,-2359.7,26.9
BOR00197,Plastique,PVC collé,400,187.5,1985,-2416.5,-42.2,-2511.2,119.6
BOR00198,Fonte,Fonte ductile,100,88.7,1988,-2511.2,119.6,-2430.3,156.0
BOR00199,Fonte,Fonte ductile,32,156.1,2015,-2511.2,119.6,-2611.8,239.0
BOR00200,Fonte,Fonte grise,200,99.8,1937,-2611.8,239.0,-2516.3,267.9
BOR00201,Plastique,PVC collé,125,125.2,1962,-2611.8,239.0,-2678.8,344.8
BOR00202,Plastique,PVC,100,154.5,1980,-2678.8,344.8,-2572.9,457.3
BOR00203,Plastique,PEHD,32,135.4,2001,-2678.8,344.8,-2775.2,439.8
BOR00204,Fonte,Fonte ductile,250,101.9,1979,-2775.2,439.8,-2676.9,466.5
BOR00205,Plastique,PVC,40,174.3,1980,-2775.2,439.8,-2861.9,591.0
BOR00206,Plastique,PEHD,100,161.9,2005,-2861.9,591.0,-2705.8,634.0
BOR00207,Plastique,PEHD,125,142.6,1995,-379.7,-2798.8,-237.7,-2784.8
BOR00208,Plastique,PVC collé,200,115.8,1973,-379.7,-2798.8,-386.0,-2683.2
BOR00209,Ciment,Amiante-ciment,200,90.1,1955,-386.0,-2683.2,-354.4,-2598.8
BOR00210,Plastique,PVC collé,200,138.7,1960,-386.0,-2683.2,-466.9,-2570.5
BOR00211,Fonte,Fonte grise,200,73.6,1934,-466.9,-2570.5,-405.4,-2530.1
BOR00212,Fonte,Fonte ductile,250,194.9,1985,-466.9,-2570.5,-604.0,-2432.0
BOR00213,Plastique,PVC collé,50,93.9,1968,-604.0,-2432.0,-517.8,-2394.6
BOR00214,Fonte,Fonte ductile,63,127.3,1984,-604.0,-2432.0,-675.9,-2326.9
BOR00215,Plastique,PEHD,600,159.5,2017,-675.9,-2326.9,-557.6,-2219.9
BOR00216,Plastique,PVC collé,200,143.1,1967,-747.4,-2248.7,-613.7,-2197.5
BOR00217,Plastique,PEHD,40,194.8,1995,-747.4,-2248.7,-868.1,-2095.8
BOR00218,Fonte,Fonte grise,150,118.8,1942,-868.1,-2095.8,-763.2,-2040.2
BOR00219,Fonte,Fonte grise,200,96.6,1947,-868.1,-2095.8,-851.2,-2000.8
BOR00220,Fonte,Fonte grise,150,88.4,1930,-851.2,-2000.8,-815.5,-1919.9
BOR00221,Plastique,PVC collé,250,91.3,1960,-970.1,-1908.7,-902.0,-1847.8
BOR00222,Fonte,Fonte ductile,40,169.1,1974,-1067.8,-1742.2,-1201.7,-1639.1
BOR00223,Fonte,Fonte ductile,80,128.1,1970,-1201.7,-1639.1,-1092.3,-1572.5
BOR00224,Fonte,Fonte ductile,150,78.8,1988,-1201.7,-1639.1,-1237.9,-1569.1
BOR00225,Fonte,Fonte grise,400,122.3,1959,-1237.9,-1569.1,-1141.1,-1494.4
BOR00226,Fonte,Fonte grise,250,115.9,1930,-1237.9,-1569.1,-1277.0,-1460.0
BOR00227,Plastique,PVC collé,400,98.5,1985,-1277.0,-1460.0,-1217.7,-1381.3
BOR00228,Plastique,PVC,200,151.0,1980,-1277.0,-1460.0,-1393.8,-1364.3
BOR00229,Plastique,PVC collé,200,209.1,1960,-1393.8,-1364.3,-1219.6,-1248.5
BOR00230,Fonte,Fonte grise,250,161.5,1950,-1393.8,-1364.3,-1472.6,-1223.3
BOR00231,Fonte,Fonte ductile,63,148.6,1978,-1472.6,-1223.3,-1339.8,-1156.9
BOR00232,Fonte,Fonte ductile,100,150.1,1970,-1472.6,-1223.3,-1542.2,-1090.3
BOR00233,Fonte,Fonte ductile,200,150.7,1970,-1542.2,-1090.3,-1428.7,-991.1
BOR00234,Ciment,Amiante-ciment,200,131.9,1956,-1542.2,-1090.3,-1578.4,-963.5
BOR00235,Plastique,PVC,63,90.0,1980,-1578.4,-963.5,-1496.3,-926.5
BOR00236,Plastique,PEHD,250,138.7,1995,-1578.4,-963.5,-1696.8,-891.3
BOR00237,Fonte,Fonte ductile,150,146.0,1970,-1696.8,-891.3,-1574.2,-812.0
BOR00238,Plastique,PVC collé,400,145.9,1960,-1696.8,-891.3,-1748.1,-754.7
BOR00239,Fonte,Fonte grise,50,163.9,1930,-1748.1,-754.7,-1838.2,-617.8
BOR00240,Plastique,PEHD,125,141.2,1998,-1838.2,-617.8,-1735.0,-521.6
BOR00241,Fonte,Fonte grise,600,162.9,1975,-1838.2,-617.8,-1973.3,-526.7
BOR00242,Fonte,Fonte ductile,63,202.1,1970,-1973.3,-526.7,-1795.9,-429.8
BOR00243,Plastique,PEHD,80,129.0,2000,-1973.3,-526.7,-2044.1,-418.9
BOR00244,Plastique,PVC,100,132.1,1980,-2044.1,-418.9,-1940.9,-336.4
BOR00245,Fonte,Fonte ductile,80,168.1,2006,-2044.1,-418.9,-2105.9,-262.6
BOR00246,Fonte,Fonte ductile,32,108.0,1999,-2105.9,-262.6,-2180.1,-184.2
BOR00247,Plastique,PEHD,80,132.1,1999,-2180.1,-184.2,-2101.5,-77.9
BOR00248,Plastique,PVC,150,128.5,2014,-2180.1,-184.2,-2225.9,-64.1
BOR00249,Fonte,Fonte ductile,150,146.5,1970,-2225.9,-64.1,-2111.6,27.5
BOR00250,Fonte,Fonte ductile,125,161.9,1983,-2225.9,-64.1,-2359.7,26.9
BOR00251,Fonte,Fonte ductile,125,155.6,2015,-2359.7,26.9,-2229.4,112.0
BOR00252,Fonte,Fonte grise,100,147.1,1966,-2359.7,26.9,-2430.3,156.0
BOR00253,Plastique,PEHD,50,141.2,1995,-2430.3,156.0,-2516.3,267.9
BOR00254,Fonte,Fonte ductile,250,197.7,1979,-2516.3,267.9,-2572.9,457.3
BOR00255,Fonte,Fonte ductile,150,133.3,2015,-2572.9,457.3,-2450.5,510.1
BOR00256,Acier,Acier,150,104.4,1980,-2572.9,457.3,-2676.9,466.5
BOR00257,Plastique,PVC collé,250,165.7,1978,-2676.9,466.5,-2548.2,571.0
BOR00258,Fonte,Fonte grise,200,170.0,1975,-2676.9,466.5,-2705.8,634.0
BOR00259,Fonte,Fonte ductile,80,129.7,1981,-2705.8,634.0,-2633.8,741.8
BOR00260,Fonte,Fonte ductile,250,174.1,1970,-237.7,-2784.8,-139.6,-2641.0
BOR00261,Plastique,PEHD,100,219.6,1995,-237.7,-2784.8,-354.4,-2598.8
BOR00262,Plastique,PVC,63,192.6,1999,-354.4,-2598.8,-189.9,-2498.5
BOR00263,Fonte,Fonte ductile,40,85.5,1970,-354.4,-2598.8,-405.4,-2530.1
BOR00264,Fonte,Fonte grise,300,193.3,1930,-405.4,-2530.1,-287.3,-2377.1
BOR00265,Plastique,PEHD,32,176.1,2009,-405.4,-2530.1,-517.8,-2394.6
BOR00266,Plastique,PVC,80,141.2,1980,-517.8,-2394.6,-383.5,-2351.1
BOR00267,Fonte,Fonte grise,40,179.1,1930,-517.8,-2394.6,-557.6,-2219.9
BOR00268,Fonte,Fonte ductile,200,85.3,2015,-557.6,-2219.9,-475.1,-2198.1
BOR00269,Fonte,Fonte grise,100,60.4,1930,-557.6,-2219.9,-613.7,-2197.5
BOR00270,Fonte,Fonte grise,125,155.4,1936,-613.7,-2197.5,-506.8,-2084.7
BOR00271,Plastique,PVC collé,150,217.0,1985,-613.7,-2197.5,-763.2,-2040.2
BOR00272,Fonte,Fonte grise,32,209.9,1946,-763.2,-2040.2,-573.3,-1950.7
BOR00273,Fonte,Fonte ductile,100,131.2,1992,-763.2,-2040.2,-815.5,-1919.9
BOR00274,Plastique,PVC collé,150,120.1,1967,-815.5,-1919.9,-737.2,-1828.9
BOR00275,Fonte,Fonte ductile,80,112.6,1970,-815.5,-1919.9,-902.0,-1847.8
BOR00276,Fonte,Fonte grise,250,212.2,1930,-902.0,-1847.8,-711.6,-1754.2
BOR00277,Fonte,Fonte ductile,150,189.6,1978,-902.0,-1847.8,-994.8,-1682.6
BOR00278,Plastique,PVC,150,130.8,1993,-994.8,-1682.6,-864.2,-1675.8
BOR00279,Plastique,PVC collé,200,200.3,1972,-1092.3,-1572.5,-900.4,-1514.8
BOR00280,Plastique,PVC,125,92.1,1980,-1092.3,-1572.5,-1141.1,-1494.4
BOR00281,Fonte,Fonte ductile,150,136.4,1981,-1141.1,-1494.4,-1052.5,-1390.8
BOR00282,Plastique,PEHD,125,136.6,2024,-1141.1,-1494.4,-1217.7,-1381.3
BOR00283,Plastique,PEHD,125,172.4,1995,-1217.7,-1381.3,-1106.7,-1249.3
BOR00284,Fonte,Fonte ductile,80,81.5,1984,-1219.6,-1248.5,-1204.3,-1168.5
BOR00285,Fonte,Fonte grise,150,151.1,1963,-1219.6,-1248.5,-1339.8,-1156.9
BOR00286,Fonte,Fonte grise,100,142.1,1930,-1339.8,-1156.9,-1222.8,-1076.2
BOR00287,Fonte,Fonte grise,100,188.1,1944,-1339.8,-1156.9,-1428.7,-991.1
BOR00288,Acier,Acier,200,156.5,1950,-1428.7,-991.1,-1300.2,-901.8
BOR00289,Plastique,PEHD,80,93.6,1995,-1428.7,-991.1,-1496.3,-926.5
BOR00290,Fonte,Fonte grise,125,96.8,1951,-1496.3,-926.5,-1419.9,-867.0
BOR00291,Fonte,Fonte ductile,80,138.4,2014,-1496.3,-926.5,-1574.2,-812.0
BOR00292,Fonte,Fonte grise,150,174.0,1967,-1574.2,-812.0,-1458.8,-681.7
BOR00293,Plastique,PEHD,250,201.9,1995,-1574.2,-812.0,-1710.0,-662.5
BOR00294,Fonte,Fonte ductile,100,122.7,1970,-1710.0,-662.5,-1600.3,-607.4
BOR00295,Plastique,PEHD,80,143.2,1995,-1710.0,-662.5,-1735.0,-521.6
BOR00296,Plastique,PEHD,40,68.3,1996,-1735.0,-521.6,-1674.9,-489.1
BOR00297,Fonte,Fonte grise,250,110.1,1930,-1735.0,-521.6,-1795.9,-429.8
BOR00298,Acier,Acier,80,127.7,1962,-1795.9,-429.8,-1733.0,-318.6
BOR00299,Fonte,Fonte ductile,50,178.7,2003,-1940.9,-336.4,-1805.4,-219.8
BOR00300,Fonte,Fonte ductile,200,128.9,1970,-1940.9,-336.4,-1985.5,-215.5
BOR00301,Plastique,PVC collé,40,109.8,1960,-1985.5,-215.5,-1892.4,-157.1
BOR00302,Plastique,PVC collé,80,179.9,1965,-1985.5,-215.5,-2101.5,-77.9
BOR00303,Fonte,Fonte ductile,125,96.9,1970,-2101.5,-77.9,-2026.5,-16.6
BOR00304,Plastique,PVC,100,105.9,1980,-2101.5,-77.9,-2111.6,27.5
BOR00305,Fonte,Fonte ductile,250,85.8,1993,-2111.6,27.5,-2031.6,58.6
BOR00306,Plastique,PVC collé,100,145.0,1960,-2111.6,27.5,-2229.4,112.0
BOR00307,Fonte,Fonte grise,32,166.6,1961,-2229.4,112.0,-2133.9,248.5
BOR00308,Plastique,PVC,63,176.9,1990,-2229.4,112.0,-2307.1,271.0
BOR00309,Fonte,Fonte grise,100,130.9,1946,-2307.1,271.0,-2217.7,366.7
BOR00310,Ciment,Amiante-ciment,600,170.5,1955,-2307.1,271.0,-2402.7,412.1
BOR00311,Plastique,PVC collé,150,162.1,1968,-2402.7,412.1,-2245.4,451.4
BOR00312,Fonte,Fonte grise,500,109.0,1935,-2402.7,412.1,-2450.5,510.1
BOR00313,Plastique,PVC collé,150,83.4,1980,-2450.5,510.1,-2412.8,584.5
BOR00314,Fonte,Fonte grise,100,115.1,1940,-2450.5,510.1,-2548.2,571.0
BOR00315,Fonte,Fonte ductile,80,141.5,2006,-2548.2,571.0,-2455.4,677.8
BOR00316,Plastique,PVC collé,300,191.0,1977,-2548.2,571.0,-2633.8,741.8
BOR00317,Fonte,Fonte grise,250,119.3,1941,-2633.8,741.8,-2515.8,759.2
BOR00318,Fonte,Fonte ductile,63,104.9,1972,-139.6,-2641.0,-37.4,-2617.1
BOR00319,Fonte,Fonte ductile,100,114.5,1992,-189.9,-2498.5,-91.7,-2439.7
BOR00320,Fonte,Fonte grise,150,155.6,1930,-189.9,-2498.5,-287.3,-2377.1
BOR00321,Plastique,PVC,32,99.7,1980,-287.3,-2377.1,-383.5,-2351.1
BOR00322,Fonte,Fonte ductile,100,133.4,1995,-383.5,-2351.1,-296.4,-2250.1
BOR00323,Fonte,Fonte grise,125,178.4,1944,-383.5,-2351.1,-475.1,-2198.1
BOR00324,Plastique,PVC collé,100,149.6,1979,-475.1,-2198.1,-350.1,-2116.0
BOR00325,Plastique,PVC,32,117.8,1980,-475.1,-2198.1,-506.8,-2084.7
BOR00326,Plastique,PEHD,150,117.1,2007,-506.8,-2084.7,-406.9,-2023.6
BOR00327,Plastique,PVC,250,149.5,1980,-506.8,-2084.7,-573.3,-1950.7
BOR00328,Fonte,Fonte ductile,40,128.0,2015,-573.3,-1950.7,-488.1,-1855.2
BOR00329,Fonte,Fonte grise,600,204.2,1949,-573.3,-1950.7,-737.2,-1828.9
BOR00330,Plastique,PVC collé,400,136.5,1960,-737.2,-1828.9,-618.7,-1761.1
BOR00331,Fonte,Fonte ductile,150,142.9,1970,-711.6,-1754.2,-642.8,-1628.9
BOR00332,Fonte,Fonte grise,125,171.5,1965,-711.6,-1754.2,-864.2,-1675.8
BOR00333,Acier,Acier,300,146.5,1950,-864.2,-1675.8,-749.3,-1585.0
BOR00334,Fonte,Fonte grise,100,165.0,1930,-864.2,-1675.8,-900.4,-1514.8
BOR00335,Plastique,PVC,100,196.2,1980,-900.4,-1514.8,-1052.5,-1390.8
BOR00336,Plastique,PVC,100,201.9,1982,-1052.5,-1390.8,-862.2,-1323.4
BOR00337,Fonte,Fonte grise,200,151.5,1940,-1052.5,-1390.8,-1106.7,-1249.3
BOR00338,Fonte,Fonte ductile,200,137.5,1970,-1106.7,-1249.3,-995.1,-1169.1
BOR00339,Plastique,PVC,200,126.7,1994,-1106.7,-1249.3,-1204.3,-1168.5
BOR00340,Fonte,Fonte ductile,200,151.6,1970,-1204.3,-1168.5,-1087.0,-1072.5
BOR00341,Plastique,PVC collé,125,94.2,1960,-1204.3,-1168.5,-1222.8,-1076.2
BOR00342,Plastique,PEHD,150,149.2,1995,-1222.8,-1076.2,-1128.3,-960.7
BOR00343,Fonte,Fonte ductile,150,57.2,1970,-1300.2,-901.8,-1278.6,-848.9
BOR00344,Fonte,Fonte ductile,200,124.7,1970,-1300.2,-901.8,-1419.9,-867.0
BOR00345,Fonte,Fonte grise,250,189.4,1939,-1419.9,-867.0,-1458.8,-681.7
BOR00346,Fonte,Fonte ductile,250,115.3,1988,-1458.8,-681.7,-1349.1,-646.4
BOR00347,Plastique,PEHD,150,159.8,1999,-1458.8,-681.7,-1600.3,-607.4
BOR00348,Fonte,Fonte ductile,500,203.7,1978,-1600.3,-607.4,-1465.4,-454.8
BOR00349,Fonte,Fonte grise,200,139.8,1930,-1600.3,-607.4,-1674.9,-489.1
BOR00350,Fonte,Fonte ductile,400,199.3,1970,-1674.9,-489.1,-1494.0,-405.6
BOR00351,Acier,Acier,200,180.1,1963,-1674.9,-489.1,-1733.0,-318.6
BOR00352,Fonte,Fonte ductile,80,117.0,1973,-1733.0,-318.6,-1643.3,-243.6
BOR00353,Plastique,PEHD,200,122.4,1995,-1733.0,-318.6,-1805.4,-219.8
BOR00354,Fonte,Fonte ductile,200,106.0,2000,-1805.4,-219.8,-1732.4,-143.0
BOR00355,Fonte,Fonte ductile,200,107.3,1981,-1805.4,-219.8,-1892.4,-157.1
BOR00356,Fonte,Fonte grise,80,113.8,1960,-1892.4,-157.1,-1820.2,-69.2
BOR00357,Plastique,PVC,150,194.2,1980,-1892.4,-157.1,-2026.5,-16.6
BOR00358,Plastique,PVC,125,206.1,1980,-2026.5,-16.6,-1831.8,51.1
BOR00359,Fonte,Fonte ductile,400,75.4,1970,-2026.5,-16.6,-2031.6,58.6
BOR00360,Fonte,Fonte ductile,500,124.2,1984,-2031.6,58.6,-1952.1,154.1
BOR00361,Fonte,Fonte grise,200,215.7,1950,-2031.6,58.6,-2133.9,248.5
BOR00362,Acier,Acier,125,106.8,1950,-2133.9,248.5,-2038.8,297.1
BOR00363,Fonte,Fonte grise,50,144.9,1975,-2133.9,248.5,-2217.7,366.7
BOR00364,Fonte,Fonte ductile,200,130.7,2005,-2245.4,451.4,-2161.0,551.1
BOR00365,Fonte,Fonte ductile,80,213.8,1992,-2245.4,451.4,-2412.8,584.5
BOR00366,Plastique,PVC collé,50,185.9,1968,-2412.8,584.5,-2236.7,644.1
BOR00367,Fonte,Fonte ductile,125,102.6,1993,-2412.8,584.5,-2455.4,677.8
BOR00368,Fonte,Fonte grise,125,92.9,1975,-2455.4,677.8,-2384.3,737.5
BOR00369,Fonte,Fonte grise,600,101.3,1963,-2455.4,677.8,-2515.8,759.2
BOR00370,Plastique,PEHD,40,132.4,1995,-2515.8,759.2,-2424.9,855.5
BOR00371,Plastique,PVC collé,250,173.8,1974,-37.4,-2617.1,91.4,-2500.5
BOR00372,Fonte,Fonte grise,150,185.5,1965,-37.4,-2617.1,-91.7,-2439.7
BOR00373,Fonte,Fonte ductile,150,119.3,2006,-91.7,-2439.7,20.7,-2399.8
BOR00374,Fonte,Fonte ductile,300,88.6,1977,-91.7,-2439.7,-154.8,-2377.5
BOR00375,Acier,Acier,200,190.5,1974,-154.8,-2377.5,-296.4,-2250.1
BOR00376,Plastique,PEHD,32,139.7,1998,-296.4,-2250.1,-162.4,-2210.9
BOR00377,Fonte,Fonte ductile,63,144.5,1984,-296.4,-2250.1,-350.1,-2116.0
BOR00378,Fonte,Fonte grise,80,104.7,1930,-350.1,-2116.0,-288.4,-2031.4
BOR00379,Fonte,Fonte grise,200,132.5,1930,-406.9,-2023.6,-292.1,-1957.6
BOR00380,Fonte,Fonte ductile,500,187.0,1984,-406.9,-2023.6,-488.1,-1855.2
BOR00381,Fonte,Fonte grise,250,114.1,1954,-488.1,-1855.2,-406.3,-1775.7
BOR00382,Fonte,Fonte ductile,125,160.9,1970,-488.1,-1855.2,-618.7,-1761.1
BOR00383,Fonte,Fonte ductile,600,114.9,1997,-618.7,-1761.1,-515.8,-1709.9
BOR00384,Fonte,Fonte ductile,250,134.4,1970,-618.7,-1761.1,-642.8,-1628.9
BOR00385,Fonte,Fonte ductile,50,109.2,1992,-642.8,-1628.9,-538.7,-1595.9
BOR00386,Fonte,Fonte ductile,100,115.2,1970,-642.8,-1628.9,-749.3,-1585.0
BOR00387,Fonte,Fonte grise,125,206.0,1941,-749.3,-1585.0,-606.0,-1436.9
BOR00388,Fonte,Fonte ductile,50,129.7,1970,-749.3,-1585.0,-790.5,-1462.0
BOR00389,Plastique,PVC collé,125,107.3,1960,-790.5,-1462.0,-707.3,-1394.1
BOR00390,Plastique,PVC collé,200,156.0,1967,-790.5,-1462.0,-862.2,-1323.4
BOR00391,Plastique,PVC,125,90.2,1980,-862.2,-1323.4,-804.0,-1254.5
BOR00392,Fonte,Fonte grise,80,203.7,1930,-862.2,-1323.4,-995.1,-1169.1
BOR00393,Plastique,PVC collé,250,112.8,1969,-995.1,-1169.1,-882.5,-1162.6
BOR00394,Fonte,Fonte grise,200,133.3,1954,-995.1,-1169.1,-1087.0,-1072.5
BOR00395,Fonte,Fonte ductile,100,119.2,1974,-1087.0,-1072.5,-1128.3,-960.7
BOR00396,Fonte,Fonte ductile,125,131.0,1986,-1128.3,-960.7,-1043.7,-860.7
BOR00397,Fonte,Fonte ductile,100,187.4,1970,-1128.3,-960.7,-1278.6,-848.9
BOR00398,Fonte,Fonte grise,100,217.7,1936,-1278.6,-848.9,-1066.8,-798.6
BOR00399,Plastique,PEHD,50,118.8,1995,-1278.6,-848.9,-1307.7,-733.7
BOR00400,Plastique,PVC collé,400,141.1,1960,-1307.7,-733.7,-1169.1,-707.2
BOR00401,Fonte,Fonte ductile,80,96.6,2005,-1307.7,-733.7,-1349.1,-646.4
BOR00402,Fonte,Fonte ductile,250,151.6,1970,-1349.1,-646.4,-1229.6,-553.0
BOR00403,Fonte,Fonte ductile,150,224.2,1984,-1349.1,-646.4,-1465.4,-454.8
BOR00404,Plastique,PVC,50,65.5,1980,-1465.4,-454.8,-1409.2,-421.0
BOR00405,Fonte,Fonte grise,125,56.9,1930,-1465.4,-454.8,-1494.0,-405.6
BOR00406,Plastique,PVC,200,99.2,2001,-1494.0,-405.6,-1409.8,-353.1
BOR00407,Fonte,Fonte grise,400,220.3,1952,-1494.0,-405.6,-1643.3,-243.6
BOR00408,Fonte,Fonte grise,80,134.4,1930,-1643.3,-243.6,-1732.4,-143.0
BOR00409,Fonte,Fonte grise,150,114.8,1937,-1732.4,-143.0,-1820.2,-69.2
BOR00410,Fonte,Fonte ductile,40,179.1,1970,-1820.2,-69.2,-1650.1,-13.3
BOR00411,Fonte,Fonte ductile,150,120.9,2006,-1820.2,-69.2,-1831.8,51.1
BOR00412,Fonte,Fonte grise,250,72.8,1937,-1831.8,51.1,-1797.3,115.3
BOR00413,Plastique,PEHD,200,158.3,2010,-1831.8,51.1,-1952.1,154.1
BOR00414,Fonte,Fonte grise,100,160.1,1932,-1952.1,154.1,-1805.9,219.2
BOR00415,Fonte,Fonte ductile,250,167.2,1996,-1952.1,154.1,-2038.8,297.1
BOR00416,Fonte,Fonte grise,400,139.0,1939,-2038.8,297.1,-1937.9,392.7
BOR00417,Fonte,Fonte ductile,250,112.6,1970,-2038.8,297.1,-2131.0,361.6
BOR00418,Fonte,Fonte grise,150,156.8,1966,-2131.0,361.6,-2045.4,492.9
BOR00419,Plastique,PEHD,125,191.9,1995,-2131.0,361.6,-2161.0,551.1
BOR00420,Plastique,PEHD,150,51.4,2017,-2161.0,551.1,-2129.0,591.4
BOR00421,Fonte,Fonte ductile,150,93.4,1970,-2236.7,644.1,-2208.7,733.2
BOR00422,Fonte,Fonte grise,32,174.7,1933,-2236.7,644.1,-2384.3,737.5
BOR00423,Fonte,Fonte grise,500,126.1,1944,-2384.3,737.5,-2277.9,805.1
BOR00424,Fonte,Fonte grise,100,124.8,1956,-2384.3,737.5,-2424.9,855.5
BOR00425,Fonte,Fonte ductile,80,123.5,1970,-2424.9,855.5,-2341.4,946.4
BOR00426,Fonte,Fonte grise,250,170.6,1941,91.4,-2500.5,244.4,-2425.0
BOR00427,Acier,Acier,100,123.1,1984,91.4,-2500.5,20.7,-2399.8
BOR00428,Acier,Acier,80,97.4,1967,20.7,-2399.8,109.3,-2359.3
BOR00429,Fonte,Fonte grise,80,166.7,1949,20.7,-2399.8,-87.0,-2272.7
BOR00430,Fonte,Fonte ductile,100,114.0,1989,-87.0,-2272.7,26.2,-2258.9
BOR00431,Plastique,PEHD,400,97.4,2010,-87.0,-2272.7,-162.4,-2210.9
BOR00432,Plastique,PEHD,50,131.5,1995,-162.4,-2210.9,-73.2,-2114.3
BOR00433,Fonte,Fonte ductile,200,177.5,1996,-288.4,-2031.4,-120.2,-1974.6
BOR00434,Plastique,PEHD,200,93.1,1995,-292.1,-1957.6,-213.3,-1908.0
BOR00435,Plastique,PEHD,40,214.8,1995,-292.1,-1957.6,-406.3,-1775.7
BOR00436,Plastique,PVC collé,200,164.9,1974,-406.3,-1775.7,-241.7,-1765.2
BOR00437,Fonte,Fonte ductile,125,127.7,1988,-406.3,-1775.7,-515.8,-1709.9
BOR00438,Plastique,PVC,100,143.6,1996,-515.8,-1709.9,-383.3,-1654.7
BOR00439,Fonte,Fonte grise,63,116.3,1934,-515.8,-1709.9,-538.7,-1595.9
BOR00440,Plastique,PEHD,80,116.6,1995,-538.7,-1595.9,-475.5,-1498.0
BOR00441,Fonte,Fonte grise,100,68.8,1939,-606.0,-1436.9,-537.3,-1439.3
BOR00442,Fonte,Fonte ductile,200,109.9,1970,-606.0,-1436.9,-707.3,-1394.1
BOR00443,Plastique,PVC,250,118.2,1980,-707.3,-1394.1,-606.7,-1332.0
BOR00444,Fonte,Fonte ductile,250,169.8,1978,-707.3,-1394.1,-804.0,-1254.5
BOR00445,Fonte,Fonte grise,40,114.9,1939,-804.0,-1254.5,-748.2,-1154.0
BOR00446,Plastique,PVC collé,200,120.9,1960,-804.0,-1254.5,-882.5,-1162.6
BOR00447,Fonte,Fonte ductile,150,133.4,1971,-882.5,-1162.6,-773.8,-1085.1
BOR00448,Fonte,Fonte ductile,32,166.4,1971,-882.5,-1162.6,-975.7,-1024.7
BOR00449,Fonte,Fonte grise,32,177.6,1948,-975.7,-1024.7,-1043.7,-860.7
BOR00450,Fonte,Fonte grise,250,98.7,1951,-1043.7,-860.7,-951.4,-825.5
BOR00451,Plastique,PVC collé,150,66.3,1960,-1043.7,-860.7,-1066.8,-798.6
BOR00452,Fonte,Fonte ductile,100,115.4,1970,-1066.8,-798.6,-987.8,-714.5
BOR00453,Fonte,Fonte grise,250,137.2,1930,-1066.8,-798.6,-1169.1,-707.2
BOR00454,Fonte,Fonte ductile,125,108.9,1986,-1169.1,-707.2,-1124.0,-608.0
BOR00455,Plastique,PEHD,200,165.6,1995,-1169.1,-707.2,-1229.6,-553.0
BOR00456,Fonte,Fonte ductile,100,109.1,1970,-1229.6,-553.0,-1178.0,-456.9
BOR00457,Fonte,Fonte grise,150,222.9,1930,-1229.6,-553.0,-1409.2,-421.0
BOR00458,Ciment,Amiante-ciment,125,194.4,1955,-1409.2,-421.0,-1238.3,-328.4
BOR00459,Fonte,Fonte grise,300,67.9,1941,-1409.2,-421.0,-1409.8,-353.1
BOR00460,Plastique,PVC collé,150,141.0,1960,-1409.8,-353.1,-1294.4,-272.1
BOR00461,Fonte,Fonte ductile,500,208.1,1970,-1409.8,-353.1,-1525.9,-180.3
BOR00462,Fonte,Fonte grise,300,75.3,1930,-1525.9,-180.3,-1556.3,-111.4
BOR00463,Fonte,Fonte ductile,80,107.6,1970,-1556.3,-111.4,-1466.3,-52.3
BOR00464,Fonte,Fonte grise,32,135.8,1938,-1556.3,-111.4,-1650.1,-13.3
BOR00465,Plastique,PVC,100,195.4,1980,-1650.1,-13.3,-1797.3,115.3
BOR00466,Plastique,PVC collé,40,104.3,1960,-1797.3,115.3,-1805.9,219.2
BOR00467,Plastique,PVC collé,125,89.7,1960,-1805.9,219.2,-1742.4,282.6
BOR00468,Fonte,Fonte grise,200,218.0,1975,-1805.9,219.2,-1937.9,392.7
BOR00469,Plastique,PVC collé,400,115.7,1976,-1937.9,392.7,-1823.7,373.9
BOR00470,Plastique,PEHD,150,147.0,2005,-1937.9,392.7,-2045.4,492.9
BOR00471,Fonte,Fonte ductile,80,175.0,1971,-2045.4,492.9,-1890.3,574.1
BOR00472,Fonte,Fonte grise,100,129.2,1930,-2045.4,492.9,-2129.0,591.4
BOR00473,Fonte,Fonte grise,125,152.1,1949,-2129.0,591.4,-2007.1,682.5
BOR00474,Fonte,Fonte ductile,125,162.6,1998,-2129.0,591.4,-2208.7,733.2
BOR00475,Fonte,Fonte ductile,50,124.7,1970,-2208.7,733.2,-2103.8,800.6
BOR00476,Plastique,PVC,32,99.8,1992,-2208.7,733.2,-2277.9,805.1
BOR00477,Acier,Acier,32,197.7,1953,-2277.9,805.1,-2104.6,900.3
BOR00478,Plastique,PVC collé,80,154.9,1960,-2277.9,805.1,-2341.4,946.4
BOR00479,Plastique,PVC,125,105.4,1980,244.4,-2425.0,324.6,-2356.5
BOR00480,Fonte,Fonte ductile,200,150.3,1970,244.4,-2425.0,109.3,-2359.3
BOR00481,Plastique,PVC collé,63,182.1,1973,109.3,-2359.3,208.2,-2206.5
BOR00482,Fonte,Fonte ductile,100,130.3,2012,109.3,-2359.3,26.2,-2258.9
BOR00483,Plastique,PVC collé,100,182.9,1960,26.2,-2258.9,172.7,-2149.4
BOR00484,Fonte,Fonte ductile,63,175.5,1992,26.2,-2258.9,-73.2,-2114.3
BOR00485,Plastique,PEHD,50,144.8,1995,-73.2,-2114.3,58.9,-2054.8
BOR00486,Fonte,Fonte grise,63,147.4,1975,-73.2,-2114.3,-120.2,-1974.6
BOR00487,Plastique,PVC collé,80,135.5,1960,-120.2,-1974.6,-46.1,-1861.2
BOR00488,Fonte,Fonte grise,200,114.4,1961,-120.2,-1974.6,-213.3,-1908.0
BOR00489,Fonte,Fonte ductile,80,158.1,1970,-213.3,-1908.0,-148.2,-1763.9
BOR00490,Fonte,Fonte grise,40,145.7,1947,-213.3,-1908.0,-241.7,-1765.2
BOR00491,Fonte,Fonte grise,80,138.1,1941,-241.7,-1765.2,-172.1,-1645.9
BOR00492,Fonte,Fonte grise,80,179.6,1952,-241.7,-1765.2,-383.3,-1654.7
BOR00493,Fonte,Fonte ductile,100,176.7,1970,-383.3,-1654.7,-231.6,-1564.0
BOR00494,Fonte,Fonte grise,80,181.8,1975,-383.3,-1654.7,-475.5,-1498.0
BOR00495,Fonte,Fonte ductile,200,85.3,1983,-475.5,-1498.0,-537.3,-1439.3
BOR00496,Fonte,Fonte grise,125,200.1,1930,-537.3,-1439.3,-408.2,-1286.4
BOR00497,Plastique,PVC collé,300,127.8,1960,-537.3,-1439.3,-606.7,-1332.0
BOR00498,Fonte,Fonte grise,80,143.0,1930,-606.7,-1332.0,-504.9,-1231.6
BOR00499,Fonte,Fonte ductile,200,227.4,2005,-606.7,-1332.0,-748.2,-1154.0
BOR00500,Fonte,Fonte grise,200,201.3,1958,-748.2,-1154.0,-566.8,-1066.8
BOR00501,Fonte,Fonte ductile,80,73.5,1985,-748.2,-1154.0,-773.8,-1085.1
BOR00502,Fonte,Fonte ductile,150,187.7,1983,-773.8,-1085.1,-619.7,-978.0
BOR00503,Fonte,Fonte grise,125,192.8,1948,-773.8,-1085.1,-879.6,-924.0
BOR00504,Fonte,Fonte grise,150,121.9,1934,-879.6,-924.0,-951.4,-825.5
BOR00505,Fonte,Fonte ductile,50,130.7,1970,-951.4,-825.5,-862.0,-730.1
BOR00506,Fonte,Fonte ductile,100,116.8,1988,-951.4,-825.5,-987.8,-714.5
BOR00507,Plastique,PVC,200,97.3,1980,-987.8,-714.5,-895.8,-683.1
BOR00508,Fonte,Fonte ductile,150,172.8,1972,-987.8,-714.5,-1124.0,-608.0
BOR00509,Plastique,PVC collé,100,179.0,1960,-1124.0,-608.0,-953.9,-552.3
BOR00510,Plastique,PEHD,63,160.5,1997,-1124.0,-608.0,-1178.0,-456.9
BOR00511,Fonte,Fonte ductile,100,141.7,1970,-1178.0,-456.9,-1044.8,-408.6
BOR00512,Fonte,Fonte grise,500,141.9,1930,-1178.0,-456.9,-1238.3,-328.4
BOR00513,Fonte,Fonte ductile,63,65.1,1970,-1238.3,-328.4,-1188.7,-286.3
BOR00514,Fonte,Fonte ductile,400,112.4,1991,-1294.4,-272.1,-1254.4,-167.0
BOR00515,Plastique,PVC,250,210.6,1980,-1294.4,-272.1,-1415.4,-99.7
BOR00516,Fonte,Fonte ductile,80,111.5,1970,-1415.4,-99.7,-1304.1,-107.4
BOR00517,Plastique,PEHD,400,69.5,1995,-1415.4,-99.7,-1466.3,-52.3
BOR00518,Ciment,Amiante-ciment,250,119.7,1955,-1466.3,-52.3,-1440.5,64.5
BOR00519,Fonte,Fonte grise,63,204.6,1932,-1466.3,-52.3,-1551.5,133.7
BOR00520,Plastique,PVC collé,80,77.1,1966,-1551.5,133.7,-1476.8,153.1
BOR00521,Plastique,PVC collé,125,162.5,1983,-1551.5,133.7,-1677.0,236.9
BOR00522,Fonte,Fonte ductile,250,161.5,1970,-1677.0,236.9,-1541.1,324.2
BOR00523,Fonte,Fonte grise,200,79.8,1946,-1677.0,236.9,-1742.4,282.6
BOR00524,Plastique,PEHD,125,159.5,2020,-1742.4,282.6,-1602.2,358.5
BOR00525,Plastique,PVC collé,150,122.3,1960,-1742.4,282.6,-1823.7,373.9
BOR00526,Plastique,PEHD,100,186.1,2008,-1823.7,373.9,-1671.5,481.0
BOR00527,Fonte,Fonte grise,100,133.3,1930,-1890.3,574.1,-1771.5,634.6
BOR00528,Fonte,Fonte grise,600,159.4,1930,-1890.3,574.1,-2007.1,682.5
BOR00529,Plastique,PEHD,400,126.2,1995,-2007.1,682.5,-1890.5,730.6
BOR00530,Plastique,PVC,80,152.6,1980,-2007.1,682.5,-2103.8,800.6
BOR00531,Fonte,Fonte ductile,200,154.4,1999,-2103.8,800.6,-1952.6,832.0
BOR00532,Acier,Acier,40,99.7,1967,-2103.8,800.6,-2104.6,900.3
BOR00533,Plastique,PEHD,50,117.2,2024,-2104.6,900.3,-2049.0,1003.5
BOR00534,Plastique,PEHD,125,194.2,1995,-2104.6,900.3,-2233.3,1045.7
BOR00535,Fonte,Fonte ductile,500,162.4,1984,-2233.3,1045.7,-2075.1,1082.3
BOR00536,Fonte,Fonte grise,32,132.7,1951,324.6,-2356.5,446.5,-2304.2
BOR00537,Ciment,Amiante-ciment,40,189.9,1955,324.6,-2356.5,208.2,-2206.5
BOR00538,Plastique,PVC,50,146.0,1989,208.2,-2206.5,349.3,-2168.9
BOR00539,Fonte,Fonte ductile,100,146.7,1987,172.7,-2149.4,290.7,-2062.3
BOR00540,Fonte,Fonte ductile,300,148.0,1988,172.7,-2149.4,58.9,-2054.8
BOR00541,Fonte,Fonte grise,300,144.4,1951,58.9,-2054.8,107.2,-1918.8
BOR00542,Fonte,Fonte ductile,300,220.3,1970,58.9,-2054.8,-46.1,-1861.2
BOR00543,Fonte,Fonte ductile,125,128.4,1970,-46.1,-1861.2,82.2,-1857.7
BOR00544,Plastique,PVC,125,141.0,1980,-46.1,-1861.2,-148.2,-1763.9
BOR00545,Plastique,PVC collé,150,203.8,1960,-148.2,-1763.9,27.7,-1661.0
BOR00546,Fonte,Fonte ductile,150,120.4,1995,-148.2,-1763.9,-172.1,-1645.9
BOR00547,Plastique,PVC,300,102.9,1980,-172.1,-1645.9,-70.2,-1631.8
BOR00548,Plastique,PEHD,50,101.2,2002,-172.1,-1645.9,-231.6,-1564.0
BOR00549,Fonte,Fonte ductile,150,109.9,1970,-231.6,-1564.0,-206.5,-1457.0
BOR00550,Plastique,PVC collé,250,138.7,1960,-342.4,-1472.0,-262.5,-1358.5
BOR00551,Acier,Acier,125,196.8,1990,-342.4,-1472.0,-408.2,-1286.4
BOR00552,Fonte,Fonte ductile,250,87.1,1970,-408.2,-1286.4,-329.2,-1249.6
BOR00553,Fonte,Fonte grise,250,111.2,1930,-408.2,-1286.4,-504.9,-1231.6
BOR00554,Fonte,Fonte ductile,125,127.7,1970,-566.8,-1066.8,-444.5,-1029.9
BOR00555,Fonte,Fonte grise,150,103.3,1937,-566.8,-1066.8,-619.7,-978.0
BOR00556,Plastique,PEHD,63,138.1,1995,-619.7,-978.0,-547.6,-860.3
BOR00557,Fonte,Fonte ductile,200,147.4,1984,-619.7,-978.0,-754.7,-919.1
BOR00558,Fonte,Fonte grise,125,207.1,1935,-754.7,-919.1,-590.8,-792.5
BOR00559,Plastique,PVC,40,217.3,1980,-754.7,-919.1,-862.0,-730.1
BOR00560,Fonte,Fonte grise,400,57.9,1944,-862.0,-730.1,-895.8,-683.1
BOR00561,Fonte,Fonte ductile,100,143.1,2000,-895.8,-683.1,-953.9,-552.3
BOR00562,Plastique,PVC collé,250,170.6,1960,-953.9,-552.3,-844.6,-421.3
BOR00563,Plastique,PVC,150,170.1,1980,-953.9,-552.3,-1044.8,-408.6
BOR00564,Fonte,Fonte ductile,600,188.9,1983,-1044.8,-408.6,-1188.7,-286.3
BOR00565,Plastique,PVC collé,100,167.1,1967,-1188.7,-286.3,-1062.9,-176.3
BOR00566,Fonte,Fonte grise,400,136.2,1930,-1188.7,-286.3,-1254.4,-167.0
BOR00567,Fonte,Fonte ductile,250,77.6,1970,-1254.4,-167.0,-1304.1,-107.4
BOR00568,Fonte,Fonte ductile,300,181.6,1982,-1440.5,64.5,-1263.0,103.2
BOR00569,Fonte,Fonte ductile,100,175.0,1970,-1476.8,153.1,-1326.8,243.1
BOR00570,Fonte,Fonte ductile,150,182.8,1970,-1476.8,153.1,-1541.1,324.2
BOR00571,Fonte,Fonte grise,40,110.5,1932,-1541.1,324.2,-1435.5,356.6
BOR00572,Acier,Acier,150,70.0,1963,-1541.1,324.2,-1602.2,358.5
BOR00573,Fonte,Fonte ductile,125,186.8,1991,-1602.2,358.5,-1490.7,508.3
BOR00574,Plastique,PVC,200,140.8,1980,-1602.2,358.5,-1671.5,481.0
BOR00575,Fonte,Fonte grise,100,114.9,1933,-1671.5,481.0,-1617.1,582.2
BOR00576,Fonte,Fonte grise,100,183.3,1930,-1671.5,481.0,-1771.5,634.6
BOR00577,Fonte,Fonte ductile,400,152.9,1983,-1771.5,634.6,-1890.5,730.6
BOR00578,Plastique,PVC collé,80,156.7,1969,-1890.5,730.6,-1778.1,839.8
BOR00579,Fonte,Fonte grise,100,118.9,1930,-1890.5,730.6,-1952.6,832.0
BOR00580,Fonte,Fonte grise,80,118.9,1975,-1952.6,832.0,-1853.8,898.1
BOR00581,Plastique,PEHD,300,196.7,1995,-1952.6,832.0,-2049.0,1003.5
BOR00582,Fonte,Fonte ductile,125,101.9,1991,-2049.0,1003.5,-1965.4,1061.7
BOR00583,Plastique,PEHD,250,83.0,2009,-2049.0,1003.5,-2075.1,1082.3
BOR00584,Plastique,PVC collé,50,146.1,1978,-2075.1,1082.3,-1979.2,1192.6
BOR00585,Plastique,PVC collé,250,144.1,1963,446.5,-2304.2,520.2,-2180.4
BOR00586,Fonte,Fonte ductile,100,166.6,2005,446.5,-2304.2,349.3,-2168.9
BOR00587,Fonte,Fonte ductile,250,92.0,1990,349.3,-2168.9,421.7,-2112.1
BOR00588,Fonte,Fonte grise,125,121.6,1975,349.3,-2168.9,290.7,-2062.3
BOR00589,Acier,Acier,50,139.8,1984,290.7,-2062.3,380.8,-1955.4
BOR00590,Plastique,PEHD,63,164.2,1995,107.2,-1918.8,256.2,-1849.8
BOR00591,Fonte,Fonte grise,250,66.1,1948,107.2,-1918.8,82.2,-1857.7
BOR00592,Plastique,PEHD,63,127.4,1996,82.2,-1857.7,180.1,-1776.1
BOR00593,Fonte,Fonte ductile,125,204.1,1989,82.2,-1857.7,27.7,-1661.0
BOR00594,Fonte,Fonte grise,100,128.4,1937,27.7,-1661.0,127.0,-1579.7
BOR00595,Acier,Acier,50,102.1,1950,27.7,-1661.0,-70.2,-1631.8
BOR00596,Plastique,PVC collé,150,130.1,1960,-70.2,-1631.8,22.4,-1540.4
BOR00597,Fonte,Fonte grise,80,221.6,1930,-70.2,-1631.8,-206.5,-1457.0
BOR00598,Plastique,PVC collé,125,182.2,1960,-206.5,-1457.0,-41.2,-1380.3
BOR00599,Fonte,Fonte ductile,100,113.3,1978,-206.5,-1457.0,-262.5,-1358.5
BOR00600,Plastique,PEHD,150,140.8,1996,-262.5,-1358.5,-148.0,-1276.5
BOR00601,Fonte,Fonte ductile,250,127.8,1987,-262.5,-1358.5,-329.2,-1249.6
BOR00602,Fonte,Fonte grise,300,140.6,1947,-329.2,-1249.6,-204.6,-1184.5
BOR00603,Fonte,Fonte grise,500,177.7,1930,-329.2,-1249.6,-419.0,-1096.3
BOR00604,Ciment,Amiante-ciment,200,141.9,1961,-419.0,-1096.3,-304.0,-1013.3
BOR00605,Fonte,Fonte ductile,100,71.1,1981,-419.0,-1096.3,-444.5,-1029.9
BOR00606,Fonte,Fonte ductile,125,107.5,1979,-444.5,-1029.9,-419.0,-925.5
BOR00607,Plastique,PVC collé,150,198.4,1960,-444.5,-1029.9,-547.6,-860.3
BOR00608,Fonte,Fonte ductile,200,123.5,1970,-547.6,-860.3,-457.2,-776.1
BOR00609,Fonte,Fonte grise,80,80.4,1930,-547.6,-860.3,-590.8,-792.5
BOR00610,Plastique,PEHD,100,114.3,1995,-590.8,-792.5,-535.1,-692.7
BOR00611,Plastique,PVC,600,172.3,1992,-590.8,-792.5,-682.8,-646.8
BOR00612,Fonte,Fonte ductile,100,130.3,1970,-682.8,-646.8,-576.2,-571.8
BOR00613,Fonte,Fonte ductile,100,132.9,1970,-682.8,-646.8,-783.9,-560.7
BOR00614,Fonte,Fonte ductile,200,85.2,1996,-783.9,-560.7,-709.8,-518.7
BOR00615,Plastique,PEHD,100,152.0,1995,-783.9,-560.7,-844.6,-421.3
BOR00616,Fonte,Fonte ductile,100,114.3,1979,-844.6,-421.3,-748.1,-360.1
BOR00617,Fonte,Fonte ductile,80,178.5,1971,-844.6,-421.3,-988.8,-316.2
BOR00618,Fonte,Fonte grise,100,120.6,1950,-988.8,-316.2,-872.0,-286.3
BOR00619,Plastique,PVC collé,200,158.3,1960,-988.8,-316.2,-1062.9,-176.3
BOR00620,Fonte,Fonte ductile,80,94.7,1981,-1062.9,-176.3,-968.6,-168.3
BOR00621,Plastique,PEHD,125,132.2,1995,-1062.9,-176.3,-1118.1,-56.1
BOR00622,Fonte,Fonte grise,125,97.6,1951,-1118.1,-56.1,-1020.6,-61.8
BOR00623,Plastique,PVC,400,86.4,1980,-1118.1,-56.1,-1187.8,-5.0
BOR00624,Fonte,Fonte ductile,80,156.7,2001,-1187.8,-5.0,-1080.7,109.4
BOR00625,Fonte,Fonte ductile,250,131.8,1980,-1187.8,-5.0,-1263.0,103.2
BOR00626,Fonte,Fonte ductile,80,149.7,1970,-1263.0,103.2,-1204.2,240.8
BOR00627,Plastique,PVC collé,250,106.5,1969,-1326.8,243.1,-1291.4,343.6
BOR00628,Plastique,PVC collé,125,157.2,1967,-1326.8,243.1,-1435.5,356.6
BOR00629,Fonte,Fonte ductile,250,124.5,1970,-1435.5,356.6,-1373.9,464.8
BOR00630,Fonte,Fonte grise,250,161.4,1930,-1435.5,356.6,-1490.7,508.3
BOR00631,Fonte,Fonte ductile,100,44.7,1982,-1490.7,508.3,-1456.9,537.6
BOR00632,Plastique,PEHD,100,146.4,1995,-1490.7,508.3,-1617.1,582.2
BOR00633,Plastique,PVC collé,63,157.2,1960,-1617.1,582.2,-1494.7,680.9
BOR00634,Fonte,Fonte ductile,500,166.4,1995,-1617.1,582.2,-1656.8,743.7
BOR00635,Plastique,PEHD,400,79.0,1995,-1656.8,743.7,-1583.9,774.0
BOR00636,Fonte,Fonte ductile,125,154.8,2001,-1656.8,743.7,-1778.1,839.8
BOR00637,Fonte,Fonte grise,200,101.4,1930,-1778.1,839.8,-1700.1,904.7
BOR00638,Fonte,Fonte grise,150,95.5,1930,-1778.1,839.8,-1853.8,898.1
BOR00639,Fonte,Fonte ductile,80,182.6,1970,-1853.8,898.1,-1709.4,1009.8
BOR00640,Plastique,PEHD,63,177.3,1995,-1965.4,1061.7,-1791.5,1095.7
BOR00641,Acier,Acier,150,112.8,1950,-1979.2,1192.6,-1907.6,1279.8
BOR00642,Plastique,PEHD,50,131.9,2024,520.2,-2180.4,642.2,-2130.2
BOR00643,Fonte,Fonte ductile,100,120.0,2012,520.2,-2180.4,421.7,-2112.1
BOR00644,Fonte,Fonte grise,50,128.8,1943,421.7,-2112.1,487.2,-2001.2
BOR00645,Fonte,Fonte grise,250,161.9,1963,421.7,-2112.1,380.8,-1955.4
BOR00646,Plastique,PVC,250,163.3,1981,380.8,-1955.4,256.2,-1849.8
BOR00647,Fonte,Fonte ductile,125,116.1,1976,256.2,-1849.8,372.1,-1843.6
BOR00648,Plastique,PVC,250,105.9,2005,256.2,-1849.8,180.1,-1776.1
BOR00649,Plastique,PEHD,100,159.2,1995,180.1,-1776.1,324.8,-1709.8
BOR00650,Fonte,Fonte ductile,250,203.5,1970,180.1,-1776.1,127.0,-1579.7
BOR00651,Fonte,Fonte ductile,150,127.5,1981,127.0,-1579.7,253.8,-1566.2
BOR00652,Fonte,Fonte grise,250,111.8,1962,127.0,-1579.7,22.4,-1540.4
BOR00653,Fonte,Fonte grise,600,116.3,1964,22.4,-1540.4,98.2,-1452.1
BOR00654,Plastique,PVC,200,172.2,1980,22.4,-1540.4,-41.2,-1380.3
BOR00655,Fonte,Fonte grise,125,142.3,1951,-148.0,-1276.5,-13.5,-1230.2
BOR00656,Fonte,Fonte ductile,150,108.0,1970,-148.0,-1276.5,-204.6,-1184.5
BOR00657,Plastique,PVC collé,100,154.1,1960,-204.6,-1184.5,-81.1,-1092.3
BOR00658,Fonte,Fonte ductile,200,198.0,1970,-204.6,-1184.5,-304.0,-1013.3
BOR00659,Fonte,Fonte grise,125,111.3,1930,-304.0,-1013.3,-195.1,-1036.8
BOR00660,Fonte,Fonte grise,150,144.8,1930,-304.0,-1013.3,-419.0,-925.5
BOR00661,Fonte,Fonte ductile,250,198.4,1978,-419.0,-925.5,-227.9,-872.3
BOR00662,Fonte,Fonte ductile,500,154.2,1977,-419.0,-925.5,-457.2,-776.1
BOR00663,Plastique,PVC,50,141.4,1980,-457.2,-776.1,-316.1,-767.8
BOR00664,Fonte,Fonte ductile,80,114.0,1996,-457.2,-776.1,-535.1,-692.7
BOR00665,Plastique,PVC,40,93.2,1980,-535.1,-692.7,-457.1,-641.6
BOR00666,Fonte,Fonte grise,32,62.4,1930,-576.2,-571.8,-520.7,-543.1
BOR00667,Fonte,Fonte grise,63,143.7,1946,-576.2,-571.8,-709.8,-518.7
BOR00668,Plastique,PVC,150,121.7,1980,-709.8,-518.7,-599.4,-467.5
BOR00669,Fonte,Fonte ductile,50,163.2,1979,-709.8,-518.7,-748.1,-360.1
BOR00670,Fonte,Fonte ductile,40,96.1,1970,-748.1,-360.1,-656.3,-331.7
BOR00671,Fonte,Fonte grise,50,144.3,1938,-748.1,-360.1,-872.0,-286.3
BOR00672,Fonte,Fonte grise,250,131.9,1930,-872.0,-286.3,-785.0,-187.3
BOR00673,Fonte,Fonte ductile,125,152.5,1976,-872.0,-286.3,-968.6,-168.3
BOR00674,Plastique,PVC collé,250,191.4,1960,-968.6,-168.3,-809.7,-61.5
BOR00675,Fonte,Fonte grise,600,118.5,1930,-968.6,-168.3,-1020.6,-61.8
BOR00676,Plastique,PVC,150,159.0,1980,-1020.6,-61.8,-893.1,33.2
BOR00677,Plastique,PVC,100,181.5,1980,-1020.6,-61.8,-1080.7,109.4
BOR00678,Fonte,Fonte grise,125,148.2,1943,-1080.7,109.4,-960.3,195.9
BOR00679,Acier,Acier,125,180.3,1959,-1080.7,109.4,-1204.2,240.8
BOR00680,Fonte,Fonte ductile,200,126.1,1971,-1204.2,240.8,-1079.6,260.4
BOR00681,Fonte,Fonte ductile,100,134.8,1970,-1204.2,240.8,-1291.4,343.6
BOR00682,Fonte,Fonte ductile,50,152.4,1970,-1373.9,464.8,-1236.8,531.3
BOR00683,Fonte,Fonte ductile,200,110.4,1970,-1373.9,464.8,-1456.9,537.6
BOR00684,Plastique,PVC,50,148.1,1980,-1456.9,537.6,-1320.9,596.2
BOR00685,Fonte,Fonte ductile,150,148.1,1975,-1456.9,537.6,-1494.7,680.9
BOR00686,Plastique,PVC collé,40,142.7,1960,-1494.7,680.9,-1399.4,787.2
BOR00687,Plastique,PVC collé,125,129.0,1962,-1494.7,680.9,-1583.9,774.0
BOR00688,Fonte,Fonte ductile,80,166.7,1992,-1583.9,774.0,-1477.3,902.3
BOR00689,Plastique,PEHD,150,174.9,1999,-1583.9,774.0,-1700.1,904.7
BOR00690,Fonte,Fonte grise,200,105.5,1930,-1700.1,904.7,-1709.4,1009.8
BOR00691,Plastique,PEHD,600,117.3,1998,-1709.4,1009.8,-1657.7,1115.1
BOR00692,Acier,Acier,40,119.6,1961,-1791.5,1095.7,-1704.1,1177.5
BOR00693,Fonte,Fonte ductile,250,217.6,1981,-1791.5,1095.7,-1907.6,1279.8
BOR00694,Fonte,Fonte grise,250,85.4,1947,-1907.6,1279.8,-1824.0,1297.6
BOR00695,Fonte,Fonte ductile,200,147.4,1971,642.2,-2130.2,744.5,-2024.1
BOR00696,Fonte,Fonte ductile,63,201.7,1970,642.2,-2130.2,487.2,-2001.2
BOR00697,Plastique,PVC,32,125.9,1980,484.7,-1905.8,539.0,-1792.2
BOR00698,Fonte,Fonte ductile,80,128.6,1985,484.7,-1905.8,372.1,-1843.6
BOR00699,Ciment,Amiante-ciment,125,195.6,1955,372.1,-1843.6,467.9,-1673.0
BOR00700,Plastique,PVC,300,141.9,1980,372.1,-1843.6,324.8,-1709.8
BOR00701,Plastique,PEHD,100,136.4,1995,324.8,-1709.8,393.0,-1591.7
BOR00702,Plastique,PVC,125,160.2,1980,324.8,-1709.8,253.8,-1566.2
BOR00703,Fonte,Fonte ductile,250,192.9,1970,253.8,-1566.2,98.2,-1452.1
BOR00704,Plastique,PEHD,250,150.2,1995,98.2,-1452.1,216.5,-1359.6
BOR00705,Plastique,PVC collé,80,133.8,1960,41.5,-1352.1,-13.5,-1230.2
BOR00706,Plastique,PVC,63,129.5,1980,-13.5,-1230.2,77.4,-1137.9
BOR00707,Fonte,Fonte ductile,250,153.5,1979,-13.5,-1230.2,-81.1,-1092.3
BOR00708,Fonte,Fonte grise,150,125.5,1933,-81.1,-1092.3,-0.5,-996.2
BOR00709,Fonte,Fonte ductile,80,126.8,1970,-81.1,-1092.3,-195.1,-1036.8
BOR00710,Acier,Acier,40,161.7,1950,-195.1,-1036.8,-69.6,-934.9
BOR00711,Plastique,PEHD,250,167.7,2011,-195.1,-1036.8,-227.9,-872.3
BOR00712,Plastique,PVC,100,133.5,1980,-227.9,-872.3,-107.4,-815.0
BOR00713,Fonte,Fonte grise,32,111.1,1930,-316.1,-767.8,-226.2,-702.5
BOR00714,Plastique,PVC collé,125,189.3,1963,-316.1,-767.8,-457.1,-641.6
BOR00715,Fonte,Fonte ductile,40,160.2,1984,-457.1,-641.6,-344.0,-528.3
BOR00716,Plastique,PVC collé,63,109.1,1960,-520.7,-543.1,-599.4,-467.5
BOR00717,Ciment,Amiante-ciment,100,227.2,1955,-599.4,-467.5,-463.2,-285.6
BOR00718,Fonte,Fonte grise,600,147.3,1938,-599.4,-467.5,-656.3,-331.7
BOR00719,Plastique,PVC collé,80,149.3,1971,-656.3,-331.7,-564.1,-214.2
BOR00720,Fonte,Fonte ductile,250,193.4,1993,-656.3,-331.7,-785.0,-187.3
BOR00721,Fonte,Fonte grise,80,126.8,1930,-785.0,-187.3,-686.0,-108.1
BOR00722,Fonte,Fonte ductile,200,128.2,1972,-785.0,-187.3,-809.7,-61.5
BOR00723,Plastique,PEHD,150,126.2,1995,-809.7,-61.5,-893.1,33.2
BOR00724,Plastique,PVC,250,102.7,1980,-893.1,33.2,-809.6,93.0
BOR00725,Fonte,Fonte ductile,200,176.0,1982,-893.1,33.2,-960.3,195.9
BOR00726,Fonte,Fonte ductile,63,135.6,1970,-960.3,195.9,-1079.6,260.4
BOR00727,Plastique,PVC collé,100,127.9,1960,-1079.6,260.4,-960.6,307.4
BOR00728,Plastique,PEHD,150,183.8,2001,-1079.6,260.4,-1181.6,413.3
BOR00729,Fonte,Fonte grise,63,118.4,1930,-1181.6,413.3,-1077.9,470.3
BOR00730,Plastique,PVC collé,500,130.3,1960,-1181.6,413.3,-1236.8,531.3
BOR00731,Fonte,Fonte grise,600,117.0,1930,-1236.8,531.3,-1130.4,580.1
BOR00732,Fonte,Fonte grise,80,106.2,1930,-1236.8,531.3,-1320.9,596.2
BOR00733,Fonte,Fonte ductile,100,177.7,1979,-1320.9,596.2,-1161.1,673.9
BOR00734,Acier,Acier,200,146.8,1950,-1399.4,787.2,-1256.4,820.1
BOR00735,Plastique,PEHD,80,138.9,1998,-1399.4,787.2,-1477.3,902.3
BOR00736,Fonte,Fonte ductile,32,159.4,1970,-1477.3,902.3,-1322.9,941.7
BOR00737,Plastique,PEHD,100,94.4,1995,-1477.3,902.3,-1562.6,942.5
BOR00738,Plastique,PEHD,125,186.8,1995,-1562.6,942.5,-1417.5,1060.0
BOR00739,Fonte,Fonte grise,250,197.0,1972,-1562.6,942.5,-1657.7,1115.1
BOR00740,Plastique,PEHD,250,140.1,1995,-1657.7,1115.1,-1524.2,1157.7
BOR00741,Plastique,PVC,63,77.8,1985,-1657.7,1115.1,-1704.1,1177.5
BOR00742,Plastique,PEHD,250,95.3,1995,-1704.1,1177.5,-1620.6,1223.3
BOR00743,Plastique,PEHD,125,169.7,1995,-1704.1,1177.5,-1824.0,1297.6
BOR00744,Fonte,Fonte grise,80,133.1,1951,-1824.0,1297.6,-1711.9,1369.2
BOR00745,Plastique,PEHD,50,127.3,2013,744.5,-2024.1,853.3,-1958.0
BOR00746,Fonte,Fonte ductile,100,181.0,1998,618.9,-1913.7,764.7,-1806.5
BOR00747,Fonte,Fonte ductile,200,145.5,1970,618.9,-1913.7,539.0,-1792.2
BOR00748,Acier,Acier,80,173.1,1950,539.0,-1792.2,696.0,-1719.4
BOR00749,Fonte,Fonte grise,200,110.5,1930,467.9,-1673.0,393.0,-1591.7
BOR00750,Fonte,Fonte ductile,300,112.3,1976,393.0,-1591.7,469.6,-1509.5
BOR00751,Plastique,PVC,300,141.8,1980,393.0,-1591.7,302.9,-1482.2
BOR00752,Fonte,Fonte grise,600,148.4,1950,302.9,-1482.2,444.5,-1437.6
BOR00753,Acier,Acier,100,150.0,1983,302.9,-1482.2,216.5,-1359.6
BOR00754,Fonte,Fonte grise,63,140.4,1932,216.5,-1359.6,339.4,-1291.6
BOR00755,Acier,Acier,63,108.1,1969,216.5,-1359.6,167.5,-1263.2
BOR00756,Fonte,Fonte ductile,125,104.4,1970,167.5,-1263.2,228.0,-1178.1
BOR00757,Fonte,Fonte grise,80,154.3,1946,167.5,-1263.2,77.4,-1137.9
BOR00758,Plastique,PEHD,250,131.7,1995,77.4,-1137.9,203.4,-1099.6
BOR00759,Fonte,Fonte grise,100,161.8,1946,77.4,-1137.9,-0.5,-996.2
BOR00760,Fonte,Fonte ductile,150,115.4,1991,-0.5,-996.2,113.7,-980.1
BOR00761,Plastique,PVC,300,92.4,1986,-0.5,-996.2,-69.6,-934.9
BOR00762,Plastique,PEHD,40,104.9,1995,-69.6,-934.9,13.6,-870.9
BOR00763,Fonte,Fonte ductile,600,125.7,1997,-69.6,-934.9,-107.4,-815.0
BOR00764,Plastique,PVC collé,100,124.0,1976,-107.4,-815.0,-75.9,-695.0
BOR00765,Plastique,PVC,32,163.6,1980,-107.4,-815.0,-226.2,-702.5
BOR00766,Plastique,PEHD,200,210.3,1995,-226.2,-702.5,-344.0,-528.3
BOR00767,Acier,Acier,100,150.1,1950,-344.0,-528.3,-194.0,-535.0
BOR00768,Plastique,PVC,200,65.0,1980,-344.0,-528.3,-403.3,-501.5
BOR00769,Plastique,PVC,125,185.1,1980,-403.3,-501.5,-255.2,-390.4
BOR00770,Fonte,Fonte grise,125,224.1,1935,-403.3,-501.5,-463.2,-285.6
BOR00771,Acier,Acier,300,123.6,1950,-463.2,-285.6,-564.1,-214.2
BOR00772,Plastique,PVC,50,135.4,1980,-564.1,-214.2,-434.0,-176.8
BOR00773,Fonte,Fonte grise,250,161.6,1930,-564.1,-214.2,-686.0,-108.1
BOR00774,Fonte,Fonte ductile,50,162.9,1970,-686.0,-108.1,-563.0,-1.3
BOR00775,Plastique,PVC,40,142.5,1980,-686.0,-108.1,-739.4,24.1
BOR00776,Plastique,PVC,100,133.5,1980,-739.4,24.1,-609.3,54.4
BOR00777,Fonte,Fonte grise,200,98.4,1933,-739.4,24.1,-809.6,93.0
BOR00778,Plastique,PVC,100,174.2,1980,-809.6,93.0,-682.5,212.2
BOR00779,Plastique,PVC collé,200,137.3,1980,-809.6,93.0,-893.0,202.1
BOR00780,Fonte,Fonte grise,150,153.7,1933,-893.0,202.1,-763.0,284.2
BOR00781,Fonte,Fonte grise,250,125.2,1972,-893.0,202.1,-960.6,307.4
BOR00782,Plastique,PVC,250,118.3,1986,-960.6,307.4,-879.7,393.7
BOR00783,Fonte,Fonte ductile,250,200.7,1988,-960.6,307.4,-1077.9,470.3
BOR00784,Plastique,PEHD,80,163.1,1995,-1077.9,470.3,-919.4,508.8
BOR00785,Fonte,Fonte grise,200,121.7,1930,-1077.9,470.3,-1130.4,580.1
BOR00786,Plastique,PVC,80,156.1,1980,-1130.4,580.1,-982.3,629.5
BOR00787,Fonte,Fonte grise,125,98.7,1940,-1130.4,580.1,-1161.1,673.9
BOR00788,Fonte,Fonte ductile,300,107.1,1970,-1161.1,673.9,-1090.4,754.3
BOR00789,Fonte,Fonte ductile,100,174.5,1970,-1161.1,673.9,-1256.4,820.1
BOR00790,Fonte,Fonte grise,150,138.6,1950,-1256.4,820.1,-1128.8,874.0
BOR00791,Acier,Acier,150,54.2,1950,-1322.9,941.7,-1299.1,990.5
BOR00792,Fonte,Fonte ductile,150,151.5,1970,-1322.9,941.7,-1417.5,1060.0
BOR00793,Plastique,PVC collé,125,74.3,1960,-1417.5,1060.0,-1383.5,1126.1
BOR00794,Fonte,Fonte ductile,32,144.7,1970,-1417.5,1060.0,-1524.2,1157.7
BOR00795,Plastique,PEHD,300,158.3,1998,-1524.2,1157.7,-1377.7,1217.7
BOR00796,Plastique,PVC collé,200,116.6,1980,-1524.2,1157.7,-1620.6,1223.3
BOR00797,Fonte,Fonte ductile,200,175.8,1970,-1620.6,1223.3,-1515.0,1363.9
BOR00798,Plastique,PVC,100,172.1,1987,-1620.6,1223.3,-1711.9,1369.2
BOR00799,Plastique,PVC collé,250,197.2,1962,-1711.9,1369.2,-1532.3,1450.9
BOR00800,Fonte,Fonte grise,50,70.0,1933,853.3,-1958.0,921.1,-1940.6
BOR00801,Fonte,Fonte grise,200,175.5,1967,853.3,-1958.0,764.7,-1806.5
BOR00802,Plastique,PEHD,125,94.1,2007,764.7,-1806.5,858.2,-1816.6
BOR00803,Plastique,PEHD,40,111.0,1995,764.7,-1806.5,696.0,-1719.4
BOR00804,Plastique,PEHD,400,50.8,2011,696.0,-1719.4,722.0,-1675.7
BOR00805,Plastique,PVC collé,125,81.2,1960,696.0,-1719.4,653.4,-1650.3
BOR00806,Fonte,Fonte ductile,50,231.5,1987,653.4,-1650.3,469.6,-1509.5
BOR00807,Plastique,PVC collé,250,176.6,1964,469.6,-1509.5,619.8,-1416.6
BOR00808,Fonte,Fonte ductile,500,76.2,1970,469.6,-1509.5,444.5,-1437.6
BOR00809,Fonte,Fonte grise,500,124.9,1944,444.5,-1437.6,518.0,-1336.7
BOR00810,Fonte,Fonte grise,200,179.8,1975,444.5,-1437.6,339.4,-1291.6
BOR00811,Plastique,PVC collé,50,147.0,1976,339.4,-1291.6,464.2,-1214.1
BOR00812,Fonte,Fonte ductile,32,159.0,1970,339.4,-1291.6,228.0,-1178.1
BOR00813,Fonte,Fonte ductile,500,82.3,2014,228.0,-1178.1,203.4,-1099.6
BOR00814,Fonte,Fonte grise,100,183.4,1956,203.4,-1099.6,331.1,-967.9
BOR00815,Acier,Acier,200,149.4,1957,203.4,-1099.6,113.7,-980.1
BOR00816,Plastique,PEHD,80,155.9,1995,113.7,-980.1,247.4,-899.9
BOR00817,Plastique,PVC collé,200,148.1,1960,113.7,-980.1,13.6,-870.9
BOR00818,Fonte,Fonte ductile,300,176.0,1981,13.6,-870.9,165.8,-782.7
BOR00819,Fonte,Fonte grise,125,197.4,1930,13.6,-870.9,-75.9,-695.0
BOR00820,Plastique,PVC,150,187.5,1980,-75.9,-695.0,105.7,-648.5
BOR00821,Plastique,PEHD,200,85.8,1995,-75.9,-695.0,-115.4,-618.9
BOR00822,Fonte,Fonte grise,40,98.8,1930,-115.4,-618.9,-30.6,-568.2
BOR00823,Fonte,Fonte ductile,250,114.9,1970,-115.4,-618.9,-194.0,-535.0
BOR00824,Plastique,PVC,125,109.5,1980,-194.0,-535.0,-114.2,-460.1
BOR00825,Plastique,PVC collé,500,157.1,1960,-194.0,-535.0,-255.2,-390.4
BOR00826,Plastique,PVC,150,140.9,1980,-255.2,-390.4,-146.1,-301.3
BOR00827,Fonte,Fonte ductile,125,209.9,1990,-255.2,-390.4,-406.1,-244.4
BOR00828,Plastique,PVC,125,166.8,1980,-406.1,-244.4,-244.8,-201.6
BOR00829,Fonte,Fonte ductile,125,73.1,1989,-406.1,-244.4,-434.0,-176.8
BOR00830,Plastique,PEHD,250,148.5,1995,-434.0,-176.8,-347.4,-56.3
BOR00831,Fonte,Fonte ductile,200,217.9,1970,-434.0,-176.8,-563.0,-1.3
BOR00832,Fonte,Fonte grise,150,179.1,1945,-563.0,-1.3,-384.9,17.9
BOR00833,Fonte,Fonte ductile,80,168.2,1970,-609.3,54.4,-506.1,187.3
BOR00834,Fonte,Fonte grise,80,174.0,1930,-609.3,54.4,-682.5,212.2
BOR00835,Plastique,PVC,400,157.8,2001,-682.5,212.2,-540.4,280.8
BOR00836,Plastique,PEHD,400,107.9,1995,-682.5,212.2,-763.0,284.2
BOR00837,Fonte,Fonte ductile,150,144.4,1982,-763.0,284.2,-637.9,356.2
BOR00838,Plastique,PEHD,200,160.1,1995,-763.0,284.2,-879.7,393.7
BOR00839,Fonte,Fonte ductile,100,216.1,1973,-879.7,393.7,-689.4,496.1
BOR00840,Fonte,Fonte grise,40,121.7,1930,-879.7,393.7,-919.4,508.8
BOR00841,Fonte,Fonte ductile,300,106.0,1977,-919.4,508.8,-843.0,582.3
BOR00842,Plastique,PVC collé,300,136.1,1960,-919.4,508.8,-982.3,629.5
BOR00843,Fonte,Fonte ductile,250,158.7,1973,-982.3,629.5,-908.3,769.8
BOR00844,Plastique,PEHD,100,165.1,1995,-982.3,629.5,-1090.4,754.3
BOR00845,Plastique,PEHD,80,102.4,2003,-1090.4,754.3,-994.9,791.2
BOR00846,Plastique,PVC,200,125.7,1980,-1090.4,754.3,-1128.8,874.0
BOR00847,Fonte,Fonte grise,125,54.3,1930,-1128.8,874.0,-1084.9,906.0
BOR00848,Plastique,PEHD,250,206.4,2001,-1128.8,874.0,-1299.1,990.5
BOR00849,Plastique,PVC collé,400,182.7,1960,-1299.1,990.5,-1122.8,1038.5
BOR00850,Plastique,PVC,600,159.7,1980,-1299.1,990.5,-1383.5,1126.1
BOR00851,Fonte,Fonte ductile,40,136.2,1998,-1377.7,1217.7,-1271.9,1303.5
BOR00852,Fonte,Fonte grise,125,200.5,1960,-1377.7,1217.7,-1515.0,1363.9
BOR00853,Plastique,PVC collé,250,149.4,1960,-1515.0,1363.9,-1371.2,1404.4
BOR00854,Fonte,Fonte ductile,100,88.7,1980,-1515.0,1363.9,-1532.3,1450.9
BOR00855,Ciment,Amiante-ciment,500,196.4,1955,921.1,-1940.6,1054.2,-1796.1
BOR00856,Plastique,PVC collé,100,139.0,1985,921.1,-1940.6,858.2,-1816.6
BOR00857,Plastique,PVC,200,102.6,1980,858.2,-1816.6,955.2,-1783.2
BOR00858,Fonte,Fonte ductile,125,196.0,1988,858.2,-1816.6,722.0,-1675.7
BOR00859,Plastique,PVC collé,63,141.0,1960,722.0,-1675.7,839.6,-1598.1
BOR00860,Fonte,Fonte grise,125,82.9,1968,722.0,-1675.7,677.1,-1606.1
BOR00861,Plastique,PVC collé,150,185.8,1974,677.1,-1606.1,789.0,-1457.7
BOR00862,Plastique,PVC collé,100,198.0,1960,677.1,-1606.1,619.8,-1416.6
BOR00863,Plastique,PEHD,150,116.2,1995,619.8,-1416.6,733.9,-1394.3
BOR00864,Fonte,Fonte ductile,100,129.4,2000,619.8,-1416.6,518.0,-1336.7
BOR00865,Plastique,PVC collé,500,128.1,1960,518.0,-1336.7,638.7,-1293.7
BOR00866,Acier,Acier,250,133.9,1979,518.0,-1336.7,464.2,-1214.1
BOR00867,Acier,Acier,80,130.1,1982,464.2,-1214.1,543.4,-1110.9
BOR00868,Fonte,Fonte ductile,80,107.7,1990,464.2,-1214.1,432.0,-1111.3
BOR00869,Plastique,PEHD,125,115.6,1995,432.0,-1111.3,519.3,-1035.5
BOR00870,Fonte,Fonte grise,63,175.3,1952,432.0,-1111.3,331.1,-967.9
BOR00871,Plastique,PVC,250,63.8,1980,331.1,-967.9,377.4,-924.0
BOR00872,Fonte,Fonte ductile,32,107.9,1998,331.1,-967.9,247.4,-899.9
BOR00873,Fonte,Fonte grise,80,103.4,1944,247.4,-899.9,335.6,-846.0
BOR00874,Plastique,PVC,125,142.8,1989,247.4,-899.9,165.8,-782.7
BOR00875,Acier,Acier,80,140.4,1950,165.8,-782.7,287.6,-712.9
BOR00876,Fonte,Fonte grise,200,147.0,1947,165.8,-782.7,105.7,-648.5
BOR00877,Plastique,PVC collé,200,100.8,1960,105.7,-648.5,176.8,-577.1
BOR00878,Plastique,PVC,200,158.2,1983,105.7,-648.5,-30.6,-568.2
BOR00879,Plastique,PEHD,200,197.7,1995,-30.6,-568.2,94.9,-415.5
BOR00880,Fonte,Fonte grise,125,136.7,1930,-30.6,-568.2,-114.2,-460.1
BOR00881,Acier,Acier,100,144.7,1950,-114.2,-460.1,-45.1,-333.0
BOR00882,Fonte,Fonte ductile,63,161.9,1972,-114.2,-460.1,-146.1,-301.3
BOR00883,Fonte,Fonte ductile,80,140.3,1970,-146.1,-301.3,-244.8,-201.6
BOR00884,Plastique,PVC collé,100,137.7,1960,-244.8,-201.6,-156.9,-95.6
BOR00885,Fonte,Fonte ductile,100,117.9,1970,-347.4,-56.3,-255.3,17.4
BOR00886,Fonte,Fonte ductile,50,83.1,1970,-347.4,-56.3,-384.9,17.9
BOR00887,Plastique,PVC,200,79.6,1980,-384.9,17.9,-331.6,77.1
BOR00888,Fonte,Fonte grise,200,130.0,1932,-506.1,187.3,-387.6,240.7
BOR00889,Plastique,PVC collé,125,99.6,1960,-506.1,187.3,-540.4,280.8
BOR00890,Ciment,Amiante-ciment,80,138.4,1955,-540.4,280.8,-456.8,391.2
BOR00891,Plastique,PEHD,200,123.3,1995,-540.4,280.8,-637.9,356.2
BOR00892,Fonte,Fonte ductile,63,139.5,1970,-637.9,356.2,-530.2,444.8
BOR00893,Fonte,Fonte grise,250,149.1,1930,-637.9,356.2,-689.4,496.1
BOR00894,Fonte,Fonte ductile,400,132.5,1970,-689.4,496.1,-628.6,613.8
BOR00895,Fonte,Fonte grise,40,176.1,1930,-689.4,496.1,-843.0,582.3
BOR00896,Plastique,PVC,150,186.2,1980,-843.0,582.3,-677.4,667.5
BOR00897,Plastique,PEHD,250,198.6,2001,-843.0,582.3,-908.3,769.8
BOR00898,Fonte,Fonte grise,150,93.7,1939,-908.3,769.8,-824.9,812.5
BOR00899,Plastique,PVC,80,89.2,1980,-908.3,769.8,-994.9,791.2
BOR00900,Fonte,Fonte ductile,400,161.8,1988,-994.9,791.2,-894.8,918.3
BOR00901,Acier,Acier,50,194.6,1950,-1084.9,906.0,-949.8,1046.0
BOR00902,Plastique,PVC,50,137.9,1987,-1084.9,906.0,-1122.8,1038.5
BOR00903,Fonte,Fonte ductile,150,122.1,1970,-1122.8,1038.5,-1056.5,1141.0
BOR00904,Plastique,PEHD,80,219.0,1995,-1122.8,1038.5,-1250.2,1216.7
BOR00905,Ciment,Amiante-ciment,125,151.8,1966,-1250.2,1216.7,-1130.2,1309.7
BOR00906,Fonte,Fonte ductile,125,89.5,2000,-1250.2,1216.7,-1271.9,1303.5
BOR00907,Plastique,PVC collé,150,117.5,1965,-1271.9,1303.5,-1188.8,1386.6
BOR00908,Fonte,Fonte grise,150,141.6,1946,-1271.9,1303.5,-1371.2,1404.4
BOR00909,Fonte,Fonte grise,50,132.8,1930,-1371.2,1404.4,-1257.6,1473.1
BOR00910,Fonte,Fonte ductile,40,162.8,1990,-1371.2,1404.4,-1452.2,1545.6
BOR00911,Plastique,PEHD,150,124.6,2003,-1452.2,1545.6,-1346.0,1610.7
BOR00912,Fonte,Fonte ductile,32,61.7,1970,1054.2,-1796.1,1093.4,-1748.4
BOR00913,Plastique,PVC collé,250,99.9,1960,1054.2,-1796.1,955.2,-1783.2
BOR00914,Plastique,PVC,100,198.7,1980,955.2,-1783.2,1095.1,-1642.2
BOR00915,Plastique,PVC collé,150,218.2,1960,955.2,-1783.2,839.6,-1598.1
BOR00916,Plastique,PVC collé,200,158.6,1963,839.6,-1598.1,981.3,-1526.8
BOR00917,Fonte,Fonte grise,80,149.2,1951,839.6,-1598.1,789.0,-1457.7
BOR00918,Plastique,PEHD,200,131.4,1995,789.0,-1457.7,893.7,-1378.3
BOR00919,Plastique,PVC,80,84.0,1980,789.0,-1457.7,733.9,-1394.3
BOR00920,Fonte,Fonte ductile,63,169.9,2015,733.9,-1394.3,870.4,-1293.1
BOR00921,Fonte,Fonte ductile,50,138.5,1970,733.9,-1394.3,638.7,-1293.7
BOR00922,Fonte,Fonte grise,63,198.9,1930,638.7,-1293.7,807.1,-1187.9
BOR00923,Fonte,Fonte grise,100,206.1,1936,638.7,-1293.7,543.4,-1110.9
BOR00924,Plastique,PEHD,100,167.0,1995,543.4,-1110.9,692.6,-1035.9
BOR00925,Plastique,PVC collé,250,79.1,1960,543.4,-1110.9,519.3,-1035.5
BOR00926,Plastique,PEHD,200,137.1,1995,519.3,-1035.5,632.5,-958.1
BOR00927,Fonte,Fonte ductile,40,180.5,1970,519.3,-1035.5,377.4,-924.0
BOR00928,Fonte,Fonte ductile,300,169.5,1976,377.4,-924.0,500.7,-807.7
BOR00929,Acier,Acier,100,88.5,1952,377.4,-924.0,335.6,-846.0
BOR00930,Plastique,PVC collé,63,141.4,1960,335.6,-846.0,287.6,-712.9
BOR00931,Plastique,PVC,125,131.6,1980,287.6,-712.9,313.8,-583.9
BOR00932,Fonte,Fonte ductile,400,181.2,1984,176.8,-577.1,94.9,-415.5
BOR00933,Fonte,Fonte ductile,500,162.5,2001,94.9,-415.5,-45.1,-333.0
BOR00934,Plastique,PVC collé,125,188.9,1960,-106.0,-235.7,69.4,-165.4
BOR00935,Plastique,PEHD,250,149.0,1995,-106.0,-235.7,-156.9,-95.6
BOR00936,Fonte,Fonte grise,200,116.6,1956,-156.9,-95.6,-43.0,-70.6
BOR00937,Acier,Acier,100,150.0,1950,-156.9,-95.6,-255.3,17.4
BOR00938,Plastique,PEHD,80,170.3,1995,-255.3,17.4,-108.8,104.2
BOR00939,Fonte,Fonte ductile,63,96.9,1979,-255.3,17.4,-331.6,77.1
BOR00940,Fonte,Fonte ductile,200,173.6,1970,-331.6,77.1,-218.4,208.7
BOR00941,Plastique,PVC collé,125,172.9,1966,-331.6,77.1,-387.6,240.7
BOR00942,Plastique,PEHD,63,136.3,1995,-387.6,240.7,-265.0,300.4
BOR00943,Fonte,Fonte ductile,200,165.6,1970,-387.6,240.7,-456.8,391.2
BOR00944,Plastique,PVC collé,200,90.9,1960,-456.8,391.2,-530.2,444.8
BOR00945,Fonte,Fonte grise,80,158.5,1931,-530.2,444.8,-461.2,587.5
BOR00946,Fonte,Fonte ductile,150,195.5,1974,-530.2,444.8,-628.6,613.8
BOR00947,Plastique,PVC,200,136.7,1980,-628.6,613.8,-492.7,627.9
BOR00948,Fonte,Fonte ductile,100,72.6,1970,-628.6,613.8,-677.4,667.5
BOR00949,Fonte,Fonte grise,100,145.2,1930,-677.4,667.5,-632.5,805.6
BOR00950,Plastique,PVC,125,206.8,1980,-677.4,667.5,-824.9,812.5
BOR00951,Fonte,Fonte ductile,100,154.3,1970,-824.9,812.5,-685.7,878.8
BOR00952,Fonte,Fonte grise,100,126.8,1934,-824.9,812.5,-894.8,918.3
BOR00953,Plastique,PEHD,100,110.3,1995,-894.8,918.3,-817.6,997.1
BOR00954,Acier,Acier,32,139.0,1950,-894.8,918.3,-949.8,1046.0
BOR00955,Plastique,PVC collé,250,134.1,1960,-949.8,1046.0,-847.3,1132.5
BOR00956,Fonte,Fonte grise,125,142.9,1941,-949.8,1046.0,-1056.5,1141.0
BOR00957,Plastique,PEHD,150,157.8,1999,-1056.5,1141.0,-942.2,1249.9
BOR00958,Plastique,PVC,80,184.1,1985,-1056.5,1141.0,-1130.2,1309.7
BOR00959,Plastique,PEHD,100,124.7,2010,-1130.2,1309.7,-1005.6,1305.0
BOR00960,Fonte,Fonte grise,63,96.6,1930,-1130.2,1309.7,-1188.8,1386.6
BOR00961,Fonte,Fonte ductile,40,71.0,1986,-1188.8,1386.6,-1132.4,1429.7
BOR00962,Fonte,Fonte ductile,150,110.6,1980,-1188.8,1386.6,-1257.6,1473.1
BOR00963,Fonte,Fonte ductile,125,125.9,1978,-1257.6,1473.1,-1210.1,1589.7
BOR00964,Fonte,Fonte grise,150,163.5,1938,-1257.6,1473.1,-1346.0,1610.7
BOR00965,Plastique,PVC collé,125,110.1,1965,-1346.0,1610.7,-1246.4,1657.8
BOR00966,Fonte,Fonte ductile,125,203.3,1997,1093.4,-1748.4,1261.6,-1634.2
BOR00967,Fonte,Fonte ductile,100,106.2,1999,1093.4,-1748.4,1095.1,-1642.2
BOR00968,Fonte,Fonte ductile,40,93.0,2001,1095.1,-1642.2,1129.4,-1555.7
BOR00969,Plastique,PEHD,250,162.0,1995,1095.1,-1642.2,981.3,-1526.8
BOR00970,Fonte,Fonte ductile,63,107.4,2015,981.3,-1526.8,1062.2,-1456.2
BOR00971,Plastique,PEHD,80,172.5,2021,981.3,-1526.8,893.7,-1378.3
BOR00972,Fonte,Fonte grise,125,115.4,1943,893.7,-1378.3,1008.6,-1368.4
BOR00973,Plastique,PVC,200,88.3,1980,893.7,-1378.3,870.4,-1293.1
BOR00974,Fonte,Fonte ductile,32,139.0,1984,870.4,-1293.1,949.2,-1178.7
BOR00975,Plastique,PEHD,300,122.8,1995,870.4,-1293.1,807.1,-1187.9
BOR00976,Plastique,PVC collé,125,94.2,1964,807.1,-1187.9,872.5,-1120.1
BOR00977,Fonte,Fonte grise,500,72.1,1930,692.6,-1035.9,747.6,-989.2
BOR00978,Plastique,PVC,80,87.6,1980,632.5,-958.1,709.1,-915.7
BOR00979,Plastique,PVC,250,112.7,1980,500.7,-807.7,596.7,-748.7
BOR00980,Fonte,Fonte ductile,400,217.8,1970,467.3,-738.4,313.8,-583.9
BOR00981,Plastique,PVC,250,175.5,1980,313.8,-583.9,484.6,-543.7
BOR00982,Fonte,Fonte ductile,100,68.9,1970,274.6,-461.6,336.9,-432.1
BOR00983,Fonte,Fonte ductile,200,118.1,1970,274.6,-461.6,166.7,-413.7
BOR00984,Plastique,PVC,100,211.0,1980,166.7,-413.7,354.7,-317.8
BOR00985,Fonte,Fonte ductile,80,157.4,1974,49.2,-251.9,204.4,-225.2
BOR00986,Plastique,PEHD,150,141.4,1995,69.4,-165.4,165.9,-62.1
BOR00987,Fonte,Fonte ductile,150,147.1,1990,69.4,-165.4,-43.0,-70.6
BOR00988,Acier,Acier,400,143.2,1985,-43.0,-70.6,38.1,47.5
BOR00989,Plastique,PEHD,63,186.7,2002,-43.0,-70.6,-108.8,104.2
BOR00990,Fonte,Fonte grise,300,49.6,1930,-108.8,104.2,-66.4,130.0
BOR00991,Plastique,PVC collé,400,151.4,1960,-108.8,104.2,-218.4,208.7
BOR00992,Fonte,Fonte grise,200,124.1,1954,-218.4,208.7,-134.6,300.2
BOR00993,Fonte,Fonte ductile,125,102.9,1970,-218.4,208.7,-265.0,300.4
BOR00994,Plastique,PVC,400,93.5,1980,-265.0,300.4,-185.3,349.3
BOR00995,Ciment,Amiante-ciment,200,166.7,1955,-265.0,300.4,-401.1,396.6
BOR00996,Fonte,Fonte ductile,200,209.2,1976,-401.1,396.6,-229.1,515.6
BOR00997,Fonte,Fonte grise,300,200.2,1939,-401.1,396.6,-461.2,587.5
BOR00998,Fonte,Fonte grise,80,71.6,1930,-461.2,587.5,-402.0,627.8
BOR00999,Fonte,Fonte ductile,125,51.1,1970,-461.2,587.5,-492.7,627.9
BOR01000,Fonte,Fonte ductile,100,143.5,1970,-492.7,627.9,-432.5,758.1
BOR01001,Fonte,Fonte grise,125,226.2,1949,-492.7,627.9,-632.5,805.6
BOR01002,Fonte,Fonte grise,40,119.3,1930,-632.5,805.6,-513.6,815.8
BOR01003,Fonte,Fonte ductile,40,90.4,1982,-632.5,805.6,-685.7,878.8
BOR01004,Plastique,PVC collé,150,177.2,1969,-685.7,878.8,-817.6,997.1
BOR01005,Fonte,Fonte grise,200,174.2,1951,-817.6,997.1,-667.6,1085.7
BOR01006,Fonte,Fonte ductile,50,138.6,1988,-817.6,997.1,-847.3,1132.5
BOR01007,Ciment,Amiante-ciment,100,112.8,1955,-847.3,1132.5,-746.7,1183.5
BOR01008,Plastique,PEHD,600,151.0,1995,-847.3,1132.5,-942.2,1249.9
BOR01009,Acier,Acier,32,155.9,1975,-942.2,1249.9,-810.8,1333.6
BOR01010,Plastique,PVC,32,157.7,1980,-1005.6,1305.0,-904.6,1426.1
BOR01011,Fonte,Fonte grise,200,177.8,1937,-1005.6,1305.0,-1132.4,1429.7
BOR01012,Fonte,Fonte grise,125,211.8,1930,-1132.4,1429.7,-938.2,1514.4
BOR01013,Fonte,Fonte ductile,150,164.5,1970,-1210.1,1589.7,-1048.3,1619.5
BOR01014,Fonte,Fonte ductile,125,77.1,2015,-1210.1,1589.7,-1246.4,1657.8
BOR01015,Fonte,Fonte grise,125,178.7,1949,-1246.4,1657.8,-1136.6,1798.8
BOR01016,Plastique,PEHD,150,119.8,1995,1261.6,-1634.2,1373.4,-1591.2
BOR01017,Fonte,Fonte ductile,150,153.7,1970,1261.6,-1634.2,1129.4,-1555.7
BOR01018,Fonte,Fonte grise,300,204.5,1957,1129.4,-1555.7,1292.0,-1431.6
BOR01019,Acier,Acier,200,120.1,1950,1129.4,-1555.7,1062.2,-1456.2
BOR01020,Fonte,Fonte ductile,200,159.3,1970,1062.2,-1456.2,1175.0,-1343.7
BOR01021,Plastique,PVC,250,102.9,1980,1062.2,-1456.2,1008.6,-1368.4
BOR01022,Plastique,PVC collé,50,198.7,1960,1008.6,-1368.4,1171.0,-1253.8
BOR01023,Plastique,PVC collé,32,198.8,1973,1008.6,-1368.4,949.2,-1178.7
BOR01024,Fonte,Fonte ductile,100,96.6,1971,949.2,-1178.7,872.5,-1120.1
BOR01025,Fonte,Fonte grise,125,160.8,1937,872.5,-1120.1,1000.9,-1023.4
BOR01026,Plastique,PVC collé,80,180.9,1960,872.5,-1120.1,747.6,-989.2
BOR01027,Plastique,PVC,80,177.3,1980,747.6,-989.2,889.7,-883.3
BOR01028,Fonte,Fonte ductile,150,83.0,1972,747.6,-989.2,709.1,-915.7
BOR01029,Fonte,Fonte ductile,125,116.5,1970,709.1,-915.7,781.2,-824.2
BOR01030,Plastique,PVC,250,201.2,1992,709.1,-915.7,596.7,-748.7
BOR01031,Fonte,Fonte grise,100,104.9,1945,596.7,-748.7,561.7,-649.9
BOR01032,Plastique,PEHD,150,101.2,1995,561.7,-649.9,597.7,-555.3
BOR01033,Fonte,Fonte ductile,80,131.2,1970,561.7,-649.9,484.6,-543.7
BOR01034,Fonte,Fonte grise,200,130.6,1930,484.6,-543.7,593.8,-471.9
BOR01035,Acier,Acier,150,185.2,1950,484.6,-543.7,336.9,-432.1
BOR01036,Acier,Acier,100,125.8,1950,336.9,-432.1,440.7,-361.1
BOR01037,Plastique,PVC collé,63,167.6,1960,204.4,-225.2,165.9,-62.1
BOR01038,Fonte,Fonte grise,250,83.3,1930,165.9,-62.1,221.6,-0.1
BOR01039,Plastique,PEHD,32,168.3,1995,165.9,-62.1,38.1,47.5
BOR01040,Fonte,Fonte ductile,200,105.9,1970,38.1,47.5,142.7,64.2
BOR01041,Acier,Acier,200,133.2,1950,38.1,47.5,-66.4,130.0
BOR01042,Fonte,Fonte grise,200,133.5,1930,-66.4,130.0,28.3,224.1
BOR01043,Fonte,Fonte grise,200,183.3,1930,-66.4,130.0,-134.6,300.2
BOR01044,Plastique,PVC,63,142.4,1980,-134.6,300.2,-20.8,385.8
BOR01045,Fonte,Fonte ductile,300,70.5,1970,-134.6,300.2,-185.3,349.3
BOR01046,Fonte,Fonte grise,125,164.7,1943,-185.3,349.3,-67.9,464.8
BOR01047,Ciment,Amiante-ciment,200,172.0,1955,-185.3,349.3,-229.1,515.6
BOR01048,Plastique,PVC,125,71.2,1980,-229.1,515.6,-176.5,563.5
BOR01049,Plastique,PVC collé,100,166.5,1960,-402.0,627.8,-236.9,648.7
BOR01050,Plastique,PVC collé,150,133.9,1960,-402.0,627.8,-432.5,758.1
BOR01051,Plastique,PVC collé,100,132.3,1960,-432.5,758.1,-330.4,842.3
BOR01052,Fonte,Fonte grise,63,99.5,1934,-432.5,758.1,-513.6,815.8
BOR01053,Fonte,Fonte grise,250,115.2,1953,-513.6,815.8,-413.9,873.5
BOR01054,Fonte,Fonte ductile,80,128.1,1973,-513.6,815.8,-575.4,927.9
BOR01055,Plastique,PVC collé,100,134.1,1960,-575.4,927.9,-493.7,1034.2
BOR01056,Acier,Acier,50,182.7,1958,-575.4,927.9,-667.6,1085.7
BOR01057,Fonte,Fonte ductile,150,150.7,1988,-667.6,1085.7,-556.1,1187.0
BOR01058,Plastique,PVC,250,125.8,1980,-667.6,1085.7,-746.7,1183.5
BOR01059,Fonte,Fonte grise,125,141.2,1930,-746.7,1183.5,-655.3,1291.1
BOR01060,Fonte,Fonte ductile,400,163.2,1995,-746.7,1183.5,-810.8,1333.6
BOR01061,Plastique,PVC,400,143.7,1980,-810.8,1333.6,-674.0,1377.7
BOR01062,Plastique,PEHD,250,131.7,1995,-810.8,1333.6,-904.6,1426.1
BOR01063,Fonte,Fonte ductile,100,94.5,1975,-904.6,1426.1,-938.2,1514.4
BOR01064,Plastique,PEHD,250,156.0,1995,-938.2,1514.4,-864.4,1651.8
BOR01065,Plastique,PVC collé,250,152.2,1970,-938.2,1514.4,-1048.3,1619.5
BOR01066,Plastique,PVC,400,97.3,1980,-1048.3,1619.5,-1004.2,1706.2
BOR01067,Fonte,Fonte ductile,100,199.8,1970,-1048.3,1619.5,-1136.6,1798.8
BOR01068,Fonte,Fonte grise,80,129.9,1945,-1136.6,1798.8,-1023.3,1862.4
BOR01069,Plastique,PVC collé,63,67.6,1965,1373.4,-1591.2,1424.2,-1546.5
BOR01070,Plastique,PVC collé,40,179.2,1965,1373.4,-1591.2,1292.0,-1431.6
BOR01071,Plastique,PVC,150,119.0,1980,1292.0,-1431.6,1410.7,-1423.7
BOR01072,Fonte,Fonte grise,400,90.0,1940,1175.0,-1343.7,1171.0,-1253.8
BOR01073,Fonte,Fonte grise,150,110.8,1944,1171.0,-1253.8,1229.8,-1159.9
BOR01074,Fonte,Fonte grise,80,207.3,1947,1171.0,-1253.8,998.5,-1138.9
BOR01075,Fonte,Fonte ductile,150,140.6,1981,998.5,-1138.9,1123.2,-1074.0
BOR01076,Ciment,Amiante-ciment,200,115.5,1955,998.5,-1138.9,1000.9,-1023.4
BOR01077,Plastique,PVC,150,89.0,1980,1000.9,-1023.4,1045.1,-946.2
BOR01078,Fonte,Fonte ductile,100,123.5,1970,889.7,-883.3,781.2,-824.2
BOR01079,Plastique,PVC collé,200,172.3,1960,781.2,-824.2,901.8,-701.0
BOR01080,Acier,Acier,250,127.9,1950,724.7,-721.9,782.2,-607.7
BOR01081,Fonte,Fonte ductile,80,209.5,1970,724.7,-721.9,597.7,-555.3
BOR01082,Plastique,PVC collé,250,199.7,1960,597.7,-555.3,795.0,-525.0
BOR01083,Plastique,PVC,32,83.5,1980,597.7,-555.3,593.8,-471.9
BOR01084,Plastique,PVC collé,250,141.5,1960,593.8,-471.9,650.3,-342.2
BOR01085,Plastique,PVC collé,63,185.9,1960,440.7,-361.1,579.8,-237.8
BOR01086,Fonte,Fonte grise,32,104.6,1955,440.7,-361.1,389.2,-270.1
BOR01087,Plastique,PVC collé,125,168.6,1960,389.2,-270.1,513.2,-155.7
BOR01088,Plastique,PVC collé,250,173.8,1960,389.2,-270.1,280.2,-134.8
BOR01089,Fonte,Fonte grise,100,163.0,1930,280.2,-134.8,421.7,-53.6
BOR01090,Fonte,Fonte grise,100,146.9,1930,280.2,-134.8,221.6,-0.1
BOR01091,Plastique,PEHD,100,179.0,1995,221.6,-0.1,387.1,68.1
BOR01092,Fonte,Fonte ductile,250,101.8,1975,221.6,-0.1,142.7,64.2
BOR01093,Ciment,Amiante-ciment,200,131.2,1955,142.7,64.2,250.6,138.8
BOR01094,Fonte,Fonte grise,400,196.6,1965,142.7,64.2,28.3,224.1
BOR01095,Fonte,Fonte grise,100,192.1,1930,28.3,224.1,205.1,299.2
BOR01096,Fonte,Fonte grise,200,168.9,1954,28.3,224.1,-20.8,385.8
BOR01097,Plastique,PVC,250,111.5,1980,-20.8,385.8,90.0,398.3
BOR01098,Plastique,PVC,600,92.0,1980,-20.8,385.8,-67.9,464.8
BOR01099,Fonte,Fonte ductile,100,153.8,1970,-67.9,464.8,77.1,515.7
BOR01100,Plastique,PEHD,600,146.7,2001,-67.9,464.8,-176.5,563.5
BOR01101,Fonte,Fonte ductile,100,104.4,1983,-176.5,563.5,-236.9,648.7
BOR01102,Fonte,Fonte ductile,125,151.2,1970,-236.9,648.7,-152.2,773.9
BOR01103,Fonte,Fonte ductile,500,215.0,1970,-236.9,648.7,-330.4,842.3
BOR01104,Fonte,Fonte ductile,80,133.1,1970,-330.4,842.3,-222.3,920.0
BOR01105,Fonte,Fonte ductile,125,89.2,1986,-330.4,842.3,-413.9,873.5
BOR01106,Ciment,Amiante-ciment,100,151.4,1956,-413.9,873.5,-322.3,994.1
BOR01107,Fonte,Fonte ductile,100,179.4,1973,-413.9,873.5,-493.7,1034.2
BOR01108,Fonte,Fonte ductile,200,110.0,1992,-493.7,1034.2,-392.2,1076.6
BOR01109,Fonte,Fonte grise,100,165.0,1945,-493.7,1034.2,-556.1,1187.0
BOR01110,Plastique,PVC collé,50,71.2,1966,-556.1,1187.0,-494.1,1222.1
BOR01111,Plastique,PVC,80,143.8,1980,-556.1,1187.0,-655.3,1291.1
BOR01112,Fonte,Fonte grise,250,161.9,1930,-655.3,1291.1,-494.4,1308.7
BOR01113,Acier,Acier,150,88.6,1950,-655.3,1291.1,-674.0,1377.7
BOR01114,Plastique,PEHD,80,55.1,2002,-674.0,1377.7,-621.6,1394.6
BOR01115,Plastique,PEHD,200,220.8,2011,-674.0,1377.7,-847.1,1514.8
BOR01116,Fonte,Fonte ductile,250,120.6,1974,-847.1,1514.8,-727.5,1530.4
BOR01117,Fonte,Fonte grise,63,138.2,1930,-847.1,1514.8,-864.4,1651.8
BOR01118,Fonte,Fonte ductile,150,107.4,1970,-864.4,1651.8,-757.3,1659.2
BOR01119,Plastique,PVC collé,63,150.0,1960,-864.4,1651.8,-1004.2,1706.2
BOR01120,Plastique,PEHD,600,204.8,2024,-1004.2,1706.2,-850.9,1841.9
BOR01121,Fonte,Fonte grise,250,131.4,1930,-1023.3,1862.4,-936.6,1961.2
BOR01122,Fonte,Fonte grise,250,123.6,1954,1424.2,-1546.5,1410.7,-1423.7
BOR01123,Fonte,Fonte grise,80,123.6,1948,1410.7,-1423.7,1522.2,-1370.1
BOR01124,Plastique,PVC collé,80,208.4,1960,1410.7,-1423.7,1256.2,-1283.9
BOR01125,Fonte,Fonte ductile,400,207.4,1986,1256.2,-1283.9,1426.9,-1166.1
BOR01126,Fonte,Fonte grise,32,126.7,1930,1256.2,-1283.9,1229.8,-1159.9
BOR01127,Acier,Acier,500,136.9,1953,1229.8,-1159.9,1123.2,-1074.0
BOR01128,Plastique,PVC collé,63,147.1,1960,1123.2,-1074.0,1245.3,-991.9
BOR01129,Plastique,PVC,40,149.8,1980,1123.2,-1074.0,1045.1,-946.2
BOR01130,Fonte,Fonte grise,150,156.9,1959,1045.1,-946.2,1194.6,-898.5
BOR01131,Plastique,PEHD,100,102.0,1995,1045.1,-946.2,964.4,-883.7
BOR01132,Fonte,Fonte ductile,100,178.4,1979,964.4,-883.7,1103.9,-772.5
BOR01133,Plastique,PVC collé,40,193.2,1960,964.4,-883.7,901.8,-701.0
BOR01134,Fonte,Fonte grise,100,112.6,1930,901.8,-701.0,1004.9,-655.8
BOR01135,Fonte,Fonte ductile,80,151.7,1970,901.8,-701.0,782.2,-607.7
BOR01136,Fonte,Fonte grise,50,83.7,1931,782.2,-607.7,795.0,-525.0
BOR01137,Plastique,PEHD,150,121.3,1999,795.0,-525.0,890.6,-450.4
BOR01138,Plastique,PVC,250,233.0,1980,795.0,-525.0,650.3,-342.2
BOR01139,Plastique,PVC,125,93.0,1982,650.3,-342.2,739.9,-317.1
BOR01140,Plastique,PVC collé,200,126.1,1961,650.3,-342.2,579.8,-237.8
BOR01141,Fonte,Fonte grise,100,103.2,1930,579.8,-237.8,672.6,-192.8
BOR01142,Acier,Acier,150,105.7,1950,579.8,-237.8,513.2,-155.7
BOR01143,Plastique,PVC,125,152.2,1980,421.7,-53.6,512.4,68.5
BOR01144,Fonte,Fonte grise,80,126.5,1930,421.7,-53.6,387.1,68.1
BOR01145,Fonte,Fonte ductile,250,142.0,1970,387.1,68.1,455.0,192.8
BOR01146,Fonte,Fonte ductile,500,153.7,1981,387.1,68.1,250.6,138.8
BOR01147,Ciment,Amiante-ciment,250,168.9,1955,250.6,138.8,370.9,257.4
BOR01148,Fonte,Fonte grise,50,166.8,1930,250.6,138.8,205.1,299.2
BOR01149,Fonte,Fonte ductile,100,140.9,1975,205.1,299.2,337.5,347.5
BOR01150,Acier,Acier,40,151.9,1950,205.1,299.2,90.0,398.3
BOR01151,Plastique,PVC collé,250,111.2,1960,90.0,398.3,169.0,476.5
BOR01152,Plastique,PVC,80,118.1,1980,90.0,398.3,77.1,515.7
BOR01153,Fonte,Fonte grise,80,185.6,1934,77.1,515.7,-67.7,631.8
BOR01154,Plastique,PVC,63,165.4,1980,-67.7,631.8,-152.2,773.9
BOR01155,Plastique,PVC collé,250,123.4,1960,-152.2,773.9,-49.9,842.8
BOR01156,Plastique,PVC collé,150,162.0,1960,-152.2,773.9,-222.3,920.0
BOR01157,Plastique,PVC,100,102.9,1980,-222.3,920.0,-121.8,897.8
BOR01158,Acier,Acier,100,124.5,1950,-222.3,920.0,-322.3,994.1
BOR01159,Fonte,Fonte ductile,80,169.8,1970,-322.3,994.1,-194.3,1105.7
BOR01160,Plastique,PEHD,100,108.1,1995,-322.3,994.1,-392.2,1076.6
BOR01161,Fonte,Fonte grise,125,182.9,1930,-392.2,1076.6,-228.2,1157.6
BOR01162,Fonte,Fonte ductile,250,177.7,1970,-392.2,1076.6,-494.1,1222.1
BOR01163,Fonte,Fonte ductile,150,129.2,1979,-494.1,1222.1,-392.7,1302.1
BOR01164,Fonte,Fonte grise,250,86.6,1930,-494.1,1222.1,-494.4,1308.7
BOR01165,Fonte,Fonte grise,100,114.9,1934,-494.4,1308.7,-420.0,1396.3
BOR01166,Plastique,PVC,32,153.5,1980,-494.4,1308.7,-621.6,1394.6
BOR01167,Fonte,Fonte grise,125,174.9,1942,-621.6,1394.6,-525.7,1540.9
BOR01168,Acier,Acier,32,172.2,1968,-621.6,1394.6,-727.5,1530.4
BOR01169,Plastique,PEHD,500,222.9,2000,-727.5,1530.4,-574.8,1692.7
BOR01170,Fonte,Fonte ductile,63,205.3,1970,-757.3,1659.2,-850.9,1841.9
BOR01171,Plastique,PEHD,80,59.7,1995,-850.9,1841.9,-794.0,1860.2
BOR01172,Acier,Acier,125,146.9,1990,-850.9,1841.9,-936.6,1961.2
BOR01173,Fonte,Fonte grise,600,107.8,1944,-936.6,1961.2,-849.1,2024.1
BOR01174,Plastique,PVC,300,101.0,1980,1581.7,-1467.8,1678.7,-1439.6
BOR01175,Fonte,Fonte ductile,500,114.4,1970,1581.7,-1467.8,1522.2,-1370.1
BOR01176,Fonte,Fonte grise,50,166.3,1942,1522.2,-1370.1,1619.1,-1235.0
BOR01177,Fonte,Fonte grise,150,225.2,1962,1522.2,-1370.1,1426.9,-1166.1
BOR01178,Fonte,Fonte ductile,200,122.2,1991,1426.9,-1166.1,1339.4,-1080.8
BOR01179,Plastique,PVC collé,250,66.2,1982,1339.4,-1080.8,1403.1,-1062.9
BOR01180,Fonte,Fonte ductile,100,129.4,1985,1339.4,-1080.8,1245.3,-991.9
BOR01181,Fonte,Fonte ductile,400,106.3,1972,1245.3,-991.9,1194.6,-898.5
BOR01182,Plastique,PVC collé,100,148.4,1985,1194.6,-898.5,1298.8,-792.9
BOR01183,Plastique,PVC collé,80,155.1,1960,1194.6,-898.5,1103.9,-772.5
BOR01184,Fonte,Fonte ductile,125,153.1,1970,1103.9,-772.5,1243.5,-709.5
BOR01185,Plastique,PEHD,150,153.1,1995,1103.9,-772.5,1004.9,-655.8
BOR01186,Fonte,Fonte ductile,250,116.4,1977,1004.9,-655.8,1075.6,-563.4
BOR01187,Plastique,PVC,100,138.5,1982,1004.9,-655.8,936.9,-535.2
BOR01188,Plastique,PVC,125,96.6,1980,936.9,-535.2,890.6,-450.4
BOR01189,Acier,Acier,200,140.1,1950,890.6,-450.4,997.9,-360.1
BOR01190,Acier,Acier,125,201.3,1950,890.6,-450.4,739.9,-317.1
BOR01191,Plastique,PEHD,200,186.9,1995,739.9,-317.1,920.1,-267.8
BOR01192,Plastique,PEHD,125,141.3,1995,739.9,-317.1,672.6,-192.8
BOR01193,Fonte,Fonte ductile,400,150.6,1970,672.6,-192.8,812.8,-137.6
BOR01194,Plastique,PVC collé,100,122.2,1960,672.6,-192.8,647.3,-73.2
BOR01195,Fonte,Fonte grise,63,195.6,1930,647.3,-73.2,512.4,68.5
BOR01196,Ciment,Amiante-ciment,40,128.6,1955,512.4,68.5,633.3,112.2
BOR01197,Plastique,PVC collé,125,136.9,1960,512.4,68.5,455.0,192.8
BOR01198,Plastique,PVC collé,150,121.6,1960,455.0,192.8,557.8,257.8
BOR01199,Fonte,Fonte ductile,100,106.1,1970,455.0,192.8,370.9,257.4
BOR01200,Fonte,Fonte grise,100,138.2,1948,370.9,257.4,460.1,362.9
BOR01201,Acier,Acier,125,96.2,1959,370.9,257.4,337.5,347.5
BOR01202,Ciment,Amiante-ciment,63,160.6,1955,337.5,347.5,429.3,479.3
BOR01203,Plastique,PVC,200,212.1,1980,337.5,347.5,169.0,476.5
BOR01204,Fonte,Fonte grise,250,191.4,1930,169.0,476.5,322.2,591.2
BOR01205,Fonte,Fonte grise,125,155.1,1930,169.0,476.5,118.7,623.2
BOR01206,Plastique,PVC,150,173.4,1980,118.7,623.2,268.4,710.8
BOR01207,Plastique,PVC collé,200,142.1,1960,118.7,623.2,8.4,712.7
BOR01208,Plastique,PVC collé,50,142.6,1960,8.4,712.7,-49.9,842.8
BOR01209,Plastique,PVC,63,147.2,1998,-49.9,842.8,91.7,883.3
BOR01210,Fonte,Fonte ductile,150,90.5,1970,-49.9,842.8,-121.8,897.8
BOR01211,Plastique,PVC collé,200,210.5,1960,-121.8,897.8,-4.8,1072.8
BOR01212,Fonte,Fonte ductile,200,220.2,1970,-121.8,897.8,-194.3,1105.7
BOR01213,Fonte,Fonte ductile,80,145.6,1975,-228.2,1157.6,-140.9,1274.1
BOR01214,Plastique,PVC collé,125,218.9,1960,-228.2,1157.6,-392.7,1302.1
BOR01215,Plastique,PVC collé,150,137.9,1960,-392.7,1302.1,-260.5,1341.5
BOR01216,Fonte,Fonte grise,32,98.0,1942,-392.7,1302.1,-420.0,1396.3
BOR01217,Fonte,Fonte grise,40,161.1,1935,-420.0,1396.3,-312.6,1516.3
BOR01218,Plastique,PVC,80,117.9,1980,-525.7,1540.9,-434.7,1615.8
BOR01219,Ciment,Amiante-ciment,250,159.5,1955,-525.7,1540.9,-574.8,1692.7
BOR01220,Fonte,Fonte ductile,50,158.1,1974,-574.8,1692.7,-721.2,1752.3
BOR01221,Plastique,PVC,80,200.4,1980,-721.2,1752.3,-540.2,1838.2
BOR01222,Plastique,PVC collé,150,130.2,1975,-721.2,1752.3,-794.0,1860.2
BOR01223,Plastique,PEHD,80,194.3,1995,-794.0,1860.2,-653.1,1994.1
BOR01224,Fonte,Fonte ductile,300,172.9,2015,-794.0,1860.2,-849.1,2024.1
BOR01225,Fonte,Fonte grise,150,115.5,1930,-849.1,2024.1,-733.9,2032.7
BOR01226,Fonte,Fonte ductile,80,166.7,1984,1678.7,-1439.6,1798.2,-1323.3
BOR01227,Plastique,PVC,125,213.1,1990,1678.7,-1439.6,1619.1,-1235.0
BOR01228,Ciment,Amiante-ciment,100,62.7,1974,1619.1,-1235.0,1663.2,-1190.4
BOR01229,Plastique,PVC collé,80,143.2,1960,1619.1,-1235.0,1491.8,-1169.6
BOR01230,Fonte,Fonte ductile,80,161.6,1970,1491.8,-1169.6,1621.8,-1073.7
BOR01231,Fonte,Fonte ductile,32,138.7,1988,1491.8,-1169.6,1403.1,-1062.9
BOR01232,Plastique,PVC,250,166.5,1980,1403.1,-1062.9,1513.4,-938.1
BOR01233,Plastique,PVC,125,196.0,1980,1403.1,-1062.9,1356.7,-872.5
BOR01234,Fonte,Fonte grise,40,120.0,1930,1356.7,-872.5,1475.4,-890.6
BOR01235,Plastique,PVC,80,98.5,1980,1356.7,-872.5,1298.8,-792.9
BOR01236,Plastique,PVC,125,106.1,1980,1298.8,-792.9,1403.8,-777.7
BOR01237,Fonte,Fonte grise,400,100.0,1930,1298.8,-792.9,1243.5,-709.5
BOR01238,Plastique,PEHD,400,117.6,1995,1243.5,-709.5,1343.5,-647.6
BOR01239,Fonte,Fonte grise,40,222.6,1938,1243.5,-709.5,1075.6,-563.4
BOR01240,Fonte,Fonte ductile,100,125.3,1977,1075.6,-563.4,1193.1,-519.9
BOR01241,Plastique,PEHD,200,82.8,2006,1075.6,-563.4,1081.2,-480.8
BOR01242,Plastique,PEHD,125,89.5,1995,1081.2,-480.8,1136.9,-410.7
BOR01243,Plastique,PVC,150,146.7,1986,1081.2,-480.8,997.9,-360.1
BOR01244,Plastique,PVC,100,75.5,1980,997.9,-360.1,1067.0,-329.7
BOR01245,Plastique,PEHD,150,120.7,1995,997.9,-360.1,920.1,-267.8
BOR01246,Plastique,PVC collé,600,136.1,1960,920.1,-267.8,957.3,-137.0
BOR01247,Plastique,PVC,200,166.4,1980,812.8,-137.6,962.4,-64.7
BOR01248,Plastique,PVC collé,250,143.8,1963,812.8,-137.6,711.6,-35.5
BOR01249,Fonte,Fonte grise,150,167.1,1930,711.6,-35.5,633.3,112.2
BOR01250,Plastique,PEHD,250,103.3,1995,633.3,112.2,705.4,186.2
BOR01251,Fonte,Fonte grise,125,164.0,1930,633.3,112.2,557.8,257.8
BOR01252,Fonte,Fonte ductile,40,101.1,1987,557.8,257.8,651.6,295.8
BOR01253,Plastique,PEHD,100,143.5,1995,557.8,257.8,460.1,362.9
BOR01254,Plastique,PVC,200,140.1,1980,460.1,362.9,599.9,372.0
BOR01255,Plastique,PVC collé,250,120.4,1960,460.1,362.9,429.3,479.3
BOR01256,Plastique,PEHD,100,154.9,1995,429.3,479.3,322.2,591.2
BOR01257,Plastique,PVC collé,250,146.3,1960,322.2,591.2,466.6,614.8
BOR01258,Plastique,PEHD,250,131.1,1995,322.2,591.2,268.4,710.8
BOR01259,Fonte,Fonte grise,80,78.7,1931,268.4,710.8,346.4,700.2
BOR01260,Plastique,PVC,250,123.8,1980,268.4,710.8,193.2,809.0
BOR01261,Ciment,Amiante-ciment,200,59.5,1964,193.2,809.0,240.2,845.5
BOR01262,Plastique,PVC collé,50,125.8,1960,193.2,809.0,91.7,883.3
BOR01263,Ciment,Amiante-ciment,200,169.7,1969,91.7,883.3,230.3,981.4
BOR01264,Fonte,Fonte ductile,125,92.4,1970,-4.8,1072.8,87.6,1072.3
BOR01265,Plastique,PVC collé,40,111.3,1965,-4.8,1072.8,-67.4,1164.8
BOR01266,Fonte,Fonte ductile,32,131.7,1972,-67.4,1164.8,-140.9,1274.1
BOR01267,Fonte,Fonte ductile,125,78.2,1984,-140.9,1274.1,-63.2,1265.1
BOR01268,Plastique,PEHD,200,120.2,1995,-260.5,1341.5,-155.7,1400.4
BOR01269,Plastique,PEHD,63,182.4,1995,-260.5,1341.5,-312.6,1516.3
BOR01270,Fonte,Fonte ductile,400,86.1,1970,-312.6,1516.3,-226.8,1523.9
BOR01271,Acier,Acier,200,157.5,1977,-312.6,1516.3,-434.7,1615.8
BOR01272,Plastique,PVC collé,200,170.3,1967,-434.7,1615.8,-270.2,1659.8
BOR01273,Fonte,Fonte ductile,80,78.3,1970,-434.7,1615.8,-482.3,1678.0
BOR01274,Plastique,PVC,150,200.0,1980,-482.3,1678.0,-375.1,1846.8
BOR01275,Fonte,Fonte ductile,125,170.3,2000,-482.3,1678.0,-540.2,1838.2
BOR01276,Plastique,PEHD,250,89.6,1995,-653.1,1994.1,-733.9,2032.7
BOR01277,Plastique,PEHD,80,113.4,1995,-733.9,2032.7,-650.1,2109.1
BOR01278,Fonte,Fonte ductile,200,127.5,1970,1798.2,-1323.3,1897.9,-1243.9
BOR01279,Plastique,PVC,250,189.4,1982,1798.2,-1323.3,1663.2,-1190.4
BOR01280,Plastique,PVC collé,250,162.4,1969,1663.2,-1190.4,1820.9,-1151.3
BOR01281,Plastique,PEHD,63,123.9,1995,1663.2,-1190.4,1621.8,-1073.7
BOR01282,Fonte,Fonte ductile,50,173.5,1987,1621.8,-1073.7,1513.4,-938.1
BOR01283,Fonte,Fonte ductile,80,126.3,1985,1513.4,-938.1,1639.0,-924.6
BOR01284,Plastique,PEHD,150,60.9,1995,1513.4,-938.1,1475.4,-890.6
BOR01285,Fonte,Fonte grise,300,114.5,1962,1475.4,-890.6,1549.2,-803.1
BOR01286,Plastique,PEHD,150,133.6,1995,1475.4,-890.6,1403.8,-777.7
BOR01287,Fonte,Fonte grise,300,161.8,1945,1403.8,-777.7,1468.7,-629.5
BOR01288,Fonte,Fonte grise,250,143.5,1937,1403.8,-777.7,1343.5,-647.6
BOR01289,Plastique,PEHD,150,133.9,2002,1343.5,-647.6,1380.8,-519.0
BOR01290,Plastique,PVC,125,197.3,1980,1343.5,-647.6,1193.1,-519.9
BOR01291,Plastique,PVC collé,125,124.1,1960,1193.1,-519.9,1307.4,-471.5
BOR01292,Plastique,PVC,200,122.8,1981,1193.1,-519.9,1136.9,-410.7
BOR01293,Fonte,Fonte grise,100,135.6,1932,1136.9,-410.7,1243.9,-327.3
BOR01294,Acier,Acier,125,107.0,1950,1136.9,-410.7,1067.0,-329.7
BOR01295,Plastique,PVC collé,250,187.9,1965,1067.0,-329.7,1152.7,-162.5
BOR01296,Plastique,PVC,400,221.7,1980,1067.0,-329.7,957.3,-137.0
BOR01297,Plastique,PVC collé,80,146.2,1960,957.3,-137.0,1097.7,-96.1
BOR01298,Fonte,Fonte ductile,100,127.9,1999,962.4,-64.7,1004.1,56.2
BOR01299,Fonte,Fonte ductile,80,185.9,1970,962.4,-64.7,835.9,71.5
BOR01300,Ciment,Amiante-ciment,150,120.5,1955,835.9,71.5,924.8,153.0
BOR01301,Plastique,PVC,80,173.7,1980,835.9,71.5,705.4,186.2
BOR01302,Plastique,PVC,80,122.1,1980,705.4,186.2,651.6,295.8
BOR01303,Fonte,Fonte ductile,150,146.6,1978,651.6,295.8,784.8,356.8
BOR01304,Plastique,PVC,80,92.1,1980,651.6,295.8,599.9,372.0
BOR01305,Fonte,Fonte ductile,200,168.0,1979,599.9,372.0,719.6,489.9
BOR01306,Plastique,PVC collé,200,183.5,1972,599.9,372.0,502.3,527.4
BOR01307,Plastique,PEHD,32,153.9,1995,502.3,527.4,637.9,600.2
BOR01308,Plastique,PVC,200,94.4,1980,502.3,527.4,466.6,614.8
BOR01309,Plastique,PVC collé,100,131.3,1964,466.6,614.8,525.4,732.2
BOR01310,Fonte,Fonte ductile,400,164.1,1970,346.4,700.2,442.7,833.1
BOR01311,Fonte,Fonte ductile,300,180.0,1993,346.4,700.2,240.2,845.5
BOR01312,Plastique,PVC,80,178.4,1980,240.2,845.5,397.5,929.7
BOR01313,Fonte,Fonte ductile,200,136.2,1970,240.2,845.5,230.3,981.4
BOR01314,Acier,Acier,300,169.2,1960,230.3,981.4,87.6,1072.3
BOR01315,Plastique,PVC collé,400,123.1,1976,87.6,1072.3,188.2,1143.2
BOR01316,Plastique,PVC collé,200,200.0,1960,87.6,1072.3,33.8,1265.0
BOR01317,Fonte,Fonte ductile,250,115.5,1970,33.8,1265.0,122.1,1339.5
BOR01318,Plastique,PVC,80,97.0,1980,33.8,1265.0,-63.2,1265.1
BOR01319,Fonte,Fonte ductile,250,189.4,1970,-63.2,1265.1,74.0,1395.7
BOR01320,Acier,Acier,150,163.9,1969,-63.2,1265.1,-155.7,1400.4
BOR01321,Acier,Acier,250,134.8,1971,-155.7,1400.4,-60.3,1495.7
BOR01322,Fonte,Fonte ductile,32,142.5,1979,-155.7,1400.4,-226.8,1523.9
BOR01323,Fonte,Fonte grise,32,144.6,1944,-226.8,1523.9,-131.7,1632.7
BOR01324,Plastique,PEHD,125,142.7,1995,-226.8,1523.9,-270.2,1659.8
BOR01325,Fonte,Fonte grise,125,78.8,1930,-270.2,1659.8,-207.7,1707.9
BOR01326,Fonte,Fonte ductile,125,77.5,2006,-375.1,1846.8,-298.3,1836.3
BOR01327,Plastique,PVC collé,250,54.5,1971,-419.2,1923.8,-390.0,1969.8
BOR01328,Plastique,PVC collé,250,192.4,1960,-419.2,1923.8,-537.3,2075.6
BOR01329,Plastique,PEHD,250,147.7,1995,-537.3,2075.6,-389.6,2076.6
BOR01330,Plastique,PVC,40,117.6,1997,-537.3,2075.6,-650.1,2109.1
BOR01331,Fonte,Fonte ductile,200,187.2,1978,-650.1,2109.1,-479.8,2187.0
BOR01332,Plastique,PEHD,63,162.1,1995,1897.9,-1243.9,2038.8,-1163.7
BOR01333,Plastique,PVC,100,103.2,1993,1820.9,-1151.3,1912.7,-1104.4
BOR01334,Fonte,Fonte ductile,250,157.1,2007,1820.9,-1151.3,1729.7,-1023.4
BOR01335,Plastique,PVC collé,125,134.1,1960,1729.7,-1023.4,1639.0,-924.6
BOR01336,Fonte,Fonte ductile,125,186.0,1980,1639.0,-924.6,1796.5,-825.7
BOR01337,Fonte,Fonte ductile,80,126.6,1991,1549.2,-803.1,1656.3,-735.6
BOR01338,Ciment,Amiante-ciment,100,191.4,1957,1549.2,-803.1,1468.7,-629.5
BOR01339,Acier,Acier,300,147.9,1950,1468.7,-629.5,1594.4,-551.4
BOR01340,Fonte,Fonte grise,150,141.2,1930,1468.7,-629.5,1380.8,-519.0
BOR01341,Acier,Acier,80,116.2,1971,1380.8,-519.0,1486.6,-470.9
BOR01342,Fonte,Fonte grise,125,87.4,1974,1380.8,-519.0,1307.4,-471.5
BOR01343,Fonte,Fonte ductile,250,161.7,1990,1307.4,-471.5,1428.8,-364.7
BOR01344,Fonte,Fonte ductile,100,157.6,1990,1307.4,-471.5,1243.9,-327.3
BOR01345,Plastique,PEHD,150,187.4,2002,1243.9,-327.3,1415.9,-253.1
BOR01346,Fonte,Fonte grise,63,188.4,1930,1243.9,-327.3,1152.7,-162.5
BOR01347,Plastique,PEHD,80,133.7,1995,1152.7,-162.5,1286.3,-157.7
BOR01348,Fonte,Fonte grise,600,86.2,1930,1152.7,-162.5,1097.7,-96.1
BOR01349,Plastique,PVC collé,250,123.9,1960,1097.7,-96.1,1195.2,-19.6
BOR01350,Plastique,PVC collé,125,178.8,1971,1097.7,-96.1,1004.1,56.2
BOR01351,Plastique,PEHD,100,99.1,1995,1004.1,56.2,1102.8,47.5
BOR01352,Acier,Acier,150,125.1,1950,1004.1,56.2,924.8,153.0
BOR01353,Fonte,Fonte grise,150,179.8,1934,924.8,153.0,1096.8,205.5
BOR01354,Fonte,Fonte grise,125,153.0,1940,924.8,153.0,874.6,297.5
BOR01355,Fonte,Fonte ductile,100,131.1,1973,874.6,297.5,999.2,338.3
BOR01356,Fonte,Fonte ductile,100,107.6,2014,874.6,297.5,784.8,356.8
BOR01357,Fonte,Fonte ductile,150,89.4,1970,784.8,356.8,871.2,379.6
BOR01358,Fonte,Fonte ductile,400,148.2,1970,784.8,356.8,719.6,489.9
BOR01359,Plastique,PVC,400,129.6,1980,719.6,489.9,803.8,588.4
BOR01360,Plastique,PVC,80,137.4,1980,719.6,489.9,637.9,600.2
BOR01361,Plastique,PVC collé,500,154.2,1960,637.9,600.2,742.2,713.7
BOR01362,Acier,Acier,150,173.4,1950,637.9,600.2,525.4,732.2
BOR01363,Acier,Acier,100,165.7,1950,525.4,732.2,674.1,805.1
BOR01364,Acier,Acier,200,130.4,1967,525.4,732.2,442.7,833.1
BOR01365,Fonte,Fonte ductile,200,91.5,1990,442.7,833.1,512.0,892.9
BOR01366,Fonte,Fonte ductile,200,106.7,1985,442.7,833.1,397.5,929.7
BOR01367,Fonte,Fonte ductile,40,132.6,1970,397.5,929.7,486.5,1028.0
BOR01368,Plastique,PEHD,32,184.5,1995,397.5,929.7,251.3,1042.4
BOR01369,Plastique,PVC collé,50,118.9,1960,251.3,1042.4,188.2,1143.2
BOR01370,Plastique,PVC,250,139.9,1980,188.2,1143.2,313.3,1205.8
BOR01371,Fonte,Fonte grise,600,207.1,1962,188.2,1143.2,122.1,1339.5
BOR01372,Fonte,Fonte ductile,200,160.1,1987,122.1,1339.5,278.2,1374.9
BOR01373,Fonte,Fonte ductile,80,74.0,2003,122.1,1339.5,74.0,1395.7
BOR01374,Fonte,Fonte grise,250,92.2,1930,74.0,1395.7,104.6,1482.7
BOR01375,Plastique,PVC collé,80,167.4,1960,74.0,1395.7,-60.3,1495.7
BOR01376,Plastique,PEHD,80,147.0,1995,-60.3,1495.7,67.8,1567.9
BOR01377,Plastique,PVC collé,80,158.4,1960,-131.7,1632.7,-18.8,1743.8
BOR01378,Fonte,Fonte grise,125,173.1,1948,-207.7,1707.9,-72.3,1815.6
BOR01379,Acier,Acier,125,157.2,1986,-207.7,1707.9,-298.3,1836.3
BOR01380,Fonte,Fonte ductile,300,208.2,1970,-298.3,1836.3,-118.7,1941.6
BOR01381,Plastique,PVC,125,161.9,1980,-298.3,1836.3,-390.0,1969.8
BOR01382,Fonte,Fonte grise,40,106.8,1935,-390.0,1969.8,-389.6,2076.6
BOR01383,Ciment,Amiante-ciment,250,142.6,1971,-389.6,2076.6,-479.8,2187.0
BOR01384,Fonte,Fonte ductile,150,106.6,1994,-479.8,2187.0,-436.8,2284.6
BOR01385,Plastique,PVC collé,63,150.8,1960,2038.8,-1163.7,2125.1,-1040.0
BOR01386,Fonte,Fonte grise,50,139.3,1955,2038.8,-1163.7,1912.7,-1104.4
BOR01387,Ciment,Amiante-ciment,80,208.2,1955,1912.7,-1104.4,2050.4,-948.2
BOR01388,Fonte,Fonte ductile,100,169.2,1989,1849.9,-924.0,2007.8,-863.2
BOR01389,Plastique,PEHD,125,111.9,1995,1849.9,-924.0,1796.5,-825.7
BOR01390,Fonte,Fonte grise,125,131.0,1940,1796.5,-825.7,1882.7,-727.1
BOR01391,Fonte,Fonte ductile,125,166.6,1998,1796.5,-825.7,1656.3,-735.6
BOR01392,Plastique,PVC,200,189.3,1980,1656.3,-735.6,1774.0,-587.3
BOR01393,Fonte,Fonte ductile,200,194.4,1973,1656.3,-735.6,1594.4,-551.4
BOR01394,Fonte,Fonte ductile,150,95.7,1970,1594.4,-551.4,1690.0,-551.0
BOR01395,Fonte,Fonte grise,250,134.5,1930,1594.4,-551.4,1486.6,-470.9
BOR01396,Plastique,PVC collé,200,160.6,1960,1486.6,-470.9,1609.2,-367.2
BOR01397,Fonte,Fonte ductile,150,120.9,1975,1486.6,-470.9,1428.8,-364.7
BOR01398,Plastique,PEHD,100,112.4,1995,1428.8,-364.7,1415.9,-253.1
BOR01399,Fonte,Fonte ductile,250,108.8,1999,1415.9,-253.1,1494.0,-177.3
BOR01400,Fonte,Fonte grise,150,198.1,1932,1286.3,-157.7,1394.7,8.2
BOR01401,Acier,Acier,400,165.4,1950,1286.3,-157.7,1195.2,-19.6
BOR01402,Plastique,PEHD,100,131.2,1995,1195.2,-19.6,1315.8,31.9
BOR01403,Fonte,Fonte grise,32,114.1,1930,1195.2,-19.6,1102.8,47.5
BOR01404,Plastique,PVC,100,154.7,1980,1102.8,47.5,1182.6,180.0
BOR01405,Fonte,Fonte grise,80,158.1,1954,1102.8,47.5,1096.8,205.5
BOR01406,Plastique,PVC collé,125,121.0,1960,1096.8,205.5,1136.7,319.7
BOR01407,Plastique,PVC collé,50,164.8,1960,1096.8,205.5,999.2,338.3
BOR01408,Fonte,Fonte ductile,100,113.2,2010,999.2,338.3,1086.9,409.9
BOR01409,Plastique,PEHD,400,134.5,1995,999.2,338.3,871.2,379.6
BOR01410,Plastique,PEHD,80,165.4,1995,871.2,379.6,940.9,529.5
BOR01411,Plastique,PVC collé,125,219.4,1975,871.2,379.6,803.8,588.4
BOR01412,Fonte,Fonte grise,150,161.7,1941,803.8,588.4,958.4,635.7
BOR01413,Acier,Acier,80,139.6,1950,803.8,588.4,742.2,713.7
BOR01414,Fonte,Fonte grise,200,82.5,1935,742.2,713.7,796.0,776.2
BOR01415,Plastique,PEHD,200,114.0,1995,742.2,713.7,674.1,805.1
BOR01416,Fonte,Fonte ductile,50,112.2,1970,674.1,805.1,770.1,863.2
BOR01417,Acier,Acier,100,184.4,1950,674.1,805.1,512.0,892.9
BOR01418,Fonte,Fonte ductile,80,199.7,1974,512.0,892.9,688.1,987.1
BOR01419,Plastique,PEHD,125,137.6,1995,512.0,892.9,486.5,1028.0
BOR01420,Plastique,PVC collé,200,113.1,1960,486.5,1028.0,576.0,1097.2
BOR01421,Plastique,PVC collé,250,180.0,1968,425.8,1109.9,515.9,1265.8
BOR01422,Plastique,PVC collé,200,147.8,1960,425.8,1109.9,313.3,1205.8
BOR01423,Fonte,Fonte grise,150,159.7,1930,313.3,1205.8,440.8,1301.9
BOR01424,Plastique,PVC,100,172.7,1980,313.3,1205.8,278.2,1374.9
BOR01425,Fonte,Fonte ductile,125,137.3,1970,278.2,1374.9,348.1,1493.0
BOR01426,Fonte,Fonte ductile,32,172.6,1970,104.6,1482.7,274.7,1511.7
BOR01427,Plastique,PVC,100,92.8,1980,104.6,1482.7,67.8,1567.9
BOR01428,Plastique,PVC,63,128.0,1985,67.8,1567.9,187.8,1612.4
BOR01429,Plastique,PVC collé,100,196.1,1967,67.8,1567.9,-18.8,1743.8
BOR01430,Fonte,Fonte ductile,80,154.7,1970,-18.8,1743.8,117.3,1817.5
BOR01431,Fonte,Fonte ductile,125,89.5,1970,-18.8,1743.8,-72.3,1815.6
BOR01432,Plastique,PEHD,250,116.4,2023,-72.3,1815.6,36.7,1856.4
BOR01433,Ciment,Amiante-ciment,125,134.3,1958,-72.3,1815.6,-118.7,1941.6
BOR01434,Plastique,PVC,63,124.6,1997,-118.7,1941.6,-74.2,2058.0
BOR01435,Plastique,PVC,250,148.7,1980,-118.7,1941.6,-254.5,2002.2
BOR01436,Plastique,PEHD,150,204.2,2002,-254.5,2002.2,-148.3,2176.6
BOR01437,Fonte,Fonte grise,125,211.7,1971,-254.5,2002.2,-330.2,2199.9
BOR01438,Plastique,PEHD,150,136.6,1999,-330.2,2199.9,-201.6,2246.0
BOR01439,Acier,Acier,400,174.1,1951,-436.8,2284.6,-289.6,2377.6
BOR01440,Plastique,PVC,150,77.2,1980,2125.1,-1040.0,2202.0,-1046.4
BOR01441,Fonte,Fonte ductile,250,118.3,2005,2125.1,-1040.0,2050.4,-948.2
BOR01442,Plastique,PVC,50,59.4,2006,2050.4,-948.2,2105.2,-925.4
BOR01443,Fonte,Fonte grise,100,95.1,1968,2050.4,-948.2,2007.8,-863.2
BOR01444,Acier,Acier,150,87.3,1971,2007.8,-863.2,2002.2,-776.0
BOR01445,Ciment,Amiante-ciment,80,184.8,1955,2007.8,-863.2,1882.7,-727.1
BOR01446,Fonte,Fonte ductile,150,111.5,1991,1882.7,-727.1,1986.6,-686.4
BOR01447,Plastique,PVC,125,177.1,1987,1882.7,-727.1,1774.0,-587.3
BOR01448,Plastique,PEHD,100,130.9,1995,1774.0,-587.3,1893.7,-534.4
BOR01449,Plastique,PVC collé,80,91.4,1960,1774.0,-587.3,1690.0,-551.0
BOR01450,Fonte,Fonte ductile,80,203.7,1970,1690.0,-551.0,1864.7,-446.1
BOR01451,Fonte,Fonte grise,100,200.8,1957,1690.0,-551.0,1609.2,-367.2
BOR01452,Fonte,Fonte ductile,150,151.6,1990,1609.2,-367.2,1756.6,-331.8
BOR01453,Fonte,Fonte ductile,200,99.0,1975,1609.2,-367.2,1536.6,-299.8
BOR01454,Acier,Acier,50,137.5,1976,1536.6,-299.8,1610.4,-183.7
BOR01455,Plastique,PVC,150,210.4,1980,1494.0,-177.3,1394.7,8.2
BOR01456,Fonte,Fonte ductile,250,131.3,2015,1394.7,8.2,1525.6,17.2
BOR01457,Fonte,Fonte ductile,250,82.4,1975,1394.7,8.2,1315.8,31.9
BOR01458,Fonte,Fonte ductile,150,154.7,1993,1315.8,31.9,1391.3,167.0
BOR01459,Fonte,Fonte grise,150,199.2,1930,1315.8,31.9,1182.6,180.0
BOR01460,Plastique,PVC collé,200,214.9,1960,1182.6,180.0,1384.9,252.3
BOR01461,Fonte,Fonte grise,80,147.0,1930,1182.6,180.0,1136.7,319.7
BOR01462,Fonte,Fonte ductile,150,91.8,1984,1136.7,319.7,1217.2,364.1
BOR01463,Plastique,PEHD,80,103.0,1999,1136.7,319.7,1086.9,409.9
BOR01464,Plastique,PEHD,125,153.6,1995,1086.9,409.9,1224.4,478.5
BOR01465,Fonte,Fonte ductile,200,188.8,1982,1086.9,409.9,940.9,529.5
BOR01466,Plastique,PVC collé,63,145.5,1960,940.9,529.5,1078.6,576.7
BOR01467,Fonte,Fonte grise,40,107.6,1930,940.9,529.5,958.4,635.7
BOR01468,Fonte,Fonte ductile,250,94.2,1970,958.4,635.7,1042.3,678.5
BOR01469,Fonte,Fonte ductile,125,214.7,1974,958.4,635.7,796.0,776.2
BOR01470,Fonte,Fonte grise,150,132.7,1941,796.0,776.2,922.2,817.4
BOR01471,Fonte,Fonte ductile,200,90.8,1970,796.0,776.2,770.1,863.2
BOR01472,Fonte,Fonte ductile,250,126.5,1988,770.1,863.2,825.5,976.9
BOR01473,Fonte,Fonte grise,80,148.5,1930,770.1,863.2,688.1,987.1
BOR01474,Plastique,PVC,150,120.1,1980,688.1,987.1,803.0,1021.9
BOR01475,Plastique,PVC,250,157.2,1980,688.1,987.1,576.0,1097.2
BOR01476,Fonte,Fonte ductile,150,154.0,1997,576.0,1097.2,695.3,1194.6
BOR01477,Fonte,Fonte grise,32,179.0,1956,576.0,1097.2,515.9,1265.8
BOR01478,Acier,Acier,50,83.3,1950,515.9,1265.8,440.8,1301.9
BOR01479,Fonte,Fonte grise,40,148.9,1930,440.8,1301.9,551.1,1401.9
BOR01480,Fonte,Fonte grise,100,212.4,1935,440.8,1301.9,348.1,1493.0
BOR01481,Plastique,PEHD,250,65.9,1997,348.1,1493.0,413.8,1498.7
BOR01482,Fonte,Fonte grise,50,75.8,1957,348.1,1493.0,274.7,1511.7
BOR01483,Acier,Acier,50,189.6,1952,274.7,1511.7,375.8,1672.0
BOR01484,Acier,Acier,100,133.0,1954,274.7,1511.7,187.8,1612.4
BOR01485,Fonte,Fonte grise,200,128.8,1968,187.8,1612.4,261.5,1718.0
BOR01486,Acier,Acier,100,136.8,1950,117.3,1817.5,235.0,1887.1
BOR01487,Fonte,Fonte ductile,40,230.1,1993,36.7,1856.4,-74.2,2058.0
BOR01488,Fonte,Fonte grise,150,147.5,1949,-74.2,2058.0,49.5,2138.3
BOR01489,Ciment,Amiante-ciment,150,139.8,1955,-74.2,2058.0,-148.3,2176.6
BOR01490,Plastique,PVC collé,125,71.6,1979,-148.3,2176.6,-77.3,2185.5
BOR01491,Plastique,PVC,125,87.5,1980,-148.3,2176.6,-201.6,2246.0
BOR01492,Fonte,Fonte grise,80,85.5,1954,-201.6,2246.0,-166.4,2323.8
BOR01493,Fonte,Fonte grise,250,158.3,1940,-201.6,2246.0,-289.6,2377.6
BOR01494,Acier,Acier,80,148.9,1975,-289.6,2377.6,-173.2,2470.4
BOR01495,Fonte,Fonte ductile,500,187.2,2001,2202.0,-1046.4,2318.8,-900.0
BOR01496,Plastique,PVC collé,50,155.0,1976,2202.0,-1046.4,2105.2,-925.4
BOR01497,Plastique,PVC,50,194.1,1980,2105.2,-925.4,2228.3,-775.3
BOR01498,Acier,Acier,200,181.5,1950,2105.2,-925.4,2002.2,-776.0
BOR01499,Fonte,Fonte ductile,200,140.1,1970,2002.2,-776.0,2132.6,-724.8
BOR01500,Fonte,Fonte ductile,150,91.0,1972,2002.2,-776.0,1986.6,-686.4
BOR01501,Plastique,PEHD,50,173.3,1995,1986.6,-686.4,2099.3,-554.8
BOR01502,Fonte,Fonte ductile,125,178.1,1970,1986.6,-686.4,1893.7,-534.4
BOR01503,Plastique,PEHD,250,151.6,1995,1893.7,-534.4,1996.8,-423.2
BOR01504,Plastique,PEHD,80,92.9,1995,1893.7,-534.4,1864.7,-446.1
BOR01505,Fonte,Fonte grise,63,63.9,1963,1864.7,-446.1,1900.9,-393.4
BOR01506,Fonte,Fonte grise,150,157.3,1951,1864.7,-446.1,1756.6,-331.8
BOR01507,Ciment,Amiante-ciment,500,153.6,1955,1756.6,-331.8,1831.3,-197.6
BOR01508,Plastique,PEHD,80,208.1,1998,1756.6,-331.8,1610.4,-183.7
BOR01509,Plastique,PVC collé,200,160.5,1960,1610.4,-183.7,1770.4,-171.2
BOR01510,Plastique,PVC collé,125,106.9,1960,1610.4,-183.7,1576.4,-82.4
BOR01511,Plastique,PVC,125,106.2,1980,1576.4,-82.4,1679.7,-57.8
BOR01512,Plastique,PEHD,80,111.8,2010,1576.4,-82.4,1525.6,17.2
BOR01513,Plastique,PEHD,50,139.8,1995,1525.6,17.2,1626.9,113.5
BOR01514,Plastique,PVC collé,300,201.2,1970,1525.6,17.2,1391.3,167.0
BOR01515,Fonte,Fonte ductile,200,131.2,1977,1391.3,167.0,1509.3,224.3
BOR01516,Plastique,PVC,40,85.5,1980,1391.3,167.0,1384.9,252.3
BOR01517,Plastique,PEHD,500,107.6,1995,1384.9,252.3,1415.5,355.4
BOR01518,Acier,Acier,150,201.6,1950,1384.9,252.3,1217.2,364.1
BOR01519,Plastique,PVC,600,189.3,1980,1217.2,364.1,1383.0,455.3
BOR01520,Fonte,Fonte grise,80,114.6,1934,1217.2,364.1,1224.4,478.5
BOR01521,Plastique,PEHD,500,175.8,1995,1224.4,478.5,1078.6,576.7
BOR01522,Fonte,Fonte ductile,200,128.1,1978,1078.6,576.7,1173.8,662.4
BOR01523,Plastique,PVC collé,80,108.1,1971,1078.6,576.7,1042.3,678.5
BOR01524,Fonte,Fonte ductile,500,102.9,1975,1042.3,678.5,1112.2,754.0
BOR01525,Fonte,Fonte grise,200,183.6,1938,1042.3,678.5,922.2,817.4
BOR01526,Fonte,Fonte ductile,250,132.7,2001,922.2,817.4,1045.8,865.7
BOR01527,Fonte,Fonte ductile,100,186.6,1970,922.2,817.4,825.5,976.9
BOR01528,Fonte,Fonte ductile,100,143.5,1970,825.5,976.9,968.9,982.7
BOR01529,Fonte,Fonte grise,32,50.3,1953,825.5,976.9,803.0,1021.9
BOR01530,Plastique,PVC,200,123.6,1992,803.0,1021.9,826.9,1143.1
BOR01531,Plastique,PVC collé,40,203.5,1960,803.0,1021.9,695.3,1194.6
BOR01532,Plastique,PEHD,80,133.6,1995,695.3,1194.6,610.6,1297.9
BOR01533,Plastique,PVC,150,103.6,1990,610.6,1297.9,711.0,1323.2
BOR01534,Fonte,Fonte grise,100,119.8,1931,610.6,1297.9,551.1,1401.9
BOR01535,Plastique,PEHD,200,142.2,1995,551.1,1401.9,654.0,1500.0
BOR01536,Fonte,Fonte grise,200,168.0,1953,551.1,1401.9,413.8,1498.7
BOR01537,Fonte,Fonte ductile,80,154.7,2001,413.8,1498.7,517.0,1613.9
BOR01538,Plastique,PEHD,100,177.5,1995,413.8,1498.7,375.8,1672.0
BOR01539,Fonte,Fonte ductile,50,97.8,1970,375.8,1672.0,466.8,1636.1
BOR01540,Acier,Acier,100,197.0,1950,261.5,1718.0,443.6,1793.1
BOR01541,Fonte,Fonte grise,150,171.1,1974,261.5,1718.0,235.0,1887.1
BOR01542,Ciment,Amiante-ciment,125,101.2,1955,235.0,1887.1,321.7,1939.3
BOR01543,Fonte,Fonte grise,200,133.4,1937,235.0,1887.1,107.9,1927.5
BOR01544,Fonte,Fonte grise,300,144.7,1950,107.9,1927.5,224.0,2013.8
BOR01545,Acier,Acier,50,218.7,1972,107.9,1927.5,49.5,2138.3
BOR01546,Plastique,PVC collé,200,124.0,1960,49.5,2138.3,166.1,2180.6
BOR01547,Plastique,PVC,125,135.2,1980,49.5,2138.3,-77.3,2185.5
BOR01548,Plastique,PVC collé,125,164.5,1960,-77.3,2185.5,65.9,2266.5
BOR01549,Fonte,Fonte grise,80,164.6,1957,-77.3,2185.5,-166.4,2323.8
BOR01550,Plastique,PVC,200,192.0,1999,-166.4,2323.8,8.3,2403.3
BOR01551,Plastique,PVC collé,80,146.7,1960,-166.4,2323.8,-173.2,2470.4
BOR01552,Fonte,Fonte grise,63,136.1,1930,-173.2,2470.4,-71.1,2560.2
BOR01553,Plastique,PVC collé,100,139.4,1960,2318.8,-900.0,2439.5,-830.3
BOR01554,Fonte,Fonte ductile,125,154.0,1973,2318.8,-900.0,2228.3,-775.3
BOR01555,Fonte,Fonte ductile,125,108.3,1994,2228.3,-775.3,2132.6,-724.8
BOR01556,Plastique,PVC,250,151.6,2012,2132.6,-724.8,2271.3,-663.7
BOR01557,Fonte,Fonte ductile,150,91.5,2003,2099.3,-554.8,2189.1,-537.3
BOR01558,Fonte,Fonte grise,80,166.8,1930,2099.3,-554.8,1996.8,-423.2
BOR01559,Fonte,Fonte ductile,200,133.6,1974,1900.9,-393.4,2026.8,-349.0
BOR01560,Ciment,Amiante-ciment,400,207.7,1955,1900.9,-393.4,1831.3,-197.6
BOR01561,Plastique,PVC collé,80,158.0,1960,1831.3,-197.6,1989.3,-199.1
BOR01562,Plastique,PVC,150,66.4,1984,1831.3,-197.6,1770.4,-171.2
BOR01563,Acier,Acier,250,130.3,1990,1770.4,-171.2,1864.5,-81.0
BOR01564,Plastique,PVC collé,125,145.2,1963,1770.4,-171.2,1679.7,-57.8
BOR01565,Plastique,PVC collé,100,193.6,1960,1679.7,-57.8,1788.8,102.1
BOR01566,Plastique,PVC,250,179.3,1993,1679.7,-57.8,1626.9,113.5
BOR01567,Plastique,PVC collé,125,161.6,1960,1626.9,113.5,1509.3,224.3
BOR01568,Plastique,PVC collé,300,159.5,1960,1509.3,224.3,1653.9,291.6
BOR01569,Plastique,PVC collé,100,161.2,1966,1509.3,224.3,1415.5,355.4
BOR01570,Plastique,PVC,150,168.9,1980,1415.5,355.4,1583.5,373.0
BOR01571,Fonte,Fonte ductile,250,105.0,1970,1415.5,355.4,1383.0,455.3
BOR01572,Plastique,PVC collé,125,153.5,1984,1383.0,455.3,1266.6,555.4
BOR01573,Plastique,PVC collé,80,106.0,1983,1266.6,555.4,1363.3,598.9
BOR01574,Fonte,Fonte grise,150,141.7,1930,1266.6,555.4,1173.8,662.4
BOR01575,Fonte,Fonte ductile,40,137.6,1970,1173.8,662.4,1305.4,702.4
BOR01576,Acier,Acier,400,110.3,1966,1173.8,662.4,1112.2,754.0
BOR01577,Fonte,Fonte grise,200,177.5,1944,1112.2,754.0,1268.5,838.1
BOR01578,Fonte,Fonte ductile,100,130.0,1993,1112.2,754.0,1045.8,865.7
BOR01579,Fonte,Fonte grise,200,160.8,1975,1045.8,865.7,1184.3,947.3
BOR01580,Fonte,Fonte ductile,150,214.2,1974,968.9,982.7,826.9,1143.1
BOR01581,Plastique,PVC,100,181.9,1980,826.9,1143.1,1004.6,1182.2
BOR01582,Acier,Acier,250,79.4,1950,826.9,1143.1,847.8,1219.8
BOR01583,Ciment,Amiante-ciment,200,105.3,1955,847.8,1219.8,844.0,1325.0
BOR01584,Plastique,PVC collé,100,171.5,1960,847.8,1219.8,711.0,1323.2
BOR01585,Fonte,Fonte ductile,100,133.2,1970,711.0,1323.2,783.1,1435.1
BOR01586,Acier,Acier,250,185.8,1965,711.0,1323.2,654.0,1500.0
BOR01587,Fonte,Fonte grise,250,142.1,1946,654.0,1500.0,756.8,1598.0
BOR01588,Fonte,Fonte ductile,200,178.2,1971,654.0,1500.0,517.0,1613.9
BOR01589,Plastique,PEHD,125,149.4,2000,517.0,1613.9,666.4,1610.5
BOR01590,Fonte,Fonte ductile,125,205.9,1987,466.8,1636.1,587.5,1802.8
BOR01591,Plastique,PVC collé,150,163.9,1984,443.6,1793.1,520.8,1937.7
BOR01592,Plastique,PVC,150,190.3,1993,443.6,1793.1,321.7,1939.3
BOR01593,Plastique,PEHD,600,93.4,1995,321.7,1939.3,408.7,1973.1
BOR01594,Plastique,PEHD,100,122.9,1995,321.7,1939.3,224.0,2013.8
BOR01595,Fonte,Fonte ductile,300,136.6,1983,224.0,2013.8,325.8,2105.0
BOR01596,Fonte,Fonte ductile,50,176.5,1970,224.0,2013.8,166.1,2180.6
BOR01597,Plastique,PVC,150,102.7,1980,166.1,2180.6,263.6,2212.8
BOR01598,Fonte,Fonte grise,125,132.0,1937,166.1,2180.6,65.9,2266.5
BOR01599,Fonte,Fonte ductile,125,134.6,1976,65.9,2266.5,185.0,2329.1
BOR01600,Plastique,PVC collé,250,148.4,1973,65.9,2266.5,8.3,2403.3
BOR01601,Plastique,PVC collé,150,80.3,1963,8.3,2403.3,67.2,2458.0
BOR01602,Fonte,Fonte grise,150,63.9,1942,-71.1,2560.2,-22.0,2601.1
BOR01603,Fonte,Fonte grise,100,122.1,1934,2439.5,-830.3,2561.0,-817.9
BOR01604,Fonte,Fonte ductile,125,133.7,1970,2439.5,-830.3,2322.0,-766.6
BOR01605,Plastique,PVC,250,127.1,1981,2322.0,-766.6,2420.0,-685.7
BOR01606,Fonte,Fonte grise,150,114.7,1933,2322.0,-766.6,2271.3,-663.7
BOR01607,Plastique,PEHD,250,99.8,1995,2271.3,-663.7,2354.8,-609.0
BOR01608,Plastique,PVC,200,150.8,1980,2271.3,-663.7,2189.1,-537.3
BOR01609,Plastique,PVC,150,159.9,1998,2189.1,-537.3,2112.4,-397.0
BOR01610,Fonte,Fonte ductile,50,80.3,1970,2112.4,-397.0,2165.6,-336.8
BOR01611,Plastique,PVC,150,98.1,1980,2112.4,-397.0,2026.8,-349.0
BOR01612,Acier,Acier,40,181.4,1953,2026.8,-349.0,2138.7,-206.1
BOR01613,Fonte,Fonte grise,63,154.6,1930,2026.8,-349.0,1989.3,-199.1
BOR01614,Plastique,PVC collé,250,171.0,1985,1989.3,-199.1,2068.5,-47.6
BOR01615,Fonte,Fonte ductile,150,139.4,2001,1864.5,-81.0,1947.9,30.6
BOR01616,Fonte,Fonte ductile,200,198.2,1970,1864.5,-81.0,1788.8,102.1
BOR01617,Plastique,PVC collé,150,142.1,1985,1788.8,102.1,1911.2,174.3
BOR01618,Plastique,PVC,250,182.2,1980,1717.0,120.6,1653.9,291.6
BOR01619,Plastique,PEHD,40,130.5,2022,1653.9,291.6,1773.8,343.0
BOR01620,Plastique,PVC collé,100,107.6,1962,1653.9,291.6,1583.5,373.0
BOR01621,Acier,Acier,100,138.8,1974,1583.5,373.0,1683.7,469.1
BOR01622,Fonte,Fonte grise,250,174.7,1930,1583.5,373.0,1454.6,490.8
BOR01623,Plastique,PVC,150,180.6,1980,1454.6,490.8,1592.1,607.9
BOR01624,Plastique,PEHD,100,141.5,1995,1454.6,490.8,1363.3,598.9
BOR01625,Plastique,PVC,125,118.6,1986,1363.3,598.9,1305.4,702.4
BOR01626,Fonte,Fonte ductile,40,126.8,1970,1305.4,702.4,1389.9,797.0
BOR01627,Fonte,Fonte ductile,80,140.6,1975,1305.4,702.4,1268.5,838.1
BOR01628,Plastique,PVC collé,100,90.2,1970,1268.5,838.1,1343.8,887.7
BOR01629,Plastique,PVC collé,200,137.9,1960,1268.5,838.1,1184.3,947.3
BOR01630,Plastique,PVC collé,100,87.6,1966,1184.3,947.3,1212.9,1030.0
BOR01631,Fonte,Fonte grise,100,169.6,1952,1184.3,947.3,1073.7,1075.8
BOR01632,Fonte,Fonte ductile,125,166.0,1971,1073.7,1075.8,1223.2,1147.9
BOR01633,Acier,Acier,63,126.9,1990,1073.7,1075.8,1004.6,1182.2
BOR01634,Plastique,PVC collé,150,83.4,1960,1004.6,1182.2,1077.3,1223.2
BOR01635,Plastique,PVC collé,100,214.9,1960,1004.6,1182.2,844.0,1325.0
BOR01636,Plastique,PVC,125,220.9,1983,844.0,1325.0,1055.2,1389.7
BOR01637,Acier,Acier,300,125.8,1950,844.0,1325.0,783.1,1435.1
BOR01638,Plastique,PEHD,200,207.0,1995,783.1,1435.1,982.1,1492.4
BOR01639,Fonte,Fonte ductile,100,165.0,1972,783.1,1435.1,756.8,1598.0
BOR01640,Fonte,Fonte ductile,150,52.9,1970,756.8,1598.0,809.4,1604.0
BOR01641,Plastique,PEHD,32,91.3,1996,756.8,1598.0,666.4,1610.5
BOR01642,Acier,Acier,32,127.8,1954,666.4,1610.5,755.8,1701.8
BOR01643,Fonte,Fonte ductile,100,207.9,1982,666.4,1610.5,587.5,1802.8
BOR01644,Acier,Acier,125,85.0,1953,587.5,1802.8,669.4,1825.6
BOR01645,Plastique,PVC collé,80,150.5,1978,587.5,1802.8,520.8,1937.7
BOR01646,Ciment,Amiante-ciment,80,132.4,1955,520.8,1937.7,617.5,2028.1
BOR01647,Fonte,Fonte ductile,200,117.5,2000,520.8,1937.7,408.7,1973.1
BOR01648,Plastique,PVC collé,100,180.0,1960,408.7,1973.1,518.7,2115.6
BOR01649,Plastique,PEHD,32,155.8,2017,408.7,1973.1,325.8,2105.0
BOR01650,Plastique,PEHD,40,176.3,1995,325.8,2105.0,461.2,2217.9
BOR01651,Plastique,PEHD,250,124.5,1995,325.8,2105.0,263.6,2212.8
BOR01652,Fonte,Fonte ductile,400,161.9,1981,263.6,2212.8,349.1,2350.3
BOR01653,Plastique,PVC collé,150,140.4,1960,263.6,2212.8,185.0,2329.1
BOR01654,Fonte,Fonte ductile,63,189.9,2001,185.0,2329.1,302.2,2478.6
BOR01655,Fonte,Fonte grise,150,174.6,1936,185.0,2329.1,67.2,2458.0
BOR01656,Fonte,Fonte grise,80,134.6,1930,67.2,2458.0,167.8,2547.4
BOR01657,Plastique,PVC collé,250,193.3,1977,2561.0,-817.9,2420.0,-685.7
BOR01658,Plastique,PVC collé,250,122.7,1980,2420.0,-685.7,2514.9,-608.0
BOR01659,Plastique,PEHD,200,100.6,1998,2420.0,-685.7,2354.8,-609.0
BOR01660,Fonte,Fonte grise,100,212.9,1975,2354.8,-609.0,2535.9,-496.9
BOR01661,Plastique,PEHD,600,143.9,2015,2354.8,-609.0,2324.0,-468.4
BOR01662,Fonte,Fonte ductile,125,116.8,1993,2324.0,-468.4,2365.1,-359.1
BOR01663,Fonte,Fonte grise,250,205.9,1955,2324.0,-468.4,2165.6,-336.8
BOR01664,Fonte,Fonte ductile,250,133.4,1970,2165.6,-336.8,2138.7,-206.1
BOR01665,Fonte,Fonte ductile,250,159.6,1986,2138.7,-206.1,2289.9,-155.1
BOR01666,Plastique,PVC,250,173.4,1980,2138.7,-206.1,2068.5,-47.6
BOR01667,Plastique,PVC,300,130.7,1980,2068.5,-47.6,2196.4,-20.7
BOR01668,Plastique,PVC,125,143.7,1982,2068.5,-47.6,1947.9,30.6
BOR01669,Plastique,PVC collé,40,116.1,1960,1947.9,30.6,2058.5,66.2
BOR01670,Fonte,Fonte ductile,32,148.3,1977,1947.9,30.6,1911.2,174.3
BOR01671,Fonte,Fonte ductile,50,94.1,1990,1911.2,174.3,2000.6,145.0
BOR01672,Fonte,Fonte grise,150,129.9,1940,1911.2,174.3,1794.3,231.2
BOR01673,Fonte,Fonte ductile,150,187.1,1979,1794.3,231.2,1963.0,311.9
BOR01674,Fonte,Fonte ductile,50,113.7,1970,1794.3,231.2,1773.8,343.0
BOR01675,Fonte,Fonte ductile,250,143.9,1992,1773.8,343.0,1831.4,474.9
BOR01676,Fonte,Fonte ductile,40,102.0,1970,1683.7,469.1,1773.4,517.9
BOR01677,Fonte,Fonte grise,80,166.3,1936,1683.7,469.1,1592.1,607.9
BOR01678,Acier,Acier,32,174.9,1950,1592.1,607.9,1499.5,756.2
BOR01679,Fonte,Fonte ductile,150,71.7,1979,1499.5,756.2,1565.1,785.0
BOR01680,Acier,Acier,80,117.0,1965,1499.5,756.2,1389.9,797.0
BOR01681,Fonte,Fonte ductile,250,200.8,1970,1389.9,797.0,1549.4,919.0
BOR01682,Plastique,PEHD,32,101.7,2012,1389.9,797.0,1343.8,887.7
BOR01683,Fonte,Fonte grise,125,112.0,1933,1343.8,887.7,1433.4,955.0
BOR01684,Ciment,Amiante-ciment,150,193.4,1959,1343.8,887.7,1212.9,1030.0
BOR01685,Fonte,Fonte ductile,300,151.0,2015,1212.9,1030.0,1348.7,1096.0
BOR01686,Fonte,Fonte ductile,400,118.3,1986,1212.9,1030.0,1223.2,1147.9
BOR01687,Plastique,PVC collé,63,92.8,1960,1223.2,1147.9,1270.0,1228.1
BOR01688,Fonte,Fonte grise,250,164.2,1930,1223.2,1147.9,1077.3,1223.2
BOR01689,Fonte,Fonte ductile,40,159.1,2002,1077.3,1223.2,1141.9,1368.5
BOR01690,Plastique,PEHD,125,168.0,1995,1077.3,1223.2,1055.2,1389.7
BOR01691,Fonte,Fonte ductile,63,128.5,1970,1055.2,1389.7,1139.8,1486.5
BOR01692,Plastique,PEHD,100,126.1,1995,1055.2,1389.7,982.1,1492.4
BOR01693,Plastique,PVC collé,125,83.5,1960,982.1,1492.4,1015.5,1568.9
BOR01694,Fonte,Fonte ductile,32,205.6,1970,982.1,1492.4,809.4,1604.0
BOR01695,Fonte,Fonte grise,150,198.3,1930,809.4,1604.0,957.8,1735.5
BOR01696,Plastique,PEHD,32,111.5,1995,809.4,1604.0,755.8,1701.8
BOR01697,Fonte,Fonte ductile,63,164.5,1998,755.8,1701.8,896.1,1787.6
BOR01698,Fonte,Fonte ductile,250,150.9,1970,755.8,1701.8,669.4,1825.6
BOR01699,Acier,Acier,200,209.1,1969,669.4,1825.6,617.5,2028.1
BOR01700,Plastique,PVC,150,115.5,1980,617.5,2028.1,715.8,2088.8
BOR01701,Plastique,PVC collé,63,132.0,1960,617.5,2028.1,518.7,2115.6
BOR01702,Plastique,PVC collé,100,103.5,1960,518.7,2115.6,604.2,2173.9
BOR01703,Fonte,Fonte ductile,200,117.3,1980,518.7,2115.6,461.2,2217.9
BOR01704,Plastique,PEHD,40,158.7,1995,461.2,2217.9,616.0,2252.5
BOR01705,Fonte,Fonte grise,200,173.5,1955,461.2,2217.9,349.1,2350.3
BOR01706,Plastique,PEHD,50,91.7,1995,349.1,2350.3,439.8,2363.5
BOR01707,Plastique,PEHD,125,136.6,1997,349.1,2350.3,302.2,2478.6
BOR01708,Fonte,Fonte grise,150,117.1,1934,302.2,2478.6,419.3,2478.5
BOR01709,Acier,Acier,100,151.0,1959,302.2,2478.6,167.8,2547.4
BOR01710,Plastique,PVC collé,100,120.7,1960,167.8,2547.4,279.8,2592.5
BOR01711,Plastique,PVC collé,300,148.9,1960,167.8,2547.4,107.9,2683.7
BOR01712,Plastique,PEHD,40,118.5,1999,107.9,2683.7,224.6,2704.5
BOR01713,Plastique,PVC,40,171.3,1980,2643.2,-772.3,2730.2,-624.8
BOR01714,Plastique,PVC,40,208.5,1987,2643.2,-772.3,2514.9,-608.0
BOR01715,Fonte,Fonte grise,200,163.7,1953,2514.9,-608.0,2647.8,-512.4
BOR01716,Plastique,PVC collé,80,113.9,1985,2535.9,-496.9,2587.3,-395.3
BOR01717,Plastique,PVC collé,80,219.4,1985,2535.9,-496.9,2365.1,-359.1
BOR01718,Plastique,PEHD,300,137.3,1995,2365.1,-359.1,2496.0,-317.4
BOR01719,Fonte,Fonte grise,150,130.6,1948,2365.1,-359.1,2295.6,-248.6
BOR01720,Fonte,Fonte grise,63,183.4,1967,2295.6,-248.6,2445.8,-143.3
BOR01721,Plastique,PEHD,80,93.6,1995,2295.6,-248.6,2289.9,-155.1
BOR01722,Plastique,PVC collé,100,96.0,1973,2289.9,-155.1,2304.9,-60.3
BOR01723,Fonte,Fonte ductile,400,163.8,1971,2289.9,-155.1,2196.4,-20.7
BOR01724,Plastique,PEHD,40,105.9,1996,2196.4,-20.7,2266.8,58.4
BOR01725,Plastique,PVC collé,150,163.0,1973,2196.4,-20.7,2058.5,66.2
BOR01726,Plastique,PVC collé,40,131.0,1960,2058.5,66.2,2170.2,134.4
BOR01727,Fonte,Fonte ductile,250,97.8,1970,2058.5,66.2,2000.6,145.0
BOR01728,Plastique,PVC collé,40,185.9,1973,2000.6,145.0,2082.8,311.7
BOR01729,Fonte,Fonte ductile,63,171.1,1975,2000.6,145.0,1963.0,311.9
BOR01730,Fonte,Fonte ductile,63,209.5,1970,1963.0,311.9,1831.4,474.9
BOR01731,Fonte,Fonte grise,250,97.5,1936,1831.4,474.9,1911.9,529.9
BOR01732,Plastique,PVC collé,300,72.2,1960,1831.4,474.9,1773.4,517.9
BOR01733,Plastique,PVC,250,149.9,1980,1773.4,517.9,1841.3,651.4
BOR01734,Plastique,PVC collé,200,221.6,1960,1773.4,517.9,1631.2,687.9
BOR01735,Plastique,PVC collé,125,194.5,1985,1631.2,687.9,1791.2,798.6
BOR01736,Fonte,Fonte ductile,300,117.5,1993,1631.2,687.9,1565.1,785.0
BOR01737,Plastique,PEHD,40,171.3,1995,1565.1,785.0,1715.2,867.6
BOR01738,Fonte,Fonte ductile,32,134.9,1970,1565.1,785.0,1549.4,919.0
BOR01739,Plastique,PVC collé,125,84.7,1960,1549.4,919.0,1629.2,947.5
BOR01740,Fonte,Fonte ductile,250,121.5,1970,1549.4,919.0,1433.4,955.0
BOR01741,Plastique,PVC collé,50,201.1,1960,1433.4,955.0,1600.0,1067.5
BOR01742,Plastique,PEHD,150,164.4,2013,1433.4,955.0,1348.7,1096.0
BOR01743,Fonte,Fonte ductile,80,126.9,1985,1348.7,1096.0,1465.7,1145.2
BOR01744,Fonte,Fonte grise,125,153.8,1947,1348.7,1096.0,1270.0,1228.1
BOR01745,Fonte,Fonte ductile,80,208.8,1985,1141.9,1368.5,1326.8,1465.7
BOR01746,Plastique,PVC,250,118.0,1995,1141.9,1368.5,1139.8,1486.5
BOR01747,Fonte,Fonte ductile,80,84.2,1976,1139.8,1486.5,1183.7,1558.4
BOR01748,Plastique,PVC,50,149.1,2000,1139.8,1486.5,1015.5,1568.9
BOR01749,Fonte,Fonte ductile,50,192.5,1976,1015.5,1568.9,1150.6,1706.0
BOR01750,Fonte,Fonte ductile,80,176.2,1997,1015.5,1568.9,957.8,1735.5
BOR01751,Plastique,PVC collé,250,114.6,1962,957.8,1735.5,1060.9,1785.6
BOR01752,Fonte,Fonte ductile,600,80.8,1979,957.8,1735.5,896.1,1787.6
BOR01753,Fonte,Fonte ductile,100,206.2,1982,896.1,1787.6,767.1,1948.4
BOR01754,Fonte,Fonte grise,200,149.6,1962,767.1,1948.4,915.9,1963.9
BOR01755,Fonte,Fonte grise,250,149.5,1957,767.1,1948.4,715.8,2088.8
BOR01756,Plastique,PVC,150,132.9,1999,715.8,2088.8,848.2,2099.6
BOR01757,Fonte,Fonte ductile,300,140.3,1987,715.8,2088.8,604.2,2173.9
BOR01758,Fonte,Fonte ductile,40,134.0,1970,604.2,2173.9,732.5,2212.4
BOR01759,Fonte,Fonte grise,100,79.4,1941,604.2,2173.9,616.0,2252.5
BOR01760,Plastique,PVC,200,208.3,1980,616.0,2252.5,439.8,2363.5
BOR01761,Plastique,PVC collé,80,193.5,1977,439.8,2363.5,577.2,2499.8
BOR01762,Fonte,Fonte grise,63,116.9,1930,439.8,2363.5,419.3,2478.5
BOR01763,Fonte,Fonte ductile,100,152.6,1986,419.3,2478.5,546.2,2563.3
BOR01764,Fonte,Fonte ductile,150,180.1,1996,419.3,2478.5,279.8,2592.5
BOR01765,Plastique,PVC,200,198.6,1980,279.8,2592.5,414.6,2738.3
BOR01766,Fonte,Fonte grise,32,124.8,1967,279.8,2592.5,224.6,2704.5
BOR01767,Fonte,Fonte ductile,250,136.5,1970,224.6,2704.5,337.6,2781.0
BOR01768,Fonte,Fonte ductile,80,139.3,1970,2730.2,-624.8,2647.8,-512.4
BOR01769,Fonte,Fonte grise,80,120.3,1935,2647.8,-512.4,2756.8,-461.7
BOR01770,Fonte,Fonte ductile,63,131.8,2015,2647.8,-512.4,2587.3,-395.3
BOR01771,Plastique,PVC,200,103.2,1992,2587.3,-395.3,2688.7,-376.1
BOR01772,Plastique,PEHD,32,120.0,2001,2587.3,-395.3,2496.0,-317.4
BOR01773,Fonte,Fonte ductile,250,155.0,1984,2496.0,-317.4,2624.0,-230.0
BOR01774,Fonte,Fonte ductile,100,181.2,2015,2496.0,-317.4,2445.8,-143.3
BOR01775,Fonte,Fonte ductile,80,99.7,1982,2445.8,-143.3,2543.7,-124.6
BOR01776,Fonte,Fonte grise,125,163.4,1975,2445.8,-143.3,2304.9,-60.3
BOR01777,Acier,Acier,125,124.7,1953,2304.9,-60.3,2266.8,58.4
BOR01778,Fonte,Fonte ductile,600,127.3,1970,2266.8,58.4,2369.7,133.3
BOR01779,Plastique,PVC,100,122.9,1980,2266.8,58.4,2170.2,134.4
BOR01780,Fonte,Fonte ductile,250,172.8,1999,2170.2,134.4,2312.0,233.3
BOR01781,Fonte,Fonte grise,250,197.7,1949,2170.2,134.4,2082.8,311.7
BOR01782,Plastique,PVC,400,126.3,1984,2082.8,311.7,2207.8,293.9
BOR01783,Fonte,Fonte grise,100,157.6,1953,2014.4,345.1,2118.6,463.2
BOR01784,Fonte,Fonte grise,125,211.3,1959,2014.4,345.1,1911.9,529.9
BOR01785,Fonte,Fonte ductile,150,170.7,1973,1911.9,529.9,2062.8,609.9
BOR01786,Fonte,Fonte ductile,80,140.6,2013,1911.9,529.9,1841.3,651.4
BOR01787,Plastique,PVC collé,100,125.3,1977,1841.3,651.4,1943.7,723.7
BOR01788,Plastique,PEHD,63,155.4,2003,1841.3,651.4,1791.2,798.6
BOR01789,Plastique,PVC collé,250,112.2,1965,1791.2,798.6,1889.9,851.9
BOR01790,Plastique,PVC,150,102.7,1980,1791.2,798.6,1715.2,867.6
BOR01791,Plastique,PEHD,250,114.8,2006,1715.2,867.6,1821.7,910.3
BOR01792,Plastique,PVC,100,117.3,1980,1715.2,867.6,1629.2,947.5
BOR01793,Fonte,Fonte ductile,200,96.0,1970,1629.2,947.5,1690.8,1021.1
BOR01794,Fonte,Fonte grise,150,123.6,1933,1629.2,947.5,1600.0,1067.5
BOR01795,Fonte,Fonte ductile,400,110.4,1970,1600.0,1067.5,1691.0,1130.1
BOR01796,Plastique,PEHD,80,155.2,2004,1600.0,1067.5,1465.7,1145.2
BOR01797,Fonte,Fonte ductile,125,174.2,1975,1465.7,1145.2,1603.1,1252.2
BOR01798,Fonte,Fonte ductile,125,205.5,1970,1465.7,1145.2,1354.4,1318.0
BOR01799,Fonte,Fonte ductile,300,131.4,2004,1354.4,1318.0,1482.7,1346.6
BOR01800,Fonte,Fonte ductile,300,150.3,1978,1354.4,1318.0,1326.8,1465.7
BOR01801,Fonte,Fonte ductile,100,99.2,1971,1326.8,1465.7,1423.4,1488.1
BOR01802,Fonte,Fonte ductile,200,170.5,1970,1326.8,1465.7,1183.7,1558.4
BOR01803,Plastique,PVC collé,150,127.1,1960,1183.7,1558.4,1304.7,1597.3
BOR01804,Plastique,PVC,125,103.8,1981,1150.6,1706.0,1248.3,1671.0
BOR01805,Fonte,Fonte ductile,100,119.9,1970,1150.6,1706.0,1060.9,1785.6
BOR01806,Fonte,Fonte grise,80,114.2,1955,1060.9,1785.6,965.5,1848.5
BOR01807,Fonte,Fonte grise,200,144.7,1961,965.5,1848.5,1079.2,1938.1
BOR01808,Fonte,Fonte ductile,100,125.6,1992,965.5,1848.5,915.9,1963.9
BOR01809,Plastique,PEHD,63,146.1,1995,915.9,1963.9,963.8,2101.9
BOR01810,Plastique,PVC collé,150,151.6,1960,915.9,1963.9,848.2,2099.6
BOR01811,Fonte,Fonte ductile,80,97.5,1974,848.2,2099.6,881.7,2191.1
BOR01812,Fonte,Fonte grise,250,151.6,1949,732.5,2212.4,864.5,2287.1
BOR01813,Fonte,Fonte ductile,150,114.2,1970,732.5,2212.4,658.1,2299.1
BOR01814,Plastique,PEHD,150,157.4,2000,658.1,2299.1,790.1,2384.8
BOR01815,Fonte,Fonte grise,600,216.4,1930,658.1,2299.1,577.2,2499.8
BOR01816,Plastique,PVC collé,50,135.0,1970,577.2,2499.8,712.0,2505.9
BOR01817,Plastique,PEHD,200,70.6,2024,577.2,2499.8,546.2,2563.3
BOR01818,Plastique,PVC collé,80,104.7,1965,546.2,2563.3,636.6,2616.2
BOR01819,Plastique,PEHD,100,218.9,2023,546.2,2563.3,414.6,2738.3
BOR01820,Fonte,Fonte ductile,200,64.3,1973,414.6,2738.3,475.3,2759.4
BOR01821,Fonte,Fonte ductile,150,170.6,1999,337.6,2781.0,487.4,2862.6
BOR01822,Fonte,Fonte ductile,150,171.6,2010,2821.4,-594.7,2931.1,-462.8
BOR01823,Fonte,Fonte ductile,250,147.8,1998,2821.4,-594.7,2756.8,-461.7
BOR01824,Plastique,PVC collé,150,198.2,1980,2756.8,-461.7,2935.6,-376.1
BOR01825,Ciment,Amiante-ciment,50,109.4,1955,2756.8,-461.7,2688.7,-376.1
BOR01826,Fonte,Fonte ductile,600,142.9,1970,2688.7,-376.1,2809.2,-299.2
BOR01827,Ciment,Amiante-ciment,400,159.8,1960,2688.7,-376.1,2624.0,-230.0
BOR01828,Fonte,Fonte ductile,250,162.3,1970,2624.0,-230.0,2744.4,-121.2
BOR01829,Fonte,Fonte ductile,40,132.5,1970,2624.0,-230.0,2543.7,-124.6
BOR01830,Plastique,PVC,80,140.7,1980,2543.7,-124.6,2634.7,-17.2
BOR01831,Plastique,PVC,63,138.1,1981,2543.7,-124.6,2465.6,-10.8
BOR01832,Fonte,Fonte grise,300,163.9,1941,2465.6,-10.8,2548.2,130.8
BOR01833,Acier,Acier,125,173.0,1950,2465.6,-10.8,2369.7,133.3
BOR01834,Plastique,PVC,63,112.4,1980,2369.7,133.3,2443.7,217.9
BOR01835,Fonte,Fonte grise,200,115.5,1956,2369.7,133.3,2312.0,233.3
BOR01836,Fonte,Fonte ductile,200,111.9,1998,2312.0,233.3,2364.4,332.2
BOR01837,Plastique,PVC,125,120.5,1998,2312.0,233.3,2207.8,293.9
BOR01838,Fonte,Fonte ductile,150,191.4,1971,2207.8,293.9,2118.6,463.2
BOR01839,Fonte,Fonte ductile,200,163.0,1978,2118.6,463.2,2275.1,508.7
BOR01840,Acier,Acier,50,156.9,1950,2118.6,463.2,2062.8,609.9
BOR01841,Ciment,Amiante-ciment,250,118.9,1955,2062.8,609.9,2154.1,686.0
BOR01842,Fonte,Fonte grise,125,164.7,1932,2062.8,609.9,1943.7,723.7
BOR01843,Fonte,Fonte grise,32,190.6,1930,1943.7,723.7,2126.9,776.5
BOR01844,Plastique,PVC,125,139.0,1991,1943.7,723.7,1889.9,851.9
BOR01845,Plastique,PVC collé,40,67.9,1960,1889.9,851.9,1954.9,871.8
BOR01846,Plastique,PVC collé,300,89.8,1982,1889.9,851.9,1821.7,910.3
BOR01847,Fonte,Fonte ductile,80,99.5,1992,1821.7,910.3,1905.4,964.2
BOR01848,Plastique,PVC,80,171.5,1980,1821.7,910.3,1690.8,1021.1
BOR01849,Fonte,Fonte ductile,200,159.4,1994,1690.8,1021.1,1803.1,1134.4
BOR01850,Fonte,Fonte ductile,40,109.0,1970,1690.8,1021.1,1691.0,1130.1
BOR01851,Plastique,PVC collé,100,155.2,1960,1691.0,1130.1,1806.9,1233.2
BOR01852,Fonte,Fonte ductile,100,150.5,1971,1691.0,1130.1,1603.1,1252.2
BOR01853,Fonte,Fonte ductile,200,85.9,2004,1603.1,1252.2,1654.4,1321.1
BOR01854,Fonte,Fonte ductile,100,153.0,1995,1603.1,1252.2,1482.7,1346.6
BOR01855,Fonte,Fonte grise,80,153.4,1930,1482.7,1346.6,1423.4,1488.1
BOR01856,Fonte,Fonte grise,125,129.7,1930,1423.4,1488.1,1492.1,1598.1
BOR01857,Ciment,Amiante-ciment,50,161.3,1955,1423.4,1488.1,1304.7,1597.3
BOR01858,Fonte,Fonte grise,150,169.4,1950,1304.7,1597.3,1424.9,1716.8
BOR01859,Fonte,Fonte grise,63,92.9,1930,1304.7,1597.3,1248.3,1671.0
BOR01860,Fonte,Fonte ductile,63,195.1,1978,1248.3,1671.0,1334.0,1846.3
BOR01861,Plastique,PVC,125,120.9,1980,1179.1,1869.9,1079.2,1938.1
BOR01862,Fonte,Fonte grise,125,200.4,1936,1079.2,1938.1,963.8,2101.9
BOR01863,Fonte,Fonte ductile,150,119.5,1994,963.8,2101.9,1065.0,2165.4
BOR01864,Plastique,PVC,80,121.2,1980,963.8,2101.9,881.7,2191.1
BOR01865,Plastique,PEHD,200,180.4,2008,881.7,2191.1,1055.0,2241.2
BOR01866,Fonte,Fonte ductile,100,97.5,1988,881.7,2191.1,864.5,2287.1
BOR01867,Plastique,PEHD,100,122.8,1995,864.5,2287.1,790.1,2384.8
BOR01868,Fonte,Fonte ductile,200,136.0,1970,790.1,2384.8,863.8,2499.1
BOR01869,Fonte,Fonte ductile,150,150.2,1993,712.0,2505.9,789.1,2634.8
BOR01870,Fonte,Fonte grise,250,133.6,1935,712.0,2505.9,636.6,2616.2
BOR01871,Fonte,Fonte ductile,250,161.9,2000,636.6,2616.2,704.0,2763.3
BOR01872,Plastique,PVC,80,207.4,1987,475.3,2759.4,657.2,2859.2
BOR01873,Fonte,Fonte grise,200,103.9,1970,475.3,2759.4,487.4,2862.6
BOR01874,Plastique,PVC,100,133.6,1990,487.4,2862.6,541.2,2984.9
BOR01875,Plastique,PVC,250,150.8,1980,2931.1,-462.8,3081.9,-457.4
BOR01876,Plastique,PVC collé,400,86.8,1979,2931.1,-462.8,2935.6,-376.1
BOR01877,Fonte,Fonte ductile,200,65.8,2008,2935.6,-376.1,2985.5,-333.2
BOR01878,Plastique,PVC,150,148.0,1989,2935.6,-376.1,2809.2,-299.2
BOR01879,Plastique,PVC,100,172.9,1981,2809.2,-299.2,2913.8,-161.6
BOR01880,Fonte,Fonte ductile,150,189.5,1988,2809.2,-299.2,2744.4,-121.2
BOR01881,Fonte,Fonte grise,80,72.5,1932,2744.4,-121.2,2816.5,-129.3
BOR01882,Fonte,Fonte grise,200,151.2,1958,2744.4,-121.2,2634.7,-17.2
BOR01883,Plastique,PVC collé,150,166.4,1984,2634.7,-17.2,2788.7,45.6
BOR01884,Fonte,Fonte ductile,32,171.4,1990,2634.7,-17.2,2548.2,130.8
BOR01885,Fonte,Fonte grise,250,153.6,1939,2548.2,130.8,2701.6,138.6
BOR01886,Fonte,Fonte ductile,200,136.1,2015,2548.2,130.8,2443.7,217.9
BOR01887,Fonte,Fonte ductile,250,139.1,1981,2443.7,217.9,2364.4,332.2
BOR01888,Plastique,PVC collé,40,179.9,1964,2364.4,332.2,2531.8,398.0
BOR01889,Fonte,Fonte ductile,150,107.4,1970,2364.4,332.2,2315.2,427.6
BOR01890,Fonte,Fonte grise,40,142.6,1969,2315.2,427.6,2445.8,484.7
BOR01891,Acier,Acier,125,90.4,1978,2315.2,427.6,2275.1,508.7
BOR01892,Plastique,PVC collé,32,147.4,1960,2275.1,508.7,2376.2,616.0
BOR01893,Plastique,PEHD,250,214.6,1995,2275.1,508.7,2154.1,686.0
BOR01894,Plastique,PVC collé,200,94.5,1966,2154.1,686.0,2126.9,776.5
BOR01895,Fonte,Fonte ductile,300,122.6,1970,2126.9,776.5,2169.7,891.4
BOR01896,Fonte,Fonte grise,250,196.6,1932,2126.9,776.5,1954.9,871.8
BOR01897,Ciment,Amiante-ciment,250,205.6,1964,1954.9,871.8,2135.9,969.4
BOR01898,Fonte,Fonte ductile,125,104.8,1998,1954.9,871.8,1905.4,964.2
BOR01899,Fonte,Fonte ductile,40,198.6,1970,1905.4,964.2,1803.1,1134.4
BOR01900,Ciment,Amiante-ciment,63,99.0,1955,1803.1,1134.4,1806.9,1233.2
BOR01901,Plastique,PVC collé,200,103.0,1985,1806.9,1233.2,1841.6,1330.2
BOR01902,Fonte,Fonte ductile,150,176.0,1970,1806.9,1233.2,1654.4,1321.1
BOR01903,Fonte,Fonte grise,50,170.7,1934,1654.4,1321.1,1813.4,1383.4
BOR01904,Fonte,Fonte grise,150,200.8,1954,1654.4,1321.1,1589.1,1511.0
BOR01905,Fonte,Fonte ductile,80,161.7,1970,1589.1,1511.0,1750.8,1511.9
BOR01906,Acier,Acier,150,130.4,1950,1589.1,1511.0,1492.1,1598.1
BOR01907,Plastique,PEHD,63,124.8,1995,1492.1,1598.1,1586.8,1679.4
BOR01908,Fonte,Fonte grise,32,136.4,1938,1492.1,1598.1,1424.9,1716.8
BOR01909,Fonte,Fonte ductile,200,100.1,2007,1424.9,1716.8,1518.4,1752.5
BOR01910,Fonte,Fonte ductile,150,158.2,1979,1424.9,1716.8,1334.0,1846.3
BOR01911,Fonte,Fonte ductile,200,151.5,1977,1334.0,1846.3,1483.2,1872.4
BOR01912,Fonte,Fonte grise,100,80.8,1975,1334.0,1846.3,1273.9,1900.3
BOR01913,Plastique,PVC collé,100,136.0,1960,1273.9,1900.3,1368.6,1997.9
BOR01914,Plastique,PVC collé,32,109.5,1965,1273.9,1900.3,1210.9,1989.8
BOR01915,Fonte,Fonte grise,100,132.6,1975,1210.9,1989.8,1317.9,2068.2
BOR01916,Plastique,PVC collé,100,228.3,1973,1210.9,1989.8,1065.0,2165.4
BOR01917,Fonte,Fonte ductile,200,210.3,1978,1065.0,2165.4,1264.1,2233.3
BOR01918,Fonte,Fonte grise,125,76.5,1956,1065.0,2165.4,1055.0,2241.2
BOR01919,Plastique,PVC collé,150,144.7,1960,1055.0,2241.2,943.4,2333.3
BOR01920,Fonte,Fonte grise,250,133.8,1930,943.4,2333.3,1021.2,2442.1
BOR01921,Plastique,PEHD,200,183.9,2022,943.4,2333.3,863.8,2499.1
BOR01922,Fonte,Fonte grise,80,114.1,1957,863.8,2499.1,969.6,2541.8
BOR01923,Fonte,Fonte ductile,600,154.8,1997,863.8,2499.1,789.1,2634.8
BOR01924,Plastique,PVC collé,100,96.6,1976,704.0,2763.3,800.6,2760.5
BOR01925,Fonte,Fonte ductile,80,106.7,2013,704.0,2763.3,657.2,2859.2
BOR01926,Plastique,PEHD,125,123.5,1999,657.2,2859.2,744.0,2947.1
BOR01927,Plastique,PEHD,150,171.1,2012,657.2,2859.2,541.2,2984.9
BOR01928,Ciment,Amiante-ciment,200,84.0,1961,541.2,2984.9,615.2,3024.6
BOR01929,Fonte,Fonte grise,150,157.3,1940,3081.9,-457.4,2985.5,-333.2
BOR01930,Plastique,PVC collé,80,154.3,1985,2985.5,-333.2,3099.0,-228.5
BOR01931,Fonte,Fonte ductile,250,186.0,2015,2985.5,-333.2,2913.8,-161.6
BOR01932,Plastique,PEHD,80,89.3,1997,2913.8,-161.6,2980.5,-102.3
BOR01933,Plastique,PVC,80,102.5,1980,2913.8,-161.6,2816.5,-129.3
BOR01934,Fonte,Fonte grise,40,146.1,1974,2816.5,-129.3,2914.2,-20.7
BOR01935,Plastique,PVC collé,50,177.1,1960,2816.5,-129.3,2788.7,45.6
BOR01936,Fonte,Fonte ductile,400,99.7,1972,2788.7,45.6,2851.5,123.1
BOR01937,Plastique,PVC collé,125,127.4,1976,2788.7,45.6,2701.6,138.6
BOR01938,Fonte,Fonte grise,200,131.1,1955,2701.6,138.6,2767.8,251.8
BOR01939,Fonte,Fonte ductile,125,139.6,2013,2701.6,138.6,2598.2,232.3
BOR01940,Plastique,PVC,150,200.5,1993,2598.2,232.3,2700.7,404.6
BOR01941,Plastique,PVC,125,178.5,1985,2598.2,232.3,2531.8,398.0
BOR01942,Fonte,Fonte grise,300,80.9,1933,2531.8,398.0,2598.4,444.0
BOR01943,Plastique,PEHD,250,122.2,2015,2531.8,398.0,2445.8,484.7
BOR01944,Plastique,PEHD,250,148.6,1995,2445.8,484.7,2376.2,616.0
BOR01945,Fonte,Fonte grise,200,80.7,1930,2376.2,616.0,2405.6,691.2
BOR01946,Plastique,PEHD,200,179.3,1995,2376.2,616.0,2287.6,771.9
BOR01947,Plastique,PVC,40,72.4,1980,2287.6,771.9,2354.6,799.3
BOR01948,Plastique,PEHD,100,167.8,2021,2287.6,771.9,2169.7,891.4
BOR01949,Fonte,Fonte grise,200,74.9,1951,2169.7,891.4,2229.7,936.1
BOR01950,Plastique,PVC,500,85.1,2015,2169.7,891.4,2135.9,969.4
BOR01951,Plastique,PVC,125,139.8,2007,2135.9,969.4,2231.1,1071.8
BOR01952,Plastique,PVC collé,63,179.6,1960,2135.9,969.4,2004.9,1092.4
BOR01953,Plastique,PVC collé,100,151.3,1960,2004.9,1092.4,2144.2,1151.2
BOR01954,Acier,Acier,125,141.7,1966,2004.9,1092.4,1904.2,1192.0
BOR01955,Plastique,PVC,150,180.6,1980,1904.2,1192.0,2071.5,1260.0
BOR01956,Plastique,PVC collé,50,151.7,1985,1904.2,1192.0,1841.6,1330.2
BOR01957,Fonte,Fonte grise,150,134.6,1957,1841.6,1330.2,1972.2,1362.9
BOR01958,Fonte,Fonte ductile,100,60.2,1995,1841.6,1330.2,1813.4,1383.4
BOR01959,Fonte,Fonte grise,600,120.6,1951,1813.4,1383.4,1897.4,1470.0
BOR01960,Fonte,Fonte grise,150,143.0,1950,1813.4,1383.4,1750.8,1511.9
BOR01961,Plastique,PEHD,250,108.8,2024,1750.8,1511.9,1791.1,1613.0
BOR01962,Fonte,Fonte grise,200,234.5,1959,1750.8,1511.9,1586.8,1679.4
BOR01963,Acier,Acier,100,162.8,1950,1586.8,1679.4,1727.1,1761.9
BOR01964,Fonte,Fonte ductile,125,187.8,1999,1518.4,1752.5,1690.7,1827.3
BOR01965,Plastique,PVC,200,124.9,1980,1518.4,1752.5,1483.2,1872.4
BOR01966,Fonte,Fonte ductile,150,170.0,1993,1483.2,1872.4,1368.6,1997.9
BOR01967,Plastique,PVC,80,188.5,1980,1368.6,1997.9,1545.2,2063.9
BOR01968,Plastique,PEHD,600,86.7,1995,1368.6,1997.9,1317.9,2068.2
BOR01969,Plastique,PVC collé,250,179.5,1985,1317.9,2068.2,1403.0,2226.2
BOR01970,Fonte,Fonte ductile,150,173.7,1996,1317.9,2068.2,1264.1,2233.3
BOR01971,Fonte,Fonte ductile,200,133.4,1982,1264.1,2233.3,1342.2,2341.4
BOR01972,Fonte,Fonte ductile,40,142.1,1982,1264.1,2233.3,1174.1,2343.3
BOR01973,Fonte,Fonte grise,150,182.0,1975,1174.1,2343.3,1021.2,2442.1
BOR01974,Plastique,PVC collé,150,126.9,1960,1021.2,2442.1,1122.3,2518.8
BOR01975,Fonte,Fonte ductile,125,112.3,1971,1021.2,2442.1,969.6,2541.8
BOR01976,Fonte,Fonte grise,250,182.8,1975,969.6,2541.8,1129.1,2631.2
BOR01977,Fonte,Fonte grise,250,180.0,1935,969.6,2541.8,899.0,2707.3
BOR01978,Plastique,PVC,250,117.7,1990,899.0,2707.3,1003.3,2762.0
BOR01979,Fonte,Fonte ductile,400,111.8,2007,899.0,2707.3,800.6,2760.5
BOR01980,Plastique,PEHD,80,136.0,1995,800.6,2760.5,905.9,2846.6
BOR01981,Plastique,PVC,80,194.9,1999,800.6,2760.5,744.0,2947.1
BOR01982,Plastique,PVC,40,150.3,1980,744.0,2947.1,615.2,3024.6
BOR01983,Plastique,PVC,100,171.3,2010,3203.8,-364.0,3099.0,-228.5
BOR01984,Fonte,Fonte grise,250,173.1,1936,3099.0,-228.5,2980.5,-102.3
BOR01985,Fonte,Fonte grise,250,105.2,1935,2980.5,-102.3,2914.2,-20.7
BOR01986,Plastique,PVC collé,125,156.9,1962,2914.2,-20.7,2851.5,123.1
BOR01987,Fonte,Fonte ductile,300,153.6,1989,2851.5,123.1,2767.8,251.8
BOR01988,Fonte,Fonte grise,150,166.9,1941,2767.8,251.8,2700.7,404.6
BOR01989,Fonte,Fonte ductile,50,109.6,1994,2700.7,404.6,2598.4,444.0
BOR01990,Plastique,PVC,32,116.3,2011,2598.4,444.0,2539.7,544.5
BOR01991,Fonte,Fonte ductile,100,198.8,2003,2539.7,544.5,2405.6,691.2
BOR01992,Fonte,Fonte grise,200,119.5,1938,2405.6,691.2,2354.6,799.3
BOR01993,Fonte,Fonte grise,125,185.2,1945,2354.6,799.3,2229.7,936.1
BOR01994,Fonte,Fonte ductile,100,135.7,1992,2229.7,936.1,2231.1,1071.8
BOR01995,Fonte,Fonte grise,200,117.7,1930,2231.1,1071.8,2144.2,1151.2
BOR01996,Plastique,PVC,150,130.8,1980,2144.2,1151.2,2071.5,1260.0
BOR01997,Fonte,Fonte grise,200,130.7,1930,1972.2,1362.9,1897.4,1470.0
BOR01998,Plastique,PVC,600,178.1,1980,1897.4,1470.0,1791.1,1613.0
BOR01999,Ciment,Amiante-ciment,63,162.1,1955,1791.1,1613.0,1727.1,1761.9
BOR02000,Plastique,PVC,63,74.8,1980,1727.1,1761.9,1690.7,1827.3
BOR02001,Plastique,PEHD,150,151.6,1995,1690.7,1827.3,1576.9,1927.4
BOR02002,Fonte,Fonte ductile,200,140.1,2005,1576.9,1927.4,1545.2,2063.9
BOR02003,Fonte,Fonte ductile,50,215.8,1981,1545.2,2063.9,1403.0,2226.2
BOR02004,Plastique,PVC,150,130.3,1980,1403.0,2226.2,1342.2,2341.4
BOR02005,Fonte,Fonte ductile,125,128.4,2015,1342.2,2341.4,1225.0,2394.0
BOR02006,Plastique,PVC,32,161.7,1980,1225.0,2394.0,1122.3,2518.8
BOR02007,Plastique,PVC collé,200,112.6,1980,1122.3,2518.8,1129.1,2631.2
BOR02008,Fonte,Fonte ductile,100,181.4,2012,1129.1,2631.2,1003.3,2762.0
BOR02009,Fonte,Fonte grise,250,129.0,1930,1003.3,2762.0,905.9,2846.6
BOR02010,Plastique,PVC collé,200,177.2,1969,862.5,3020.5,721.1,3127.4
