id,materiau_famille,materiau,diametre,longueur,annee_pose,x1,y1,x2,y2
MAR00000,Plastique,PVC collé,32,68.4,1972,-1523.3,-2993.8,-1455.9,-3005.6
MAR00001,Plastique,PVC collé,80,173.1,1985,-1523.3,-2993.8,-1629.5,-2857.0
MAR00002,Acier,Acier,32,187.0,1976,-1629.5,-2857.0,-1444.6,-2828.5
MAR00003,Fonte,Fonte grise,50,154.5,1957,-1629.5,-2857.0,-1670.4,-2708.1
MAR00004,Plastique,PVC collé,150,114.1,1985,-1670.4,-2708.1,-1564.1,-2666.7
MAR00005,Ciment,Amiante-ciment,250,139.0,1957,-1670.4,-2708.1,-1702.8,-2572.9
MAR00006,Fonte,Fonte grise,200,110.4,1944,-1702.8,-2572.9,-1595.8,-2545.7
MAR00007,Fonte,Fonte ductile,300,145.7,2001,-1702.8,-2572.9,-1751.3,-2435.5
MAR00008,Fonte,Fonte grise,40,90.3,1975,-1751.3,-2435.5,-1671.3,-2477.3
MAR00009,Plastique,PVC collé,100,147.3,1979,-1751.3,-2435.5,-1870.3,-2348.6
MAR00010,Plastique,PVC collé,100,152.4,1985,-1870.3,-2348.6,-1717.9,-2352.2
MAR00011,Fonte,Fonte grise,200,188.4,1973,-1870.3,-2348.6,-1864.6,-2160.3
MAR00012,Fonte,Fonte ductile,200,143.6,2012,-1864.6,-2160.3,-1724.2,-2190.5
MAR00013,Fonte,Fonte ductile,32,90.6,2015,-1864.6,-2160.3,-1948.7,-2126.7
MAR00014,Plastique,PVC collé,63,176.7,1960,-1948.7,-2126.7,-1826.0,-1999.6
MAR00015,Fonte,Fonte grise,40,154.6,1951,-1948.7,-2126.7,-1947.6,-1972.1
MAR00016,Plastique,PEHD,125,94.9,2021,-1947.6,-1972.1,-1911.3,-1884.5
MAR00017,Acier,Acier,400,192.5,1975,-2088.7,-1824.2,-1898.2,-1796.8
MAR00018,Plastique,PVC collé,600,133.3,1966,-2088.7,-1824.2,-2052.5,-1695.9
MAR00019,Plastique,PVC,200,137.5,2000,-2052.5,-1695.9,-1970.3,-1585.7
MAR00020,Plastique,PVC collé,100,191.7,1976,-2052.5,-1695.9,-2150.5,-1531.1
MAR00021,Fonte,Fonte ductile,50,150.8,1990,-2150.5,-1531.1,-2001.4,-1508.9
MAR00022,Acier,Acier,80,127.5,1962,-2150.5,-1531.1,-2220.7,-1424.7
MAR00023,Plastique,PEHD,100,180.7,1996,-2220.7,-1424.7,-2041.2,-1404.7
MAR00024,Fonte,Fonte grise,200,87.2,1938,-2220.7,-1424.7,-2244.6,-1340.8
MAR00025,Plastique,PEHD,50,183.8,1995,-2244.6,-1340.8,-2105.1,-1221.1
MAR00026,Plastique,PVC collé,200,204.1,1960,-2244.6,-1340.8,-2306.7,-1146.4
MAR00027,Plastique,PVC,150,89.3,1989,-2306.7,-1146.4,-2360.0,-1074.8
MAR00028,Fonte,Fonte ductile,32,137.9,1985,-2360.0,-1074.8,-2429.3,-955.6
MAR00029,Fonte,Fonte ductile,80,128.7,2014,-2429.3,-955.6,-2314.8,-897.0
MAR00030,Fonte,Fonte ductile,150,219.5,2011,-2429.3,-955.6,-2463.4,-738.8
MAR00031,Fonte,Fonte ductile,63,111.8,2003,-2463.4,-738.8,-2353.9,-761.4
MAR00032,Fonte,Fonte ductile,400,100.3,1993,-2463.4,-738.8,-2486.9,-641.2
MAR00033,Plastique,PVC collé,80,77.4,1985,-2486.9,-641.2,-2434.7,-584.1
MAR00034,Plastique,PVC,150,167.6,1980,-2589.0,-465.8,-2431.3,-409.0
MAR00035,Plastique,PEHD,50,107.6,1995,-2589.0,-465.8,-2661.5,-386.3
MAR00036,Plastique,PVC collé,63,141.8,1968,-2661.5,-386.3,-2694.6,-248.4
MAR00037,Acier,Acier,63,180.3,1950,-2694.6,-248.4,-2521.4,-198.1
MAR00038,Plastique,PVC collé,80,126.8,1960,-2694.6,-248.4,-2758.0,-138.6
MAR00039,Ciment,Amiante-ciment,250,184.1,1979,-2758.0,-138.6,-2607.1,-33.0
MAR00040,Plastique,PVC,125,157.1,1998,-2758.0,-138.6,-2754.5,18.4
MAR00041,Fonte,Fonte grise,150,96.2,1948,-2754.5,18.4,-2697.6,96.0
MAR00042,Fonte,Fonte ductile,80,208.1,1984,-2754.5,18.4,-2875.4,187.8
MAR00043,Fonte,Fonte ductile,250,180.5,1970,-2875.4,187.8,-2706.5,251.6
MAR00044,Plastique,PVC collé,200,86.2,1982,-2875.4,187.8,-2868.5,273.8
MAR00045,Acier,Acier,32,130.9,1957,-2868.5,273.8,-2760.5,347.7
MAR00046,Plastique,PEHD,150,145.9,2003,-2868.5,273.8,-2948.9,395.5
MAR00047,Fonte,Fonte ductile,125,174.9,1970,-2948.9,395.5,-3044.7,541.8
MAR00048,Fonte,Fonte ductile,125,220.5,1996,-3044.7,541.8,-2852.2,649.3
MAR00049,Fonte,Fonte grise,50,126.7,1975,-3044.7,541.8,-3026.6,667.2
MAR00050,Plastique,PVC collé,125,159.5,1983,-3026.6,667.2,-2880.3,730.7
MAR00051,Fonte,Fonte grise,100,186.4,1948,-3134.5,819.1,-2949.2,839.1
MAR00052,Plastique,PVC collé,100,166.2,1975,-3134.5,819.1,-3156.1,983.9
MAR00053,Plastique,PEHD,50,134.7,2022,-3156.1,983.9,-3021.9,995.2
MAR00054,Fonte,Fonte ductile,125,122.3,1989,-3156.1,983.9,-3187.8,1102.0
MAR00055,Plastique,PVC collé,32,110.4,1985,-3187.8,1102.0,-3080.5,1076.2
MAR00056,Plastique,PVC,125,134.2,2012,-1455.9,-3005.6,-1356.6,-2915.4
MAR00057,Plastique,PVC collé,250,177.4,1985,-1455.9,-3005.6,-1444.6,-2828.5
MAR00058,Plastique,PVC,100,55.2,2007,-1444.6,-2828.5,-1395.8,-2802.9
MAR00059,Plastique,PVC,200,201.2,2000,-1444.6,-2828.5,-1564.1,-2666.7
MAR00060,Plastique,PVC,50,158.2,2003,-1564.1,-2666.7,-1417.8,-2606.5
MAR00061,Fonte,Fonte ductile,600,125.1,1998,-1564.1,-2666.7,-1595.8,-2545.7
MAR00062,Plastique,PEHD,125,153.6,2024,-1595.8,-2545.7,-1469.6,-2458.1
MAR00063,Fonte,Fonte ductile,600,228.8,1978,-1671.3,-2477.3,-1507.4,-2317.7
MAR00064,Plastique,PVC,100,133.6,1995,-1671.3,-2477.3,-1717.9,-2352.2
MAR00065,Fonte,Fonte ductile,100,161.8,2015,-1717.9,-2352.2,-1724.2,-2190.5
MAR00066,Plastique,PEHD,100,127.2,1995,-1724.2,-2190.5,-1605.9,-2143.8
MAR00067,Ciment,Amiante-ciment,32,216.3,1955,-1724.2,-2190.5,-1826.0,-1999.6
MAR00068,Plastique,PEHD,32,100.5,1995,-1826.0,-1999.6,-1730.4,-1968.6
MAR00069,Fonte,Fonte ductile,100,143.2,1997,-1826.0,-1999.6,-1911.3,-1884.5
MAR00070,Fonte,Fonte grise,125,156.7,1954,-1911.3,-1884.5,-1755.2,-1870.6
MAR00071,Plastique,PVC,250,88.7,2008,-1911.3,-1884.5,-1898.2,-1796.8
MAR00072,Fonte,Fonte ductile,200,223.0,2015,-1898.2,-1796.8,-1970.3,-1585.7
MAR00073,Fonte,Fonte grise,250,133.8,1938,-1970.3,-1585.7,-1847.8,-1639.6
MAR00074,Plastique,PVC collé,63,111.6,1985,-2001.4,-1508.9,-2041.2,-1404.7
MAR00075,Fonte,Fonte ductile,250,78.6,2015,-2041.2,-1404.7,-1967.0,-1378.5
MAR00076,Plastique,PEHD,50,194.4,2007,-2041.2,-1404.7,-2105.1,-1221.1
MAR00077,Fonte,Fonte grise,250,120.4,1959,-2105.1,-1221.1,-1986.9,-1198.4
MAR00078,Fonte,Fonte grise,200,102.8,1975,-2105.1,-1221.1,-2160.4,-1134.5
MAR00079,Fonte,Fonte grise,63,162.1,1944,-2160.4,-1134.5,-2026.2,-1043.6
MAR00080,Plastique,PVC collé,100,140.9,1985,-2160.4,-1134.5,-2217.1,-1005.4
MAR00081,Plastique,PVC collé,150,131.1,1985,-2217.1,-1005.4,-2103.8,-939.6
MAR00082,Fonte,Fonte grise,200,146.0,1951,-2217.1,-1005.4,-2314.8,-897.0
MAR00083,Plastique,PVC,150,202.4,2020,-2314.8,-897.0,-2129.9,-814.6
MAR00084,Fonte,Fonte grise,63,141.1,1962,-2314.8,-897.0,-2353.9,-761.4
MAR00085,Plastique,PVC collé,125,211.3,1985,-2353.9,-761.4,-2195.6,-621.3
MAR00086,Plastique,PVC,125,194.8,2012,-2353.9,-761.4,-2434.7,-584.1
MAR00087,Fonte,Fonte ductile,250,124.9,1970,-2434.7,-584.1,-2316.2,-544.6
MAR00088,Fonte,Fonte grise,250,175.2,1942,-2434.7,-584.1,-2431.3,-409.0
MAR00089,Fonte,Fonte ductile,250,83.0,1981,-2431.3,-409.0,-2348.5,-413.5
MAR00090,Fonte,Fonte ductile,32,71.3,2005,-2462.7,-310.5,-2396.6,-283.8
MAR00091,Fonte,Fonte ductile,150,126.8,2015,-2462.7,-310.5,-2521.4,-198.1
MAR00092,Plastique,PVC,150,114.5,2011,-2521.4,-198.1,-2434.4,-123.7
MAR00093,Plastique,PVC collé,150,186.0,1960,-2521.4,-198.1,-2607.1,-33.0
MAR00094,Plastique,PEHD,125,132.9,2011,-2607.1,-33.0,-2475.8,-53.5
MAR00095,Plastique,PEHD,80,157.6,1995,-2607.1,-33.0,-2697.6,96.0
MAR00096,Plastique,PVC collé,125,120.6,1973,-2697.6,96.0,-2579.6,120.6
MAR00097,Plastique,PVC,40,155.8,1995,-2697.6,96.0,-2706.5,251.6
MAR00098,Plastique,PVC,125,135.7,1980,-2706.5,251.6,-2571.0,259.0
MAR00099,Plastique,PVC collé,250,110.2,1978,-2706.5,251.6,-2760.5,347.7
MAR00100,Fonte,Fonte ductile,250,159.3,1994,-2760.5,347.7,-2627.6,435.4
MAR00101,Fonte,Fonte grise,63,110.4,1949,-2760.5,347.7,-2776.5,456.9
MAR00102,Fonte,Fonte ductile,300,50.3,1970,-2776.5,456.9,-2734.6,484.6
MAR00103,Fonte,Fonte grise,125,109.9,1930,-2852.2,649.3,-2748.4,685.3
MAR00104,Plastique,PVC,80,75.2,2020,-2880.3,730.7,-2810.0,757.5
MAR00105,Fonte,Fonte ductile,40,128.5,1996,-2880.3,730.7,-2949.2,839.1
MAR00106,Fonte,Fonte ductile,600,107.5,1974,-2949.2,839.1,-2901.6,935.5
MAR00107,Fonte,Fonte grise,100,172.2,1975,-2949.2,839.1,-3021.9,995.2
MAR00108,Fonte,Fonte ductile,32,134.5,1988,-3021.9,995.2,-2900.6,1053.4
MAR00109,Plastique,PVC,50,100.0,1980,-3021.9,995.2,-3080.5,1076.2
MAR00110,Fonte,Fonte grise,40,143.5,1946,-1356.6,-2915.4,-1232.1,-2844.0
MAR00111,Acier,Acier,50,119.2,1990,-1356.6,-2915.4,-1395.8,-2802.9
MAR00112,Ciment,Amiante-ciment,40,193.0,1958,-1395.8,-2802.9,-1247.6,-2679.2
MAR00113,Fonte,Fonte grise,50,197.6,1961,-1395.8,-2802.9,-1417.8,-2606.5
MAR00114,Plastique,PVC collé,150,157.2,1960,-1417.8,-2606.5,-1469.6,-2458.1
MAR00115,Fonte,Fonte ductile,200,160.5,2006,-1469.6,-2458.1,-1309.1,-2458.6
MAR00116,Fonte,Fonte ductile,150,145.5,2009,-1469.6,-2458.1,-1507.4,-2317.7
MAR00117,Plastique,PVC,300,73.1,1980,-1507.4,-2317.7,-1436.3,-2334.5
MAR00118,Plastique,PEHD,125,84.5,2024,-1507.4,-2317.7,-1588.8,-2294.8
MAR00119,Fonte,Fonte ductile,100,198.8,1993,-1588.8,-2294.8,-1423.7,-2184.1
MAR00120,Fonte,Fonte ductile,100,151.9,1982,-1588.8,-2294.8,-1605.9,-2143.8
MAR00121,Fonte,Fonte grise,80,215.0,1975,-1605.9,-2143.8,-1730.4,-1968.6
MAR00122,Plastique,PVC,250,155.4,2001,-1730.4,-1968.6,-1580.9,-1926.2
MAR00123,Plastique,PVC,40,186.3,1982,-1755.2,-1870.6,-1573.5,-1829.3
MAR00124,Plastique,PVC collé,250,108.1,1968,-1755.2,-1870.6,-1783.2,-1766.2
MAR00125,Ciment,Amiante-ciment,500,145.9,1955,-1783.2,-1766.2,-1648.7,-1709.5
MAR00126,Plastique,PEHD,400,142.1,2009,-1783.2,-1766.2,-1847.8,-1639.6
MAR00127,Plastique,PVC collé,125,122.5,1985,-1847.8,-1639.6,-1734.0,-1594.1
MAR00128,Fonte,Fonte grise,40,234.3,1946,-1847.8,-1639.6,-1882.3,-1407.9
MAR00129,Plastique,PEHD,125,89.6,2012,-1882.3,-1407.9,-1967.0,-1378.5
MAR00130,Fonte,Fonte ductile,400,130.9,1981,-1967.0,-1378.5,-1855.0,-1310.6
MAR00131,Plastique,PVC,32,181.2,1980,-1967.0,-1378.5,-1986.9,-1198.4
MAR00132,Fonte,Fonte grise,200,159.6,1945,-1986.9,-1198.4,-2026.2,-1043.6
MAR00133,Plastique,PVC collé,63,72.3,1981,-2026.2,-1043.6,-1954.3,-1051.3
MAR00134,Acier,Acier,100,129.8,1990,-2026.2,-1043.6,-2103.8,-939.6
MAR00135,Fonte,Fonte grise,40,116.3,1975,-2103.8,-939.6,-1988.6,-923.7
MAR00136,Plastique,PVC,100,127.7,1999,-2103.8,-939.6,-2129.9,-814.6
MAR00137,Fonte,Fonte grise,125,59.8,1975,-2129.9,-814.6,-2085.5,-774.6
MAR00138,Fonte,Fonte grise,150,204.1,1930,-2129.9,-814.6,-2195.6,-621.3
MAR00139,Plastique,PVC collé,50,48.9,1960,-2195.6,-621.3,-2151.2,-600.8
MAR00140,Fonte,Fonte grise,100,133.4,1937,-2316.2,-544.6,-2187.5,-509.3
MAR00141,Plastique,PEHD,200,135.0,1995,-2316.2,-544.6,-2348.5,-413.5
MAR00142,Plastique,PVC collé,200,125.2,1962,-2348.5,-413.5,-2228.3,-378.2
MAR00143,Plastique,PVC collé,50,138.3,1967,-2348.5,-413.5,-2396.6,-283.8
MAR00144,Acier,Acier,32,119.1,1989,-2396.6,-283.8,-2292.1,-226.7
MAR00145,Plastique,PVC collé,100,164.6,1979,-2396.6,-283.8,-2434.4,-123.7
MAR00146,Plastique,PVC collé,63,89.2,1985,-2434.4,-123.7,-2366.7,-65.7
MAR00147,Plastique,PVC,125,81.5,1980,-2434.4,-123.7,-2475.8,-53.5
MAR00148,Fonte,Fonte ductile,100,141.6,2009,-2475.8,-53.5,-2387.5,57.2
MAR00149,Fonte,Fonte ductile,250,202.6,1984,-2475.8,-53.5,-2579.6,120.6
MAR00150,Fonte,Fonte grise,150,192.9,1953,-2579.6,120.6,-2392.3,167.0
MAR00151,Fonte,Fonte ductile,150,138.7,1999,-2579.6,120.6,-2571.0,259.0
MAR00152,Fonte,Fonte ductile,100,116.7,2015,-2571.0,259.0,-2473.6,323.2
MAR00153,Fonte,Fonte grise,200,185.2,1969,-2571.0,259.0,-2627.6,435.4
MAR00154,Fonte,Fonte ductile,80,91.6,1991,-2627.6,435.4,-2538.6,457.1
MAR00155,Plastique,PVC collé,150,117.8,1960,-2627.6,435.4,-2734.6,484.6
MAR00156,Plastique,PVC,100,162.8,1980,-2734.6,484.6,-2601.7,578.6
MAR00157,Plastique,PVC collé,100,201.2,1967,-2734.6,484.6,-2748.4,685.3
MAR00158,Plastique,PVC,63,167.2,2012,-2748.4,685.3,-2581.3,679.4
MAR00159,Fonte,Fonte grise,200,94.9,1953,-2748.4,685.3,-2810.0,757.5
MAR00160,Plastique,PVC,200,200.2,1996,-2810.0,757.5,-2901.6,935.5
MAR00161,Fonte,Fonte ductile,125,165.5,1999,-2901.6,935.5,-2750.5,1003.1
MAR00162,Fonte,Fonte grise,150,117.9,1950,-2901.6,935.5,-2900.6,1053.4
MAR00163,Fonte,Fonte ductile,125,80.4,1994,-2900.6,1053.4,-2828.6,1089.1
MAR00164,Fonte,Fonte grise,150,101.7,1963,-2900.6,1053.4,-2963.7,1133.2
MAR00165,Fonte,Fonte grise,80,121.5,1953,-1232.1,-2844.0,-1115.5,-2809.8
MAR00166,Plastique,PEHD,150,165.5,1995,-1232.1,-2844.0,-1247.6,-2679.2
MAR00167,Fonte,Fonte ductile,125,149.8,1993,-1247.6,-2679.2,-1108.4,-2623.6
MAR00168,Plastique,PVC collé,125,139.7,1970,-1247.6,-2679.2,-1294.1,-2547.4
MAR00169,Plastique,PVC collé,400,132.2,1966,-1294.1,-2547.4,-1161.9,-2549.6
MAR00170,Fonte,Fonte ductile,150,90.1,2000,-1294.1,-2547.4,-1309.1,-2458.6
MAR00171,Fonte,Fonte ductile,50,62.6,2013,-1309.1,-2458.6,-1269.4,-2410.2
MAR00172,Fonte,Fonte ductile,32,155.8,1994,-1436.3,-2334.5,-1282.5,-2309.2
MAR00173,Plastique,PVC collé,400,86.0,1960,-1423.7,-2184.1,-1350.4,-2139.0
MAR00174,Fonte,Fonte grise,200,127.0,1961,-1423.7,-2184.1,-1480.1,-2070.3
MAR00175,Plastique,PEHD,80,102.2,1995,-1480.1,-2070.3,-1423.7,-1985.1
MAR00176,Fonte,Fonte ductile,125,175.8,2004,-1480.1,-2070.3,-1580.9,-1926.2
MAR00177,Fonte,Fonte ductile,32,176.4,1986,-1580.9,-1926.2,-1407.2,-1895.8
MAR00178,Fonte,Fonte ductile,50,97.2,2015,-1580.9,-1926.2,-1573.5,-1829.3
MAR00179,Plastique,PEHD,500,141.4,1995,-1573.5,-1829.3,-1648.7,-1709.5
MAR00180,Fonte,Fonte grise,32,85.3,1945,-1648.7,-1709.5,-1573.4,-1669.5
MAR00181,Plastique,PVC,250,143.5,1981,-1648.7,-1709.5,-1734.0,-1594.1
MAR00182,Fonte,Fonte grise,150,129.0,1955,-1734.0,-1594.1,-1638.2,-1507.8
MAR00183,Fonte,Fonte grise,400,239.2,1937,-1734.0,-1594.1,-1801.4,-1364.6
MAR00184,Plastique,PEHD,600,162.2,2000,-1801.4,-1364.6,-1640.1,-1381.7
MAR00185,Fonte,Fonte grise,100,76.1,1930,-1801.4,-1364.6,-1855.0,-1310.6
MAR00186,Fonte,Fonte ductile,100,183.0,1989,-1855.0,-1310.6,-1694.9,-1221.9
MAR00187,Plastique,PVC,80,190.7,1980,-1855.0,-1310.6,-1896.7,-1124.6
MAR00188,Fonte,Fonte grise,80,179.7,1960,-1896.7,-1124.6,-1717.6,-1109.1
MAR00189,Plastique,PVC collé,150,93.3,1960,-1896.7,-1124.6,-1954.3,-1051.3
MAR00190,Plastique,PVC,250,185.0,1980,-1954.3,-1051.3,-1828.9,-915.3
MAR00191,Fonte,Fonte ductile,600,132.1,1984,-1954.3,-1051.3,-1988.6,-923.7
MAR00192,Plastique,PVC collé,500,161.1,1967,-1988.6,-923.7,-1848.8,-843.7
MAR00193,Fonte,Fonte ductile,63,177.8,2003,-1988.6,-923.7,-2085.5,-774.6
MAR00194,Plastique,PVC,250,152.7,2011,-2085.5,-774.6,-1959.1,-688.9
MAR00195,Plastique,PEHD,50,185.8,1995,-2085.5,-774.6,-2151.2,-600.8
MAR00196,Fonte,Fonte grise,32,163.5,1975,-2151.2,-600.8,-1994.8,-553.0
MAR00197,Plastique,PVC,80,98.4,1997,-2151.2,-600.8,-2187.5,-509.3
MAR00198,Fonte,Fonte ductile,100,166.0,2011,-2187.5,-509.3,-2024.5,-477.9
MAR00199,Fonte,Fonte ductile,80,164.4,1989,-2228.3,-378.2,-2292.1,-226.7
MAR00200,Plastique,PEHD,100,196.5,1995,-2292.1,-226.7,-2113.4,-144.8
MAR00201,Fonte,Fonte ductile,250,177.4,1977,-2292.1,-226.7,-2366.7,-65.7
MAR00202,Plastique,PVC collé,50,148.7,1960,-2366.7,-65.7,-2218.8,-80.7
MAR00203,Fonte,Fonte ductile,200,124.6,1978,-2366.7,-65.7,-2387.5,57.2
MAR00204,Plastique,PVC,600,127.6,1993,-2387.5,57.2,-2261.7,78.7
MAR00205,Fonte,Fonte grise,32,109.9,1960,-2387.5,57.2,-2392.3,167.0
MAR00206,Fonte,Fonte ductile,100,93.6,1998,-2392.3,167.0,-2326.3,233.4
MAR00207,Plastique,PVC,200,176.1,1990,-2392.3,167.0,-2473.6,323.2
MAR00208,Plastique,PVC collé,50,159.8,1962,-2473.6,323.2,-2316.3,351.5
MAR00209,Plastique,PVC,80,148.8,1980,-2473.6,323.2,-2538.6,457.1
MAR00210,Fonte,Fonte grise,125,111.8,1949,-2538.6,457.1,-2427.0,464.1
MAR00211,Fonte,Fonte ductile,63,102.8,2010,-2601.7,578.6,-2581.3,679.4
MAR00212,Plastique,PVC collé,125,133.7,1985,-2581.3,679.4,-2508.0,791.3
MAR00213,Plastique,PEHD,63,181.6,2006,-2581.3,679.4,-2716.4,800.8
MAR00214,Fonte,Fonte grise,125,157.6,1959,-2716.4,800.8,-2570.2,859.7
MAR00215,Fonte,Fonte ductile,32,205.1,1991,-2716.4,800.8,-2750.5,1003.1
MAR00216,Plastique,PVC collé,250,175.0,1969,-2750.5,1003.1,-2576.8,1024.5
MAR00217,Fonte,Fonte ductile,300,116.1,1987,-2750.5,1003.1,-2828.6,1089.1
MAR00218,Plastique,PVC collé,80,164.6,1960,-2828.6,1089.1,-2846.6,1252.7
MAR00219,Fonte,Fonte ductile,150,145.5,1993,-2846.6,1252.7,-2712.5,1309.2
MAR00220,Fonte,Fonte ductile,80,216.3,1998,-1115.5,-2809.8,-916.0,-2726.2
MAR00221,Fonte,Fonte ductile,150,186.3,2015,-1115.5,-2809.8,-1108.4,-2623.6
MAR00222,Plastique,PVC,50,132.8,2010,-1108.4,-2623.6,-981.4,-2585.2
MAR00223,Fonte,Fonte ductile,250,91.4,2004,-1108.4,-2623.6,-1161.9,-2549.6
MAR00224,Fonte,Fonte ductile,63,107.1,2015,-1161.9,-2549.6,-1059.1,-2519.6
MAR00225,Acier,Acier,150,176.0,1990,-1161.9,-2549.6,-1269.4,-2410.2
MAR00226,Plastique,PEHD,125,101.9,2022,-1269.4,-2410.2,-1282.5,-2309.2
MAR00227,Fonte,Fonte grise,125,146.0,1959,-1282.5,-2309.2,-1169.5,-2216.8
MAR00228,Fonte,Fonte grise,63,183.2,1938,-1282.5,-2309.2,-1350.4,-2139.0
MAR00229,Fonte,Fonte ductile,100,133.1,2015,-1350.4,-2139.0,-1217.6,-2149.2
MAR00230,Fonte,Fonte ductile,250,170.5,2015,-1350.4,-2139.0,-1423.7,-1985.1
MAR00231,Fonte,Fonte grise,80,141.5,1967,-1423.7,-1985.1,-1283.2,-1968.0
MAR00232,Plastique,PVC collé,150,90.7,1985,-1423.7,-1985.1,-1407.2,-1895.8
MAR00233,Fonte,Fonte grise,40,142.9,1975,-1407.2,-1895.8,-1275.2,-1841.2
MAR00234,Plastique,PEHD,32,117.1,1995,-1466.1,-1727.7,-1371.9,-1658.1
MAR00235,Fonte,Fonte grise,150,122.0,1930,-1466.1,-1727.7,-1573.4,-1669.5
MAR00236,Plastique,PEHD,80,203.5,2008,-1573.4,-1669.5,-1418.1,-1537.9
MAR00237,Fonte,Fonte grise,150,174.3,1946,-1573.4,-1669.5,-1638.2,-1507.8
MAR00238,Fonte,Fonte ductile,100,151.3,2015,-1638.2,-1507.8,-1494.4,-1460.7
MAR00239,Fonte,Fonte ductile,250,126.1,2003,-1638.2,-1507.8,-1640.1,-1381.7
MAR00240,Fonte,Fonte ductile,100,117.5,2007,-1694.9,-1221.9,-1587.0,-1175.4
MAR00241,Acier,Acier,100,115.1,1950,-1694.9,-1221.9,-1717.6,-1109.1
MAR00242,Fonte,Fonte grise,200,223.5,1930,-1717.6,-1109.1,-1828.9,-915.3
MAR00243,Plastique,PVC,150,74.3,1980,-1828.9,-915.3,-1848.8,-843.7
MAR00244,Plastique,PVC collé,125,148.3,1964,-1848.8,-843.7,-1721.1,-768.2
MAR00245,Ciment,Amiante-ciment,80,190.0,1955,-1848.8,-843.7,-1959.1,-688.9
MAR00246,Plastique,PEHD,200,136.1,2022,-1959.1,-688.9,-1823.2,-696.6
MAR00247,Plastique,PEHD,63,140.6,2001,-1959.1,-688.9,-1994.8,-553.0
MAR00248,Acier,Acier,100,102.3,1962,-1994.8,-553.0,-1898.5,-518.7
MAR00249,Fonte,Fonte grise,400,80.8,1943,-1994.8,-553.0,-2024.5,-477.9
MAR00250,Plastique,PVC,100,187.3,1980,-2024.5,-477.9,-2048.7,-292.2
MAR00251,Fonte,Fonte ductile,125,116.0,2015,-2048.7,-292.2,-1940.7,-249.7
MAR00252,Plastique,PVC collé,63,160.9,1985,-2048.7,-292.2,-2113.4,-144.8
MAR00253,Plastique,PVC collé,200,87.8,1985,-2113.4,-144.8,-2025.6,-144.8
MAR00254,Fonte,Fonte ductile,50,123.3,1992,-2113.4,-144.8,-2218.8,-80.7
MAR00255,Fonte,Fonte grise,50,165.1,1930,-2218.8,-80.7,-2261.7,78.7
MAR00256,Acier,Acier,125,115.6,1968,-2261.7,78.7,-2162.2,137.6
MAR00257,Plastique,PEHD,50,167.6,2024,-2261.7,78.7,-2326.3,233.4
MAR00258,Plastique,PEHD,150,146.7,1995,-2326.3,233.4,-2186.9,279.1
MAR00259,Fonte,Fonte grise,100,118.5,1951,-2326.3,233.4,-2316.3,351.5
MAR00260,Acier,Acier,200,149.1,1951,-2316.3,351.5,-2169.6,378.4
MAR00261,Plastique,PEHD,300,157.9,2019,-2316.3,351.5,-2427.0,464.1
MAR00262,Plastique,PVC,250,124.6,1980,-2427.0,464.1,-2314.3,517.2
MAR00263,Fonte,Fonte ductile,32,90.6,1975,-2433.3,651.9,-2361.7,707.3
MAR00264,Fonte,Fonte grise,250,158.1,1942,-2433.3,651.9,-2508.0,791.3
MAR00265,Plastique,PVC collé,200,81.2,1962,-2508.0,791.3,-2427.6,779.9
MAR00266,Fonte,Fonte ductile,125,92.5,2015,-2508.0,791.3,-2570.2,859.7
MAR00267,Fonte,Fonte ductile,250,152.3,1973,-2570.2,859.7,-2425.3,906.7
MAR00268,Plastique,PVC collé,32,165.0,1985,-2570.2,859.7,-2576.8,1024.5
MAR00269,Plastique,PEHD,80,67.6,2009,-2576.8,1024.5,-2511.0,1040.1
MAR00270,Plastique,PVC,125,166.7,1980,-2576.8,1024.5,-2654.7,1172.0
MAR00271,Plastique,PVC,250,105.9,1985,-2654.7,1172.0,-2555.5,1135.0
MAR00272,Plastique,PEHD,80,148.9,2024,-2654.7,1172.0,-2712.5,1309.2
MAR00273,Fonte,Fonte ductile,40,155.4,1991,-916.0,-2726.2,-981.4,-2585.2
MAR00274,Acier,Acier,32,119.4,1967,-981.4,-2585.2,-873.1,-2534.7
MAR00275,Fonte,Fonte grise,400,101.7,1951,-981.4,-2585.2,-1059.1,-2519.6
MAR00276,Fonte,Fonte grise,50,147.1,1940,-1059.1,-2519.6,-941.4,-2431.4
MAR00277,Plastique,PVC collé,150,173.3,1985,-1059.1,-2519.6,-1072.9,-2346.9
MAR00278,Plastique,PVC collé,80,110.4,1978,-1072.9,-2346.9,-965.3,-2322.1
MAR00279,Plastique,PVC,40,162.0,1980,-1072.9,-2346.9,-1169.5,-2216.8
MAR00280,Fonte,Fonte grise,200,92.9,1932,-1169.5,-2216.8,-1079.8,-2192.5
MAR00281,Fonte,Fonte ductile,100,83.0,1997,-1169.5,-2216.8,-1217.6,-2149.2
MAR00282,Plastique,PEHD,100,192.7,2001,-1217.6,-2149.2,-1283.2,-1968.0
MAR00283,Plastique,PVC collé,200,179.4,1985,-1283.2,-1968.0,-1118.4,-1897.4
MAR00284,Fonte,Fonte grise,250,127.1,1930,-1283.2,-1968.0,-1275.2,-1841.2
MAR00285,Plastique,PVC,150,78.8,1986,-1275.2,-1841.2,-1232.8,-1774.8
MAR00286,Acier,Acier,200,207.1,1961,-1275.2,-1841.2,-1371.9,-1658.1
MAR00287,Plastique,PVC collé,200,86.5,1960,-1371.9,-1658.1,-1286.3,-1645.9
MAR00288,Fonte,Fonte ductile,100,128.7,2001,-1371.9,-1658.1,-1418.1,-1537.9
MAR00289,Fonte,Fonte grise,200,150.2,1946,-1418.1,-1537.9,-1276.9,-1486.6
MAR00290,Plastique,PVC collé,63,108.6,1965,-1418.1,-1537.9,-1494.4,-1460.7
MAR00291,Fonte,Fonte ductile,250,204.1,1970,-1494.4,-1460.7,-1593.5,-1282.2
MAR00292,Acier,Acier,125,107.0,1960,-1593.5,-1282.2,-1587.0,-1175.4
MAR00293,Plastique,PEHD,80,140.9,1995,-1587.0,-1175.4,-1476.4,-1088.2
MAR00294,Fonte,Fonte grise,80,106.2,1954,-1587.0,-1175.4,-1646.9,-1087.7
MAR00295,Plastique,PVC,200,145.1,1980,-1646.9,-1087.7,-1546.4,-983.0
MAR00296,Fonte,Fonte ductile,250,146.4,2007,-1646.9,-1087.7,-1647.1,-941.3
MAR00297,Fonte,Fonte ductile,50,108.0,1988,-1647.1,-941.3,-1570.9,-864.7
MAR00298,Fonte,Fonte ductile,400,188.3,2004,-1647.1,-941.3,-1721.1,-768.2
MAR00299,Fonte,Fonte grise,125,101.8,1939,-1721.1,-768.2,-1652.2,-693.3
MAR00300,Fonte,Fonte ductile,50,124.6,1985,-1721.1,-768.2,-1823.2,-696.6
MAR00301,Fonte,Fonte grise,200,193.2,1943,-1823.2,-696.6,-1898.5,-518.7
MAR00302,Plastique,PEHD,63,140.2,1995,-1898.5,-518.7,-1762.7,-484.1
MAR00303,Fonte,Fonte ductile,400,97.2,1970,-1898.5,-518.7,-1871.3,-425.4
MAR00304,Plastique,PEHD,200,154.3,2007,-1871.3,-425.4,-1790.4,-294.0
MAR00305,Acier,Acier,150,87.9,1954,-1940.7,-249.7,-1853.2,-257.6
MAR00306,Plastique,PVC,250,135.0,2018,-1940.7,-249.7,-2025.6,-144.8
MAR00307,Fonte,Fonte ductile,100,196.3,1996,-2025.6,-144.8,-1872.6,-21.8
MAR00308,Fonte,Fonte grise,150,128.4,1961,-2025.6,-144.8,-2060.5,-21.2
MAR00309,Fonte,Fonte ductile,80,129.4,1992,-2060.5,-21.2,-1990.6,87.6
MAR00310,Fonte,Fonte grise,300,188.6,1930,-2060.5,-21.2,-2162.2,137.6
MAR00311,Fonte,Fonte ductile,80,163.2,2006,-2162.2,137.6,-2012.8,203.3
MAR00312,Plastique,PVC collé,600,143.6,1985,-2162.2,137.6,-2186.9,279.1
MAR00313,Fonte,Fonte ductile,150,101.5,2000,-2186.9,279.1,-2101.0,333.0
MAR00314,Fonte,Fonte ductile,200,100.8,1970,-2186.9,279.1,-2169.6,378.4
MAR00315,Plastique,PEHD,80,107.3,2024,-2169.6,378.4,-2146.4,483.2
MAR00316,Fonte,Fonte ductile,80,200.5,1978,-2169.6,378.4,-2314.3,517.2
MAR00317,Fonte,Fonte ductile,63,166.5,2013,-2314.3,517.2,-2165.7,592.3
MAR00318,Fonte,Fonte grise,63,98.1,1932,-2361.7,707.3,-2427.6,779.9
MAR00319,Plastique,PVC collé,250,193.7,1965,-2427.6,779.9,-2258.6,874.5
MAR00320,Fonte,Fonte ductile,250,126.9,2002,-2427.6,779.9,-2425.3,906.7
MAR00321,Fonte,Fonte ductile,63,174.6,1975,-2425.3,906.7,-2279.1,1002.2
MAR00322,Fonte,Fonte grise,63,158.5,1975,-2425.3,906.7,-2511.0,1040.1
MAR00323,Acier,Acier,150,153.3,1989,-2511.0,1040.1,-2397.3,1142.9
MAR00324,Fonte,Fonte ductile,250,104.8,2015,-2511.0,1040.1,-2555.5,1135.0
MAR00325,Plastique,PEHD,200,206.6,1995,-2555.5,1135.0,-2380.0,1244.1
MAR00326,Plastique,PVC,100,205.0,1980,-2555.5,1135.0,-2636.5,1323.3
MAR00327,Fonte,Fonte grise,100,146.8,1975,-2636.5,1323.3,-2496.7,1368.0
MAR00328,Fonte,Fonte grise,200,197.2,1952,-876.2,-2703.7,-702.0,-2611.4
MAR00329,Plastique,PEHD,100,169.1,2017,-876.2,-2703.7,-873.1,-2534.7
MAR00330,Fonte,Fonte grise,125,152.1,1957,-873.1,-2534.7,-733.2,-2475.1
MAR00331,Acier,Acier,250,123.8,1959,-873.1,-2534.7,-941.4,-2431.4
MAR00332,Fonte,Fonte ductile,250,103.7,2004,-941.4,-2431.4,-838.7,-2416.7
MAR00333,Acier,Acier,600,111.9,1976,-941.4,-2431.4,-965.3,-2322.1
MAR00334,Fonte,Fonte grise,40,104.9,1940,-965.3,-2322.1,-897.7,-2241.9
MAR00335,Fonte,Fonte ductile,200,173.0,1971,-965.3,-2322.1,-1079.8,-2192.5
MAR00336,Fonte,Fonte ductile,500,154.3,1988,-1079.8,-2192.5,-931.3,-2150.3
MAR00337,Plastique,PVC collé,100,133.1,1960,-1079.8,-2192.5,-1039.0,-2065.8
MAR00338,Fonte,Fonte ductile,500,127.0,1990,-1039.0,-2065.8,-929.2,-2001.8
MAR00339,Plastique,PVC collé,200,186.2,1960,-1039.0,-2065.8,-1118.4,-1897.4
MAR00340,Fonte,Fonte ductile,150,141.4,1997,-1118.4,-1897.4,-991.7,-1834.6
MAR00341,Plastique,PEHD,150,167.7,1999,-1118.4,-1897.4,-1232.8,-1774.8
MAR00342,Fonte,Fonte ductile,250,139.5,1976,-1232.8,-1774.8,-1286.3,-1645.9
MAR00343,Fonte,Fonte grise,200,133.4,1964,-1286.3,-1645.9,-1152.9,-1645.6
MAR00344,Fonte,Fonte ductile,100,159.5,1979,-1286.3,-1645.9,-1276.9,-1486.6
MAR00345,Ciment,Amiante-ciment,63,48.9,1961,-1276.9,-1486.6,-1230.2,-1472.1
MAR00346,Fonte,Fonte grise,200,85.1,1974,-1343.6,-1377.1,-1258.5,-1379.1
MAR00347,Ciment,Amiante-ciment,63,108.1,1980,-1343.6,-1377.1,-1374.4,-1273.4
MAR00348,Plastique,PEHD,125,67.2,2007,-1374.4,-1273.4,-1321.7,-1231.7
MAR00349,Fonte,Fonte grise,200,211.4,1943,-1374.4,-1273.4,-1476.4,-1088.2
MAR00350,Fonte,Fonte ductile,125,107.8,1991,-1476.4,-1088.2,-1368.6,-1083.1
MAR00351,Fonte,Fonte ductile,150,120.8,1974,-1546.4,-983.0,-1570.9,-864.7
MAR00352,Plastique,PEHD,100,112.3,2024,-1570.9,-864.7,-1459.8,-848.4
MAR00353,Plastique,PVC collé,32,189.7,1960,-1570.9,-864.7,-1652.2,-693.3
MAR00354,Plastique,PVC,200,140.6,2009,-1652.2,-693.3,-1515.0,-724.0
MAR00355,Fonte,Fonte grise,50,62.9,1955,-1652.2,-693.3,-1685.3,-639.8
MAR00356,Plastique,PEHD,125,179.5,2012,-1685.3,-639.8,-1551.2,-520.4
MAR00357,Plastique,PVC,200,173.8,1994,-1685.3,-639.8,-1762.7,-484.1
MAR00358,Plastique,PVC collé,100,192.2,1966,-1762.7,-484.1,-1790.4,-294.0
MAR00359,Fonte,Fonte ductile,150,98.6,1984,-1790.4,-294.0,-1697.4,-326.7
MAR00360,Fonte,Fonte ductile,150,72.5,1987,-1790.4,-294.0,-1853.2,-257.6
MAR00361,Ciment,Amiante-ciment,200,133.6,1960,-1853.2,-257.6,-1758.0,-163.8
MAR00362,Fonte,Fonte ductile,300,236.6,1999,-1853.2,-257.6,-1872.6,-21.8
MAR00363,Fonte,Fonte ductile,250,101.7,1994,-1872.6,-21.8,-1773.9,2.9
MAR00364,Plastique,PEHD,150,194.7,1995,-1990.6,87.6,-1798.2,117.7
MAR00365,Plastique,PVC collé,80,128.1,1960,-2012.8,203.3,-1887.9,232.1
MAR00366,Plastique,PEHD,200,156.9,1995,-2012.8,203.3,-2101.0,333.0
MAR00367,Plastique,PVC collé,32,179.2,1970,-2101.0,333.0,-1922.0,325.6
MAR00368,Plastique,PEHD,150,156.9,2024,-2101.0,333.0,-2146.4,483.2
MAR00369,Plastique,PVC,100,137.7,1993,-2146.4,483.2,-2009.6,498.8
MAR00370,Fonte,Fonte ductile,125,118.4,2012,-2165.7,592.3,-2048.5,575.0
MAR00371,Plastique,PVC,250,120.8,1990,-2165.7,592.3,-2188.0,711.0
MAR00372,Fonte,Fonte ductile,150,82.4,2010,-2188.0,711.0,-2120.0,757.5
MAR00373,Plastique,PEHD,200,178.1,1995,-2188.0,711.0,-2258.6,874.5
MAR00374,Fonte,Fonte grise,250,103.3,1937,-2258.6,874.5,-2160.8,907.8
MAR00375,Ciment,Amiante-ciment,125,129.3,1970,-2258.6,874.5,-2279.1,1002.2
MAR00376,Plastique,PVC collé,100,183.8,1974,-2279.1,1002.2,-2397.3,1142.9
MAR00377,Plastique,PVC,600,127.8,2020,-2397.3,1142.9,-2281.2,1196.5
MAR00378,Acier,Acier,400,102.6,1990,-2397.3,1142.9,-2380.0,1244.1
MAR00379,Fonte,Fonte grise,250,119.0,1950,-2380.0,1244.1,-2275.7,1301.3
MAR00380,Acier,Acier,150,139.8,1958,-702.0,-2611.4,-733.2,-2475.1
MAR00381,Fonte,Fonte grise,200,123.3,1959,-733.2,-2475.1,-611.0,-2458.9
MAR00382,Fonte,Fonte grise,40,120.6,1955,-733.2,-2475.1,-838.7,-2416.7
MAR00383,Fonte,Fonte grise,40,138.1,1968,-838.7,-2416.7,-738.2,-2321.9
MAR00384,Fonte,Fonte ductile,80,173.4,2015,-897.7,-2241.9,-725.2,-2224.4
MAR00385,Plastique,PVC collé,250,97.6,1963,-897.7,-2241.9,-931.3,-2150.3
MAR00386,Fonte,Fonte grise,600,202.0,1953,-931.3,-2150.3,-772.6,-2025.3
MAR00387,Plastique,PVC,40,148.4,1980,-931.3,-2150.3,-929.2,-2001.8
MAR00388,Fonte,Fonte ductile,125,178.6,1985,-929.2,-2001.8,-991.7,-1834.6
MAR00389,Fonte,Fonte ductile,63,136.4,1986,-991.7,-1834.6,-857.2,-1811.9
MAR00390,Plastique,PEHD,125,144.3,1999,-991.7,-1834.6,-1086.6,-1725.9
MAR00391,Fonte,Fonte grise,50,92.3,1930,-1086.6,-1725.9,-1005.0,-1682.9
MAR00392,Plastique,PVC collé,63,181.0,1960,-1152.9,-1645.6,-984.0,-1580.6
MAR00393,Fonte,Fonte ductile,100,189.9,2012,-1152.9,-1645.6,-1230.2,-1472.1
MAR00394,Fonte,Fonte ductile,80,164.3,2008,-1230.2,-1472.1,-1075.0,-1418.2
MAR00395,Plastique,PVC,400,97.2,1998,-1230.2,-1472.1,-1258.5,-1379.1
MAR00396,Plastique,PVC,100,120.6,2014,-1258.5,-1379.1,-1141.8,-1348.8
MAR00397,Plastique,PVC,200,160.4,1980,-1258.5,-1379.1,-1321.7,-1231.7
MAR00398,Acier,Acier,300,164.6,1985,-1321.7,-1231.7,-1163.0,-1188.1
MAR00399,Fonte,Fonte grise,200,155.9,1933,-1321.7,-1231.7,-1368.6,-1083.1
MAR00400,Fonte,Fonte ductile,400,141.7,2015,-1368.6,-1083.1,-1227.0,-1080.6
MAR00401,Fonte,Fonte ductile,100,99.1,1970,-1368.6,-1083.1,-1394.8,-987.5
MAR00402,Fonte,Fonte ductile,40,120.8,1980,-1394.8,-987.5,-1322.2,-891.1
MAR00403,Fonte,Fonte ductile,400,153.5,1978,-1394.8,-987.5,-1459.8,-848.4
MAR00404,Plastique,PVC collé,150,198.6,1983,-1459.8,-848.4,-1294.8,-737.9
MAR00405,Ciment,Amiante-ciment,40,136.1,1955,-1459.8,-848.4,-1515.0,-724.0
MAR00406,Plastique,PVC,200,210.4,1982,-1515.0,-724.0,-1361.0,-580.7
MAR00407,Fonte,Fonte grise,200,206.8,1942,-1515.0,-724.0,-1551.2,-520.4
MAR00408,Plastique,PEHD,80,133.6,1995,-1551.2,-520.4,-1417.9,-528.3
MAR00409,Plastique,PVC,80,123.2,1980,-1551.2,-520.4,-1590.4,-403.6
MAR00410,Fonte,Fonte ductile,600,157.6,1993,-1590.4,-403.6,-1432.8,-402.3
MAR00411,Fonte,Fonte ductile,100,131.7,1997,-1590.4,-403.6,-1697.4,-326.7
MAR00412,Plastique,PVC,200,198.6,1999,-1697.4,-326.7,-1505.9,-273.9
MAR00413,Plastique,PEHD,150,173.8,1995,-1697.4,-326.7,-1758.0,-163.8
MAR00414,Fonte,Fonte ductile,150,131.4,1987,-1758.0,-163.8,-1639.8,-106.5
MAR00415,Acier,Acier,250,167.5,1981,-1758.0,-163.8,-1773.9,2.9
MAR00416,Plastique,PEHD,150,164.1,2013,-1773.9,2.9,-1612.3,30.8
MAR00417,Fonte,Fonte ductile,150,117.3,1972,-1773.9,2.9,-1798.2,117.7
MAR00418,Fonte,Fonte ductile,80,120.5,1970,-1798.2,117.7,-1707.5,197.1
MAR00419,Fonte,Fonte grise,250,145.4,1934,-1798.2,117.7,-1887.9,232.1
MAR00420,Plastique,PEHD,63,168.0,2005,-1887.9,232.1,-1722.1,258.7
MAR00421,Fonte,Fonte grise,300,99.5,1933,-1887.9,232.1,-1922.0,325.6
MAR00422,Plastique,PVC,250,122.9,1980,-1922.0,325.6,-1817.4,390.1
MAR00423,Fonte,Fonte grise,150,194.1,1937,-1922.0,325.6,-2009.6,498.8
MAR00424,Plastique,PVC collé,100,166.0,1960,-2009.6,498.8,-1852.0,551.1
MAR00425,Fonte,Fonte ductile,80,85.6,1979,-2009.6,498.8,-2048.5,575.0
MAR00426,Fonte,Fonte ductile,600,159.0,1972,-2048.5,575.0,-1910.6,654.0
MAR00427,Fonte,Fonte ductile,40,196.0,1989,-2048.5,575.0,-2120.0,757.5
MAR00428,Fonte,Fonte grise,250,177.3,1961,-2120.0,757.5,-1946.6,794.3
MAR00429,Fonte,Fonte ductile,80,155.7,1982,-2120.0,757.5,-2160.8,907.8
MAR00430,Fonte,Fonte ductile,150,133.9,1980,-2160.8,907.8,-2213.7,1030.8
MAR00431,Plastique,PEHD,300,130.9,2010,-2213.7,1030.8,-2087.6,1066.0
MAR00432,Acier,Acier,63,178.9,1976,-2213.7,1030.8,-2281.2,1196.5
MAR00433,Fonte,Fonte ductile,63,105.0,1988,-2281.2,1196.5,-2275.7,1301.3
MAR00434,Fonte,Fonte grise,50,127.4,1937,-2275.7,1301.3,-2163.4,1361.4
MAR00435,Plastique,PEHD,200,125.9,1995,-2275.7,1301.3,-2375.2,1378.5
MAR00436,Fonte,Fonte ductile,250,157.5,2015,-2375.2,1378.5,-2264.5,1490.6
MAR00437,Fonte,Fonte ductile,200,183.1,1995,-604.4,-2628.5,-441.0,-2545.9
MAR00438,Plastique,PVC,100,169.7,1994,-604.4,-2628.5,-611.0,-2458.9
MAR00439,Fonte,Fonte grise,400,117.6,1954,-611.0,-2458.9,-494.9,-2440.4
MAR00440,Fonte,Fonte grise,200,186.9,1961,-611.0,-2458.9,-738.2,-2321.9
MAR00441,Fonte,Fonte grise,250,144.3,1947,-738.2,-2321.9,-595.3,-2342.7
MAR00442,Fonte,Fonte ductile,150,98.4,2012,-738.2,-2321.9,-725.2,-2224.4
MAR00443,Fonte,Fonte grise,250,146.4,1971,-725.2,-2224.4,-614.6,-2128.4
MAR00444,Fonte,Fonte grise,200,204.7,1964,-725.2,-2224.4,-772.6,-2025.3
MAR00445,Fonte,Fonte ductile,250,94.6,2013,-772.6,-2025.3,-697.5,-2082.8
MAR00446,Plastique,PVC,50,69.9,1980,-772.6,-2025.3,-831.6,-1987.7
MAR00447,Plastique,PVC,250,180.8,1986,-831.6,-1987.7,-688.2,-1877.5
MAR00448,Plastique,PVC collé,150,177.6,1976,-831.6,-1987.7,-857.2,-1811.9
MAR00449,Plastique,PVC collé,40,129.9,1985,-857.2,-1811.9,-730.5,-1783.2
MAR00450,Acier,Acier,150,196.2,1986,-857.2,-1811.9,-1005.0,-1682.9
MAR00451,Plastique,PVC collé,200,205.3,1963,-1005.0,-1682.9,-803.9,-1641.4
MAR00452,Fonte,Fonte ductile,150,104.5,1970,-1005.0,-1682.9,-984.0,-1580.6
MAR00453,Fonte,Fonte ductile,200,90.0,1970,-984.0,-1580.6,-910.6,-1528.5
MAR00454,Plastique,PVC,150,186.1,1980,-984.0,-1580.6,-1075.0,-1418.2
MAR00455,Fonte,Fonte ductile,32,102.2,1972,-1075.0,-1418.2,-980.8,-1378.4
MAR00456,Fonte,Fonte grise,600,96.4,1975,-1075.0,-1418.2,-1141.8,-1348.8
MAR00457,Plastique,PVC collé,200,162.4,1983,-1141.8,-1348.8,-990.1,-1290.7
MAR00458,Plastique,PVC,125,174.7,1983,-1163.0,-1188.1,-1042.3,-1061.7
MAR00459,Plastique,PVC collé,250,125.1,1974,-1163.0,-1188.1,-1227.0,-1080.6
MAR00460,Acier,Acier,500,176.7,1981,-1227.0,-1080.6,-1111.5,-946.8
MAR00461,Fonte,Fonte ductile,100,212.1,2012,-1227.0,-1080.6,-1322.2,-891.1
MAR00462,Ciment,Amiante-ciment,125,212.8,1977,-1322.2,-891.1,-1109.4,-884.5
MAR00463,Ciment,Amiante-ciment,100,155.5,1955,-1322.2,-891.1,-1294.8,-737.9
MAR00464,Plastique,PEHD,50,170.6,2003,-1294.8,-737.9,-1361.0,-580.7
MAR00465,Ciment,Amiante-ciment,300,95.9,1969,-1361.0,-580.7,-1266.8,-562.7
MAR00466,Fonte,Fonte grise,125,77.3,1930,-1361.0,-580.7,-1417.9,-528.3
MAR00467,Fonte,Fonte grise,50,126.9,1957,-1417.9,-528.3,-1432.8,-402.3
MAR00468,Fonte,Fonte ductile,150,147.1,1972,-1432.8,-402.3,-1332.2,-295.0
MAR00469,Fonte,Fonte ductile,200,147.7,1985,-1432.8,-402.3,-1505.9,-273.9
MAR00470,Fonte,Fonte grise,200,154.9,1937,-1505.9,-273.9,-1388.8,-172.5
MAR00471,Fonte,Fonte grise,100,214.4,1930,-1505.9,-273.9,-1639.8,-106.5
MAR00472,Fonte,Fonte ductile,63,222.8,1978,-1639.8,-106.5,-1418.1,-84.4
MAR00473,Fonte,Fonte grise,80,140.0,1930,-1639.8,-106.5,-1612.3,30.8
MAR00474,Fonte,Fonte ductile,125,96.3,1975,-1612.3,30.8,-1529.9,80.7
MAR00475,Plastique,PEHD,250,89.3,1995,-1707.5,197.1,-1619.6,212.9
MAR00476,Plastique,PVC collé,40,85.0,1984,-1722.1,258.7,-1655.3,311.2
MAR00477,Plastique,PVC collé,200,162.3,1985,-1722.1,258.7,-1817.4,390.1
MAR00478,Ciment,Amiante-ciment,125,141.6,1980,-1817.4,390.1,-1718.4,491.3
MAR00479,Fonte,Fonte ductile,150,164.7,2008,-1817.4,390.1,-1852.0,551.1
MAR00480,Fonte,Fonte ductile,600,115.9,1990,-1852.0,551.1,-1752.7,610.9
MAR00481,Plastique,PVC,125,118.5,2012,-1852.0,551.1,-1910.6,654.0
MAR00482,Ciment,Amiante-ciment,150,116.0,1961,-1910.6,654.0,-1801.0,692.3
MAR00483,Plastique,PEHD,200,144.8,2004,-1910.6,654.0,-1946.6,794.3
MAR00484,Plastique,PVC collé,63,164.3,1969,-1946.6,794.3,-1789.1,841.1
MAR00485,Plastique,PVC collé,100,205.8,1976,-1946.6,794.3,-2044.5,975.3
MAR00486,Fonte,Fonte ductile,150,107.5,1970,-2044.5,975.3,-1942.5,1009.1
MAR00487,Acier,Acier,300,100.4,1950,-2044.5,975.3,-2087.6,1066.0
MAR00488,Plastique,PVC,80,191.6,1992,-2087.6,1066.0,-1916.6,1152.4
MAR00489,Fonte,Fonte grise,50,183.3,1975,-2087.6,1066.0,-2142.8,1240.8
MAR00490,Fonte,Fonte ductile,200,118.6,1995,-2142.8,1240.8,-2037.3,1295.0
MAR00491,Fonte,Fonte ductile,200,122.4,2015,-2142.8,1240.8,-2163.4,1361.4
MAR00492,Plastique,PVC,40,129.4,1980,-2163.4,1361.4,-2034.3,1352.7
MAR00493,Plastique,PEHD,150,164.0,1995,-2163.4,1361.4,-2264.5,1490.6
MAR00494,Plastique,PEHD,250,77.1,1999,-441.0,-2545.9,-363.9,-2547.1
MAR00495,Plastique,PVC collé,250,118.4,1970,-441.0,-2545.9,-494.9,-2440.4
MAR00496,Fonte,Fonte grise,100,121.3,1950,-494.9,-2440.4,-377.5,-2409.8
MAR00497,Fonte,Fonte ductile,63,140.2,2010,-494.9,-2440.4,-595.3,-2342.7
MAR00498,Plastique,PVC,250,175.0,1989,-595.3,-2342.7,-461.1,-2230.4
MAR00499,Plastique,PVC collé,125,215.1,1960,-595.3,-2342.7,-614.6,-2128.4
MAR00500,Fonte,Fonte grise,32,94.6,1943,-614.6,-2128.4,-697.5,-2082.8
MAR00501,Plastique,PVC,300,184.9,1992,-697.5,-2082.8,-562.1,-1957.0
MAR00502,Fonte,Fonte ductile,150,103.3,1975,-688.2,-1877.5,-730.5,-1783.2
MAR00503,Plastique,PVC,400,159.7,1980,-730.5,-1783.2,-803.9,-1641.4
MAR00504,Fonte,Fonte grise,125,140.8,1974,-803.9,-1641.4,-707.5,-1538.7
MAR00505,Fonte,Fonte ductile,150,146.7,1981,-910.6,-1528.5,-794.9,-1438.2
MAR00506,Fonte,Fonte grise,100,165.7,1935,-910.6,-1528.5,-980.8,-1378.4
MAR00507,Plastique,PVC,400,142.2,1993,-980.8,-1378.4,-866.6,-1293.7
MAR00508,Fonte,Fonte ductile,250,88.1,1970,-980.8,-1378.4,-990.1,-1290.7
MAR00509,Fonte,Fonte ductile,150,235.0,1970,-990.1,-1290.7,-1042.3,-1061.7
MAR00510,Plastique,PVC,32,75.8,1994,-1042.3,-1061.7,-970.6,-1037.4
MAR00511,Fonte,Fonte grise,150,134.1,1930,-1042.3,-1061.7,-1111.5,-946.8
MAR00512,Plastique,PVC collé,250,123.7,1963,-1111.5,-946.8,-999.2,-894.9
MAR00513,Plastique,PVC,250,62.3,1980,-1111.5,-946.8,-1109.4,-884.5
MAR00514,Fonte,Fonte grise,150,114.5,1930,-1109.4,-884.5,-1018.0,-815.7
MAR00515,Plastique,PVC collé,150,210.7,1985,-1109.4,-884.5,-1237.8,-717.5
MAR00516,Plastique,PVC collé,250,200.7,1966,-1237.8,-717.5,-1068.2,-610.2
MAR00517,Fonte,Fonte grise,100,157.5,1946,-1237.8,-717.5,-1266.8,-562.7
MAR00518,Plastique,PEHD,250,172.2,1995,-1266.8,-562.7,-1098.6,-525.9
MAR00519,Plastique,PVC collé,150,162.2,1985,-1316.9,-486.8,-1161.0,-441.9
MAR00520,Plastique,PVC,200,192.4,1980,-1316.9,-486.8,-1332.2,-295.0
MAR00521,Fonte,Fonte ductile,125,60.8,1973,-1332.2,-295.0,-1272.5,-306.1
MAR00522,Plastique,PVC,200,134.9,1980,-1332.2,-295.0,-1388.8,-172.5
MAR00523,Fonte,Fonte ductile,150,113.8,1975,-1388.8,-172.5,-1275.7,-185.6
MAR00524,Plastique,PEHD,250,92.8,1995,-1388.8,-172.5,-1418.1,-84.4
MAR00525,Fonte,Fonte ductile,80,154.0,1989,-1418.1,-84.4,-1314.7,29.6
MAR00526,Plastique,PEHD,300,199.4,2024,-1418.1,-84.4,-1529.9,80.7
MAR00527,Acier,Acier,200,115.4,1971,-1529.9,80.7,-1434.6,145.8
MAR00528,Acier,Acier,150,159.7,1950,-1529.9,80.7,-1619.6,212.9
MAR00529,Plastique,PVC,100,104.6,1989,-1619.6,212.9,-1655.3,311.2
MAR00530,Fonte,Fonte ductile,80,127.1,1972,-1655.3,311.2,-1539.1,362.6
MAR00531,Plastique,PVC,80,190.8,1980,-1655.3,311.2,-1718.4,491.3
MAR00532,Fonte,Fonte ductile,600,183.9,1970,-1718.4,491.3,-1535.1,505.8
MAR00533,Plastique,PEHD,300,124.3,1995,-1718.4,491.3,-1752.7,610.9
MAR00534,Plastique,PVC collé,400,109.1,1973,-1752.7,610.9,-1643.6,611.3
MAR00535,Fonte,Fonte grise,100,94.7,1930,-1752.7,610.9,-1801.0,692.3
MAR00536,Fonte,Fonte ductile,100,149.6,1973,-1801.0,692.3,-1664.3,753.1
MAR00537,Plastique,PEHD,125,149.2,2023,-1801.0,692.3,-1789.1,841.1
MAR00538,Fonte,Fonte ductile,250,138.1,2015,-1789.1,841.1,-1716.0,958.2
MAR00539,Plastique,PEHD,32,227.5,2000,-1789.1,841.1,-1942.5,1009.1
MAR00540,Plastique,PVC collé,100,183.3,1969,-1942.5,1009.1,-1770.9,1073.7
MAR00541,Fonte,Fonte ductile,125,145.7,2005,-1942.5,1009.1,-1916.6,1152.4
MAR00542,Plastique,PVC,80,101.2,2016,-1916.6,1152.4,-1817.6,1131.2
MAR00543,Fonte,Fonte ductile,200,105.0,1984,-2037.3,1295.0,-1938.3,1329.7
MAR00544,Fonte,Fonte ductile,200,57.8,2007,-2037.3,1295.0,-2034.3,1352.7
MAR00545,Fonte,Fonte ductile,150,122.5,1988,-2034.3,1352.7,-1931.6,1419.5
MAR00546,Fonte,Fonte grise,80,219.1,1947,-2034.3,1352.7,-2157.5,1533.9
MAR00547,Fonte,Fonte grise,125,180.3,1930,-2157.5,1533.9,-1977.3,1528.5
MAR00548,Fonte,Fonte grise,200,144.8,1975,-363.9,-2547.1,-246.3,-2462.7
MAR00549,Fonte,Fonte grise,80,138.0,1950,-363.9,-2547.1,-377.5,-2409.8
MAR00550,Plastique,PEHD,100,152.1,2004,-377.5,-2409.8,-283.5,-2290.3
MAR00551,Plastique,PVC collé,125,198.0,1960,-377.5,-2409.8,-461.1,-2230.4
MAR00552,Plastique,PVC collé,100,193.1,1960,-461.1,-2230.4,-268.2,-2220.6
MAR00553,Plastique,PEHD,63,207.2,1995,-516.2,-2163.5,-332.7,-2067.3
MAR00554,Acier,Acier,100,211.5,1950,-516.2,-2163.5,-562.1,-1957.0
MAR00555,Plastique,PEHD,100,102.0,1995,-562.1,-1957.0,-460.1,-1957.1
MAR00556,Plastique,PVC collé,250,83.7,1960,-562.1,-1957.0,-589.4,-1877.9
MAR00557,Fonte,Fonte ductile,80,119.6,1970,-589.4,-1877.9,-472.6,-1852.2
MAR00558,Plastique,PEHD,200,140.3,1995,-589.4,-1877.9,-683.5,-1773.9
MAR00559,Fonte,Fonte grise,200,166.6,1975,-683.5,-1773.9,-585.2,-1639.3
MAR00560,Fonte,Fonte grise,250,236.4,1944,-683.5,-1773.9,-707.5,-1538.7
MAR00561,Fonte,Fonte grise,40,152.9,1932,-707.5,-1538.7,-555.6,-1522.0
MAR00562,Fonte,Fonte grise,250,133.2,1933,-707.5,-1538.7,-794.9,-1438.2
MAR00563,Fonte,Fonte ductile,40,139.3,1994,-794.9,-1438.2,-655.9,-1445.7
MAR00564,Ciment,Amiante-ciment,100,161.3,1967,-794.9,-1438.2,-866.6,-1293.7
MAR00565,Fonte,Fonte ductile,125,173.7,1995,-866.6,-1293.7,-693.1,-1284.3
MAR00566,Plastique,PVC collé,300,83.9,1960,-866.6,-1293.7,-851.4,-1211.2
MAR00567,Fonte,Fonte ductile,63,167.7,1970,-851.4,-1211.2,-723.8,-1102.4
MAR00568,Plastique,PVC,200,210.7,1982,-851.4,-1211.2,-970.6,-1037.4
MAR00569,Fonte,Fonte ductile,100,145.3,1970,-970.6,-1037.4,-999.2,-894.9
MAR00570,Fonte,Fonte grise,200,109.9,1950,-999.2,-894.9,-893.0,-866.5
MAR00571,Fonte,Fonte grise,100,95.3,1931,-1018.0,-815.7,-952.0,-747.0
MAR00572,Fonte,Fonte ductile,100,211.5,1984,-1018.0,-815.7,-1068.2,-610.2
MAR00573,Plastique,PVC collé,200,89.7,1960,-1068.2,-610.2,-1098.6,-525.9
MAR00574,Plastique,PVC collé,200,146.9,1967,-1161.0,-441.9,-1040.2,-358.4
MAR00575,Plastique,PEHD,100,175.7,1995,-1161.0,-441.9,-1272.5,-306.1
MAR00576,Fonte,Fonte ductile,63,137.5,1985,-1272.5,-306.1,-1167.8,-216.9
MAR00577,Fonte,Fonte ductile,80,120.6,1991,-1272.5,-306.1,-1275.7,-185.6
MAR00578,Fonte,Fonte grise,200,167.0,1937,-1314.7,29.6,-1434.6,145.8
MAR00579,Fonte,Fonte ductile,80,149.2,1970,-1434.6,145.8,-1295.0,198.7
MAR00580,Plastique,PVC collé,300,140.7,1967,-1428.7,275.5,-1539.1,362.6
MAR00581,Fonte,Fonte grise,250,130.7,1930,-1539.1,362.6,-1427.3,430.4
MAR00582,Fonte,Fonte ductile,150,90.0,1974,-1535.1,505.8,-1446.5,521.4
MAR00583,Ciment,Amiante-ciment,125,151.4,1973,-1535.1,505.8,-1643.6,611.3
MAR00584,Fonte,Fonte ductile,80,143.2,1970,-1643.6,611.3,-1664.3,753.1
MAR00585,Fonte,Fonte ductile,80,168.9,2009,-1664.3,753.1,-1549.9,877.4
MAR00586,Acier,Acier,80,211.6,1958,-1664.3,753.1,-1716.0,958.2
MAR00587,Fonte,Fonte grise,500,127.8,1959,-1716.0,958.2,-1770.9,1073.7
MAR00588,Fonte,Fonte grise,200,131.6,1953,-1770.9,1073.7,-1659.0,1143.0
MAR00589,Plastique,PVC,250,141.2,1980,-1817.6,1131.2,-1704.7,1216.0
MAR00590,Fonte,Fonte ductile,80,232.3,1988,-1817.6,1131.2,-1938.3,1329.7
MAR00591,Plastique,PEHD,125,90.0,2016,-1938.3,1329.7,-1931.6,1419.5
MAR00592,Plastique,PVC collé,40,139.4,1985,-1931.6,1419.5,-1817.2,1499.3
MAR00593,Fonte,Fonte ductile,63,178.5,2009,-1977.3,1528.5,-1842.9,1645.9
MAR00594,Plastique,PVC,40,147.2,1991,-246.3,-2462.7,-99.4,-2451.8
MAR00595,Fonte,Fonte ductile,100,137.1,2014,-283.5,-2290.3,-151.5,-2252.9
MAR00596,Fonte,Fonte grise,250,71.3,1949,-283.5,-2290.3,-268.2,-2220.6
MAR00597,Fonte,Fonte ductile,150,102.2,1996,-268.2,-2220.6,-198.6,-2145.8
MAR00598,Fonte,Fonte ductile,80,166.3,2009,-268.2,-2220.6,-332.7,-2067.3
MAR00599,Plastique,PVC collé,125,92.4,1960,-332.7,-2067.3,-246.6,-2033.5
MAR00600,Plastique,PEHD,63,168.5,1995,-332.7,-2067.3,-460.1,-1957.1
MAR00601,Plastique,PVC,150,105.6,1980,-460.1,-1957.1,-472.6,-1852.2
MAR00602,Fonte,Fonte ductile,100,122.7,1992,-472.6,-1852.2,-361.4,-1800.2
MAR00603,Ciment,Amiante-ciment,80,240.9,1971,-472.6,-1852.2,-585.2,-1639.3
MAR00604,Fonte,Fonte ductile,50,144.6,1970,-585.2,-1639.3,-451.6,-1583.8
MAR00605,Plastique,PEHD,300,121.0,1995,-585.2,-1639.3,-555.6,-1522.0
MAR00606,Plastique,PVC collé,40,96.2,1960,-555.6,-1522.0,-459.4,-1518.9
MAR00607,Fonte,Fonte ductile,80,126.1,1970,-555.6,-1522.0,-655.9,-1445.7
MAR00608,Plastique,PVC,125,157.0,1983,-655.9,-1445.7,-530.5,-1351.1
MAR00609,Fonte,Fonte grise,80,182.9,1945,-693.1,-1284.3,-549.5,-1171.0
MAR00610,Plastique,PEHD,125,184.4,1995,-693.1,-1284.3,-723.8,-1102.4
MAR00611,Plastique,PVC collé,100,93.3,1961,-723.8,-1102.4,-643.5,-1055.0
MAR00612,Ciment,Amiante-ciment,150,126.8,1955,-723.8,-1102.4,-802.3,-1002.8
MAR00613,Fonte,Fonte ductile,250,156.5,1979,-802.3,-1002.8,-651.2,-962.1
MAR00614,Fonte,Fonte ductile,200,163.7,1971,-802.3,-1002.8,-893.0,-866.5
MAR00615,Fonte,Fonte grise,200,194.1,1940,-893.0,-866.5,-700.2,-844.8
MAR00616,Fonte,Fonte ductile,80,133.3,2011,-893.0,-866.5,-952.0,-747.0
MAR00617,Fonte,Fonte grise,400,82.8,1930,-952.0,-747.0,-964.6,-665.1
MAR00618,Plastique,PVC collé,125,123.6,1960,-964.6,-665.1,-858.3,-602.0
MAR00619,Fonte,Fonte ductile,600,147.0,1980,-964.6,-665.1,-1010.3,-525.4
MAR00620,Fonte,Fonte ductile,125,180.3,1978,-1010.3,-525.4,-874.4,-406.9
MAR00621,Plastique,PEHD,200,169.7,2001,-1010.3,-525.4,-1040.2,-358.4
MAR00622,Plastique,PVC,250,137.4,1982,-1040.2,-358.4,-910.5,-313.1
MAR00623,Plastique,PEHD,250,190.5,1995,-1040.2,-358.4,-1167.8,-216.9
MAR00624,Fonte,Fonte ductile,300,202.3,1984,-1167.8,-216.9,-965.6,-209.4
MAR00625,Fonte,Fonte grise,250,125.9,1959,-1167.8,-216.9,-1184.0,-92.1
MAR00626,Plastique,PVC collé,80,159.3,1960,-1184.0,-92.1,-1057.3,4.6
MAR00627,Fonte,Fonte ductile,100,112.8,1980,-1184.0,-92.1,-1193.5,20.3
MAR00628,Plastique,PVC,100,205.2,1980,-1193.5,20.3,-1295.0,198.7
MAR00629,Fonte,Fonte ductile,40,149.3,1970,-1295.0,198.7,-1149.7,232.8
MAR00630,Fonte,Fonte ductile,100,135.3,1978,-1295.0,198.7,-1309.1,333.3
MAR00631,Plastique,PVC collé,100,117.5,1960,-1309.1,333.3,-1193.7,355.5
MAR00632,Plastique,PEHD,50,153.0,1995,-1309.1,333.3,-1427.3,430.4
MAR00633,Acier,Acier,125,158.4,1950,-1427.3,430.4,-1271.3,458.3
MAR00634,Fonte,Fonte grise,125,93.0,1939,-1427.3,430.4,-1446.5,521.4
MAR00635,Plastique,PVC collé,200,140.2,1973,-1446.5,521.4,-1324.1,589.9
MAR00636,Plastique,PVC collé,150,161.0,1979,-1446.5,521.4,-1473.4,680.2
MAR00637,Plastique,PEHD,125,145.9,1995,-1473.4,680.2,-1338.5,735.7
MAR00638,Fonte,Fonte grise,250,211.6,1930,-1473.4,680.2,-1549.9,877.4
MAR00639,Fonte,Fonte ductile,150,164.8,1980,-1549.9,877.4,-1388.2,845.8
MAR00640,Plastique,PVC,150,113.8,1980,-1549.9,877.4,-1584.7,985.8
MAR00641,Plastique,PVC collé,80,154.5,1960,-1584.7,985.8,-1431.9,1008.8
MAR00642,Ciment,Amiante-ciment,125,174.0,1964,-1584.7,985.8,-1659.0,1143.0
MAR00643,Fonte,Fonte ductile,150,86.1,2002,-1659.0,1143.0,-1704.7,1216.0
MAR00644,Fonte,Fonte ductile,150,110.2,1970,-1704.7,1216.0,-1594.7,1222.4
MAR00645,Plastique,PEHD,200,114.1,2024,-1704.7,1216.0,-1756.1,1317.9
MAR00646,Fonte,Fonte grise,250,187.5,1957,-1756.1,1317.9,-1633.2,1459.5
MAR00647,Plastique,PEHD,50,191.4,2000,-1756.1,1317.9,-1817.2,1499.3
MAR00648,Fonte,Fonte grise,50,173.9,1954,-1817.2,1499.3,-1650.8,1549.7
MAR00649,Plastique,PEHD,500,148.8,1995,-1817.2,1499.3,-1842.9,1645.9
MAR00650,Fonte,Fonte grise,80,110.0,1944,-1842.9,1645.9,-1735.1,1667.9
MAR00651,Fonte,Fonte ductile,80,190.7,1978,-99.4,-2451.8,81.8,-2392.4
MAR00652,Fonte,Fonte grise,600,205.6,1967,-99.4,-2451.8,-151.5,-2252.9
MAR00653,Fonte,Fonte ductile,100,117.0,1992,-151.5,-2252.9,-198.6,-2145.8
MAR00654,Plastique,PVC collé,125,97.3,1972,-198.6,-2145.8,-115.1,-2095.9
MAR00655,Plastique,PVC collé,100,122.1,1971,-198.6,-2145.8,-246.6,-2033.5
MAR00656,Fonte,Fonte ductile,150,128.1,1983,-246.6,-2033.5,-268.3,-1907.2
MAR00657,Plastique,PEHD,500,112.2,1996,-268.3,-1907.2,-217.8,-1807.0
MAR00658,Fonte,Fonte grise,40,141.8,1930,-268.3,-1907.2,-361.4,-1800.2
MAR00659,Plastique,PVC,250,234.4,2019,-361.4,-1800.2,-451.6,-1583.8
MAR00660,Fonte,Fonte grise,100,65.4,1930,-451.6,-1583.8,-459.4,-1518.9
MAR00661,Acier,Acier,125,167.1,1950,-459.4,-1518.9,-307.3,-1449.8
MAR00662,Fonte,Fonte ductile,250,182.3,2015,-459.4,-1518.9,-530.5,-1351.1
MAR00663,Fonte,Fonte ductile,600,133.0,1979,-530.5,-1351.1,-411.1,-1292.5
MAR00664,Fonte,Fonte ductile,63,181.1,1970,-530.5,-1351.1,-549.5,-1171.0
MAR00665,Plastique,PEHD,63,100.2,1995,-549.5,-1171.0,-453.8,-1141.4
MAR00666,Plastique,PEHD,125,149.4,2007,-549.5,-1171.0,-643.5,-1055.0
MAR00667,Plastique,PEHD,250,177.3,1995,-643.5,-1055.0,-466.2,-1052.6
MAR00668,Fonte,Fonte grise,150,93.2,1962,-643.5,-1055.0,-651.2,-962.1
MAR00669,Fonte,Fonte grise,250,74.8,1970,-651.2,-962.1,-589.6,-919.5
MAR00670,Fonte,Fonte ductile,100,127.1,1971,-651.2,-962.1,-700.2,-844.8
MAR00671,Fonte,Fonte grise,125,109.6,1932,-700.2,-844.8,-600.4,-799.6
MAR00672,Fonte,Fonte grise,125,125.9,1936,-789.8,-686.3,-664.1,-679.3
MAR00673,Acier,Acier,125,108.6,1974,-789.8,-686.3,-858.3,-602.0
MAR00674,Acier,Acier,63,191.4,1967,-858.3,-602.0,-719.2,-470.5
MAR00675,Plastique,PVC collé,250,195.7,1966,-858.3,-602.0,-874.4,-406.9
MAR00676,Fonte,Fonte grise,200,80.0,1930,-874.4,-406.9,-810.1,-359.5
MAR00677,Fonte,Fonte ductile,80,100.5,1975,-874.4,-406.9,-910.5,-313.1
MAR00678,Fonte,Fonte ductile,150,120.0,2005,-910.5,-313.1,-828.8,-225.3
MAR00679,Fonte,Fonte grise,80,117.5,1940,-910.5,-313.1,-965.6,-209.4
MAR00680,Fonte,Fonte grise,80,107.3,1930,-965.6,-209.4,-867.1,-166.9
MAR00681,Plastique,PVC collé,150,232.8,1960,-965.6,-209.4,-1057.3,4.6
MAR00682,Fonte,Fonte grise,150,144.9,1948,-1057.3,4.6,-922.3,57.3
MAR00683,Fonte,Fonte grise,100,53.3,1930,-1057.3,4.6,-1063.4,57.5
MAR00684,Plastique,PEHD,100,75.6,1995,-1063.4,57.5,-1008.8,109.8
MAR00685,Plastique,PVC collé,32,195.4,1960,-1063.4,57.5,-1149.7,232.8
MAR00686,Plastique,PEHD,300,87.6,1995,-1149.7,232.8,-1062.4,240.4
MAR00687,Fonte,Fonte grise,125,130.3,1970,-1149.7,232.8,-1193.7,355.5
MAR00688,Plastique,PEHD,100,103.0,1996,-1193.7,355.5,-1124.2,431.4
MAR00689,Plastique,PVC,100,128.8,1986,-1193.7,355.5,-1271.3,458.3
MAR00690,Fonte,Fonte grise,80,104.9,1930,-1271.3,458.3,-1176.1,502.4
MAR00691,Plastique,PVC collé,250,141.9,1964,-1271.3,458.3,-1324.1,589.9
MAR00692,Fonte,Fonte ductile,200,156.4,1979,-1324.1,589.9,-1185.5,662.2
MAR00693,Plastique,PVC,250,146.5,1985,-1324.1,589.9,-1338.5,735.7
MAR00694,Plastique,PEHD,100,135.0,2024,-1338.5,735.7,-1222.6,805.0
MAR00695,Fonte,Fonte ductile,125,120.8,1981,-1338.5,735.7,-1388.2,845.8
MAR00696,Plastique,PVC,600,143.5,1980,-1388.2,845.8,-1295.7,955.4
MAR00697,Fonte,Fonte grise,150,168.7,1943,-1388.2,845.8,-1431.9,1008.8
MAR00698,Fonte,Fonte grise,50,75.4,1968,-1431.9,1008.8,-1394.6,1074.3
MAR00699,Fonte,Fonte ductile,250,146.4,1990,-1579.0,1174.1,-1433.4,1189.3
MAR00700,Fonte,Fonte ductile,50,50.8,1989,-1579.0,1174.1,-1594.7,1222.4
MAR00701,Acier,Acier,80,240.2,1990,-1594.7,1222.4,-1633.2,1459.5
MAR00702,Fonte,Fonte ductile,100,94.4,1987,-1633.2,1459.5,-1539.3,1449.5
MAR00703,Plastique,PVC,80,92.0,1990,-1633.2,1459.5,-1650.8,1549.7
MAR00704,Plastique,PEHD,200,76.1,1995,-1650.8,1549.7,-1606.1,1611.3
MAR00705,Plastique,PVC collé,150,145.1,1967,-1650.8,1549.7,-1735.1,1667.9
MAR00706,Acier,Acier,80,105.1,1990,-1735.1,1667.9,-1666.8,1747.7
MAR00707,Fonte,Fonte ductile,150,123.6,1987,81.8,-2392.4,176.8,-2313.3
MAR00708,Plastique,PVC collé,50,234.3,1978,81.8,-2392.4,-11.1,-2177.3
MAR00709,Fonte,Fonte grise,500,68.8,1941,-11.1,-2177.3,56.2,-2191.6
MAR00710,Fonte,Fonte ductile,150,132.0,1990,-11.1,-2177.3,-115.1,-2095.9
MAR00711,Plastique,PVC,200,146.6,2004,-115.1,-2095.9,5.6,-2012.8
MAR00712,Fonte,Fonte ductile,500,99.1,1970,-115.1,-2095.9,-162.4,-2009.0
MAR00713,Fonte,Fonte ductile,50,213.7,1999,-162.4,-2009.0,35.5,-1928.5
MAR00714,Acier,Acier,80,170.9,1982,-217.8,-1807.0,-51.9,-1766.0
MAR00715,Fonte,Fonte ductile,250,127.5,1970,-217.8,-1807.0,-263.1,-1687.8
MAR00716,Ciment,Amiante-ciment,100,181.6,1967,-263.1,-1687.8,-105.1,-1598.4
MAR00717,Plastique,PVC collé,600,144.3,1985,-260.2,-1603.8,-145.8,-1516.0
MAR00718,Plastique,PEHD,200,161.0,2002,-260.2,-1603.8,-307.3,-1449.8
MAR00719,Plastique,PVC collé,80,112.2,1960,-307.3,-1449.8,-248.5,-1354.3
MAR00720,Fonte,Fonte ductile,250,114.8,1988,-411.1,-1292.5,-300.9,-1260.4
MAR00721,Plastique,PVC,100,157.1,1980,-411.1,-1292.5,-453.8,-1141.4
MAR00722,Plastique,PVC,200,148.0,1982,-453.8,-1141.4,-312.5,-1097.0
MAR00723,Fonte,Fonte ductile,200,89.6,1987,-453.8,-1141.4,-466.2,-1052.6
MAR00724,Plastique,PEHD,125,79.4,1999,-466.2,-1052.6,-399.6,-1009.3
MAR00725,Fonte,Fonte ductile,80,181.5,1975,-466.2,-1052.6,-589.6,-919.5
MAR00726,Plastique,PEHD,400,152.2,2019,-589.6,-919.5,-466.1,-830.6
MAR00727,Fonte,Fonte grise,100,120.4,1938,-589.6,-919.5,-600.4,-799.6
MAR00728,Fonte,Fonte grise,32,136.1,1975,-600.4,-799.6,-664.1,-679.3
MAR00729,Plastique,PVC,500,200.0,1980,-664.1,-679.3,-513.0,-548.3
MAR00730,Fonte,Fonte ductile,200,216.0,1977,-664.1,-679.3,-719.2,-470.5
MAR00731,Plastique,PVC collé,80,139.6,1960,-719.2,-470.5,-590.9,-415.5
MAR00732,Plastique,PVC,250,143.5,1980,-719.2,-470.5,-810.1,-359.5
MAR00733,Fonte,Fonte ductile,63,164.5,1979,-810.1,-359.5,-646.5,-376.6
MAR00734,Ciment,Amiante-ciment,200,135.5,1960,-810.1,-359.5,-828.8,-225.3
MAR00735,Plastique,PVC collé,200,69.8,1960,-828.8,-225.3,-867.1,-166.9
MAR00736,Plastique,PEHD,150,163.2,1995,-867.1,-166.9,-748.3,-55.0
MAR00737,Ciment,Amiante-ciment,80,230.9,1955,-867.1,-166.9,-922.3,57.3
MAR00738,Fonte,Fonte ductile,250,152.6,1990,-922.3,57.3,-769.8,53.7
MAR00739,Plastique,PVC collé,80,101.2,1977,-922.3,57.3,-1008.8,109.8
MAR00740,Plastique,PVC,80,123.5,1980,-1008.8,109.8,-891.7,149.0
MAR00741,Plastique,PVC collé,80,185.4,1960,-1062.4,240.4,-886.5,299.0
MAR00742,Plastique,PEHD,63,200.8,1995,-1062.4,240.4,-1124.2,431.4
MAR00743,Fonte,Fonte grise,125,183.1,1935,-1124.2,431.4,-942.1,411.5
MAR00744,Acier,Acier,200,88.0,1975,-1124.2,431.4,-1176.1,502.4
MAR00745,Fonte,Fonte grise,200,152.4,1930,-1176.1,502.4,-1047.7,584.6
MAR00746,Fonte,Fonte grise,40,160.1,1930,-1176.1,502.4,-1185.5,662.2
MAR00747,Ciment,Amiante-ciment,100,142.3,1955,-1185.5,662.2,-1054.8,718.6
MAR00748,Plastique,PVC,300,123.6,1980,-1222.6,805.0,-1105.3,843.7
MAR00749,Plastique,PVC collé,125,167.2,1976,-1222.6,805.0,-1295.7,955.4
MAR00750,Plastique,PVC collé,100,165.4,1973,-1295.7,955.4,-1133.6,988.4
MAR00751,Plastique,PEHD,32,154.6,1995,-1295.7,955.4,-1394.6,1074.3
MAR00752,Plastique,PVC collé,150,146.7,1985,-1394.6,1074.3,-1249.7,1052.2
MAR00753,Plastique,PEHD,150,121.4,1995,-1394.6,1074.3,-1433.4,1189.3
MAR00754,Plastique,PEHD,125,199.0,1995,-1433.4,1189.3,-1236.2,1215.4
MAR00755,Plastique,PVC collé,500,166.9,1960,-1433.4,1189.3,-1490.3,1346.2
MAR00756,Plastique,PEHD,125,175.3,2007,-1490.3,1346.2,-1315.4,1334.5
MAR00757,Plastique,PVC,80,114.3,1980,-1490.3,1346.2,-1539.3,1449.5
MAR00758,Fonte,Fonte grise,250,182.6,1946,-1539.3,1449.5,-1377.7,1534.3
MAR00759,Fonte,Fonte ductile,80,175.1,2010,-1539.3,1449.5,-1606.1,1611.3
MAR00760,Fonte,Fonte ductile,200,149.2,2015,-1606.1,1611.3,-1457.1,1618.7
MAR00761,Fonte,Fonte ductile,300,149.3,2015,-1606.1,1611.3,-1666.8,1747.7
MAR00762,Plastique,PEHD,300,185.5,2005,-1666.8,1747.7,-1493.3,1813.7
MAR00763,Plastique,PEHD,125,104.4,2010,176.8,-2313.3,272.9,-2272.6
MAR00764,Plastique,PVC,150,171.3,1980,176.8,-2313.3,56.2,-2191.6
MAR00765,Fonte,Fonte ductile,80,162.3,1998,56.2,-2191.6,218.3,-2183.8
MAR00766,Plastique,PEHD,40,185.9,2021,56.2,-2191.6,5.6,-2012.8
MAR00767,Fonte,Fonte ductile,125,89.4,1974,5.6,-2012.8,35.5,-1928.5
MAR00768,Fonte,Fonte ductile,100,184.5,1971,35.5,-1928.5,-51.9,-1766.0
MAR00769,Fonte,Fonte ductile,40,105.2,2008,-51.9,-1766.0,51.1,-1787.3
MAR00770,Ciment,Amiante-ciment,150,175.9,1961,-51.9,-1766.0,-105.1,-1598.4
MAR00771,Plastique,PVC,50,65.1,1993,-105.1,-1598.4,-40.9,-1587.6
MAR00772,Fonte,Fonte ductile,250,91.9,2015,-105.1,-1598.4,-145.8,-1516.0
MAR00773,Fonte,Fonte grise,250,126.6,1930,-145.8,-1516.0,-19.2,-1511.5
MAR00774,Plastique,PVC collé,100,191.5,1960,-145.8,-1516.0,-248.5,-1354.3
MAR00775,Fonte,Fonte grise,50,123.3,1951,-248.5,-1354.3,-127.6,-1378.4
MAR00776,Fonte,Fonte ductile,250,107.5,1979,-248.5,-1354.3,-300.9,-1260.4
MAR00777,Fonte,Fonte grise,150,183.2,1973,-300.9,-1260.4,-119.1,-1237.3
MAR00778,Fonte,Fonte ductile,50,163.8,1984,-300.9,-1260.4,-312.5,-1097.0
MAR00779,Fonte,Fonte ductile,100,123.6,1970,-312.5,-1097.0,-399.6,-1009.3
MAR00780,Fonte,Fonte grise,250,192.5,1937,-399.6,-1009.3,-235.7,-908.4
MAR00781,Plastique,PEHD,80,77.9,1995,-466.1,-830.6,-490.4,-756.6
MAR00782,Fonte,Fonte grise,200,160.2,1930,-490.4,-756.6,-345.5,-688.4
MAR00783,Fonte,Fonte ductile,32,209.6,1996,-490.4,-756.6,-513.0,-548.3
MAR00784,Ciment,Amiante-ciment,150,89.6,1961,-513.0,-548.3,-424.0,-538.1
MAR00785,Plastique,PVC collé,100,153.9,1966,-513.0,-548.3,-590.9,-415.5
MAR00786,Plastique,PVC collé,200,67.9,1985,-590.9,-415.5,-646.5,-376.6
MAR00787,Ciment,Amiante-ciment,40,137.6,1955,-646.5,-376.6,-518.4,-326.2
MAR00788,Plastique,PVC collé,100,190.0,1960,-646.5,-376.6,-706.8,-196.5
MAR00789,Plastique,PEHD,200,112.2,2001,-706.8,-196.5,-595.6,-181.9
MAR00790,Fonte,Fonte ductile,63,147.4,1970,-706.8,-196.5,-748.3,-55.0
MAR00791,Fonte,Fonte grise,200,153.9,1930,-748.3,-55.0,-615.2,22.3
MAR00792,Plastique,PVC collé,80,101.2,1983,-769.8,53.7,-684.0,107.4
MAR00793,Fonte,Fonte grise,600,154.7,1930,-769.8,53.7,-891.7,149.0
MAR00794,Plastique,PVC collé,40,150.1,1962,-891.7,149.0,-886.5,299.0
MAR00795,Fonte,Fonte grise,150,138.6,1966,-886.5,299.0,-751.9,332.0
MAR00796,Plastique,PEHD,100,125.5,1995,-886.5,299.0,-942.1,411.5
MAR00797,Acier,Acier,125,124.3,1952,-942.1,411.5,-831.7,468.5
MAR00798,Plastique,PVC collé,300,202.8,1980,-942.1,411.5,-1047.7,584.6
MAR00799,Plastique,PVC collé,63,121.3,1960,-1047.7,584.6,-927.0,596.8
MAR00800,Fonte,Fonte ductile,125,134.2,2015,-1047.7,584.6,-1054.8,718.6
MAR00801,Fonte,Fonte ductile,80,134.9,1978,-1054.8,718.6,-1105.3,843.7
MAR00802,Fonte,Fonte ductile,125,147.4,1970,-1105.3,843.7,-1133.6,988.4
MAR00803,Plastique,PEHD,300,100.4,1995,-1133.6,988.4,-1061.5,1058.2
MAR00804,Fonte,Fonte grise,150,132.4,1930,-1133.6,988.4,-1249.7,1052.2
MAR00805,Fonte,Fonte ductile,100,209.7,1973,-1249.7,1052.2,-1107.3,1206.3
MAR00806,Plastique,PVC collé,300,163.8,1981,-1249.7,1052.2,-1236.2,1215.4
MAR00807,Fonte,Fonte ductile,100,145.9,2006,-1236.2,1215.4,-1131.6,1317.2
MAR00808,Plastique,PVC collé,400,143.0,1972,-1236.2,1215.4,-1315.4,1334.5
MAR00809,Plastique,PVC,50,135.2,1985,-1315.4,1334.5,-1221.7,1432.0
MAR00810,Plastique,PEHD,100,209.3,1997,-1315.4,1334.5,-1377.7,1534.3
MAR00811,Plastique,PEHD,150,128.7,1997,-1377.7,1534.3,-1250.0,1550.4
MAR00812,Fonte,Fonte grise,150,115.8,1936,-1377.7,1534.3,-1457.1,1618.7
MAR00813,Plastique,PVC collé,80,202.9,1981,-1457.1,1618.7,-1298.0,1744.5
MAR00814,Plastique,PEHD,80,198.3,1995,-1457.1,1618.7,-1493.3,1813.7
MAR00815,Fonte,Fonte ductile,100,172.4,2000,272.9,-2272.6,434.0,-2211.5
MAR00816,Plastique,PVC collé,100,104.2,1985,272.9,-2272.6,218.3,-2183.8
MAR00817,Plastique,PVC,600,137.3,1980,218.3,-2183.8,316.1,-2087.4
MAR00818,Fonte,Fonte ductile,32,142.5,2010,218.3,-2183.8,184.3,-2045.4
MAR00819,Fonte,Fonte ductile,600,142.7,2014,184.3,-2045.4,308.2,-1974.6
MAR00820,Plastique,PEHD,80,159.6,2020,184.3,-2045.4,164.7,-1887.0
MAR00821,Plastique,PVC collé,40,109.8,1960,164.7,-1887.0,248.1,-1815.6
MAR00822,Plastique,PVC,250,155.4,1982,51.1,-1787.3,193.4,-1724.8
MAR00823,Fonte,Fonte ductile,32,79.1,2015,-40.9,-1587.6,-19.2,-1511.5
MAR00824,Plastique,PVC,500,114.6,1980,-19.2,-1511.5,39.3,-1413.0
MAR00825,Fonte,Fonte grise,100,171.7,1935,-19.2,-1511.5,-127.6,-1378.4
MAR00826,Plastique,PEHD,250,205.5,1995,-127.6,-1378.4,42.3,-1262.9
MAR00827,Fonte,Fonte grise,80,141.3,1949,-127.6,-1378.4,-119.1,-1237.3
MAR00828,Plastique,PVC,80,117.3,1994,-119.1,-1237.3,-17.2,-1179.3
MAR00829,Plastique,PVC collé,500,234.3,1962,-119.1,-1237.3,-261.6,-1051.3
MAR00830,Plastique,PEHD,125,199.8,1995,-261.6,-1051.3,-70.3,-993.6
MAR00831,Plastique,PVC,100,145.2,1981,-261.6,-1051.3,-235.7,-908.4
MAR00832,Fonte,Fonte ductile,40,86.6,1979,-235.7,-908.4,-158.7,-868.8
MAR00833,Fonte,Fonte ductile,125,116.9,2002,-337.4,-814.3,-231.5,-764.9
MAR00834,Fonte,Fonte ductile,80,169.6,2011,-345.5,-688.4,-424.0,-538.1
MAR00835,Plastique,PEHD,80,102.7,1995,-424.0,-538.1,-339.4,-479.8
MAR00836,Plastique,PVC collé,400,167.8,1960,-424.0,-538.1,-498.8,-387.9
MAR00837,Fonte,Fonte grise,125,173.4,1930,-498.8,-387.9,-326.2,-372.4
MAR00838,Plastique,PEHD,150,128.0,1995,-518.4,-326.2,-415.0,-250.8
MAR00839,Fonte,Fonte ductile,100,163.7,1970,-518.4,-326.2,-595.6,-181.9
MAR00840,Plastique,PVC,150,125.3,1996,-595.6,-181.9,-492.7,-110.4
MAR00841,Plastique,PVC collé,150,205.1,1980,-595.6,-181.9,-615.2,22.3
MAR00842,Plastique,PVC collé,500,131.6,1960,-615.2,22.3,-486.7,-6.0
MAR00843,Fonte,Fonte grise,200,109.4,1930,-615.2,22.3,-684.0,107.4
MAR00844,Fonte,Fonte grise,400,156.6,1930,-723.5,245.6,-568.5,268.2
MAR00845,Plastique,PVC collé,63,90.9,1962,-723.5,245.6,-751.9,332.0
MAR00846,Plastique,PVC collé,150,81.4,1962,-751.9,332.0,-699.4,394.3
MAR00847,Plastique,PVC collé,400,158.1,1976,-751.9,332.0,-831.7,468.5
MAR00848,Plastique,PVC collé,32,180.7,1960,-831.7,468.5,-676.5,560.9
MAR00849,Fonte,Fonte ductile,200,159.8,1970,-831.7,468.5,-927.0,596.8
MAR00850,Plastique,PVC,150,124.9,1980,-927.0,596.8,-967.0,715.1
MAR00851,Fonte,Fonte ductile,150,187.0,2001,-967.0,715.1,-822.3,833.6
MAR00852,Fonte,Fonte grise,100,151.9,1971,-967.0,715.1,-953.7,866.4
MAR00853,Plastique,PVC,125,126.4,1980,-953.7,866.4,-837.2,915.6
MAR00854,Plastique,PVC collé,100,220.0,1982,-953.7,866.4,-1061.5,1058.2
MAR00855,Plastique,PVC,150,164.1,1980,-1061.5,1058.2,-897.8,1069.2
MAR00856,Plastique,PVC collé,400,155.0,1982,-1061.5,1058.2,-1107.3,1206.3
MAR00857,Plastique,PEHD,50,137.4,2024,-1107.3,1206.3,-971.1,1224.3
MAR00858,Fonte,Fonte grise,63,113.5,1956,-1107.3,1206.3,-1131.6,1317.2
MAR00859,Plastique,PVC,600,85.2,1980,-1131.6,1317.2,-1046.4,1314.3
MAR00860,Fonte,Fonte ductile,250,122.1,2014,-1250.0,1550.4,-1137.1,1597.1
MAR00861,Plastique,PVC collé,500,200.0,1960,-1250.0,1550.4,-1298.0,1744.5
MAR00862,Fonte,Fonte grise,125,128.6,1975,-1298.0,1744.5,-1178.2,1697.5
MAR00863,Plastique,PVC collé,200,128.5,1975,-1298.0,1744.5,-1405.5,1814.9
MAR00864,Fonte,Fonte ductile,150,194.1,1970,-1405.5,1814.9,-1215.9,1856.7
MAR00865,Fonte,Fonte grise,50,129.0,1931,434.0,-2211.5,562.0,-2195.5
MAR00866,Fonte,Fonte ductile,32,171.2,2001,434.0,-2211.5,316.1,-2087.4
MAR00867,Fonte,Fonte grise,300,199.6,1958,316.1,-2087.4,506.5,-2027.3
MAR00868,Fonte,Fonte ductile,250,113.1,1984,316.1,-2087.4,308.2,-1974.6
MAR00869,Fonte,Fonte ductile,250,162.3,1970,308.2,-1974.6,455.4,-1906.5
MAR00870,Plastique,PVC,125,170.0,1987,308.2,-1974.6,248.1,-1815.6
MAR00871,Fonte,Fonte ductile,40,136.2,1994,248.1,-1815.6,373.5,-1762.4
MAR00872,Fonte,Fonte grise,100,106.0,1933,248.1,-1815.6,193.4,-1724.8
MAR00873,Fonte,Fonte ductile,150,167.6,1995,193.4,-1724.8,111.2,-1578.7
MAR00874,Fonte,Fonte ductile,125,134.9,1989,111.2,-1578.7,206.9,-1483.6
MAR00875,Ciment,Amiante-ciment,150,180.6,1955,111.2,-1578.7,39.3,-1413.0
MAR00876,Ciment,Amiante-ciment,400,209.1,1957,39.3,-1413.0,246.0,-1381.1
MAR00877,Plastique,PEHD,250,150.2,2013,39.3,-1413.0,42.3,-1262.9
MAR00878,Fonte,Fonte grise,200,136.6,1942,42.3,-1262.9,155.7,-1186.5
MAR00879,Fonte,Fonte ductile,100,102.6,2011,42.3,-1262.9,-17.2,-1179.3
MAR00880,Plastique,PEHD,40,110.9,2000,-17.2,-1179.3,72.1,-1113.6
MAR00881,Plastique,PEHD,150,193.1,1995,-17.2,-1179.3,-70.3,-993.6
MAR00882,Plastique,PEHD,250,117.9,2013,-70.3,-993.6,43.2,-961.6
MAR00883,Fonte,Fonte ductile,250,152.9,1981,-70.3,-993.6,-158.7,-868.8
MAR00884,Fonte,Fonte grise,250,175.0,1962,-158.7,-868.8,-0.6,-793.9
MAR00885,Fonte,Fonte grise,63,126.9,1947,-158.7,-868.8,-231.5,-764.9
MAR00886,Fonte,Fonte grise,150,147.3,1949,-231.5,-764.9,-88.5,-729.6
MAR00887,Plastique,PVC,80,81.1,1980,-231.5,-764.9,-258.1,-688.3
MAR00888,Fonte,Fonte grise,150,175.9,1950,-258.1,-688.3,-103.4,-604.4
MAR00889,Plastique,PVC,150,223.7,1980,-258.1,-688.3,-339.4,-479.8
MAR00890,Ciment,Amiante-ciment,100,157.6,1955,-339.4,-479.8,-182.0,-487.2
MAR00891,Fonte,Fonte grise,50,108.2,1936,-339.4,-479.8,-326.2,-372.4
MAR00892,Acier,Acier,50,94.6,1950,-326.2,-372.4,-232.1,-362.9
MAR00893,Plastique,PVC collé,125,150.6,1960,-326.2,-372.4,-415.0,-250.8
MAR00894,Fonte,Fonte ductile,400,190.2,1973,-415.0,-250.8,-246.8,-162.1
MAR00895,Plastique,PVC collé,63,160.4,1960,-415.0,-250.8,-492.7,-110.4
MAR00896,Plastique,PVC collé,125,104.5,1960,-492.7,-110.4,-486.7,-6.0
MAR00897,Plastique,PEHD,32,166.8,1995,-486.7,-6.0,-339.1,71.7
MAR00898,Fonte,Fonte ductile,400,203.4,1970,-486.7,-6.0,-589.7,169.4
MAR00899,Fonte,Fonte ductile,200,136.2,1970,-589.7,169.4,-461.1,214.3
MAR00900,Plastique,PVC,200,101.1,1980,-589.7,169.4,-568.5,268.2
MAR00901,Plastique,PVC,40,62.0,1980,-568.5,268.2,-509.7,287.6
MAR00902,Fonte,Fonte ductile,80,181.7,1970,-568.5,268.2,-699.4,394.3
MAR00903,Plastique,PVC collé,125,168.2,1976,-699.4,394.3,-676.5,560.9
MAR00904,Plastique,PVC,200,99.1,2020,-676.5,560.9,-582.9,593.8
MAR00905,Plastique,PVC collé,200,157.9,1972,-676.5,560.9,-798.1,661.5
MAR00906,Fonte,Fonte grise,400,144.2,1935,-798.1,661.5,-656.0,685.6
MAR00907,Fonte,Fonte ductile,200,173.8,2006,-798.1,661.5,-822.3,833.6
MAR00908,Fonte,Fonte ductile,100,140.6,1989,-822.3,833.6,-681.7,832.9
MAR00909,Plastique,PEHD,125,83.4,2006,-822.3,833.6,-837.2,915.6
MAR00910,Plastique,PVC,150,160.5,2000,-837.2,915.6,-735.2,1039.5
MAR00911,Ciment,Amiante-ciment,200,165.1,1972,-837.2,915.6,-897.8,1069.2
MAR00912,Fonte,Fonte grise,150,103.9,1952,-897.8,1069.2,-802.7,1111.1
MAR00913,Fonte,Fonte grise,200,171.6,1949,-897.8,1069.2,-971.1,1224.3
MAR00914,Plastique,PVC collé,300,94.6,1960,-971.1,1224.3,-878.6,1243.8
MAR00915,Plastique,PVC collé,500,117.3,1961,-971.1,1224.3,-1046.4,1314.3
MAR00916,Fonte,Fonte ductile,80,186.4,1983,-1046.4,1314.3,-896.2,1424.8
MAR00917,Fonte,Fonte grise,150,211.1,1975,-1046.4,1314.3,-1066.0,1524.4
MAR00918,Fonte,Fonte ductile,400,52.9,1993,-1066.0,1524.4,-1022.4,1554.5
MAR00919,Acier,Acier,32,101.6,1974,-1066.0,1524.4,-1137.1,1597.1
MAR00920,Fonte,Fonte grise,200,108.5,1964,-1137.1,1597.1,-1178.2,1697.5
MAR00921,Plastique,PEHD,125,137.6,2010,-1178.2,1697.5,-1100.9,1811.3
MAR00922,Plastique,PEHD,63,163.7,2003,-1178.2,1697.5,-1215.9,1856.7
MAR00923,Plastique,PEHD,200,99.5,1997,-1215.9,1856.7,-1164.7,1942.0
MAR00924,Fonte,Fonte grise,63,135.6,1937,562.0,-2195.5,617.0,-2071.5
MAR00925,Fonte,Fonte ductile,32,177.1,1970,562.0,-2195.5,506.5,-2027.3
MAR00926,Plastique,PVC collé,40,108.6,1960,506.5,-2027.3,599.6,-1971.4
MAR00927,Fonte,Fonte grise,250,131.2,1972,506.5,-2027.3,455.4,-1906.5
MAR00928,Acier,Acier,40,66.7,1966,455.4,-1906.5,505.3,-1862.2
MAR00929,Fonte,Fonte ductile,40,165.7,1985,455.4,-1906.5,373.5,-1762.4
MAR00930,Fonte,Fonte ductile,150,139.2,1972,373.5,-1762.4,510.6,-1738.1
MAR00931,Fonte,Fonte grise,100,186.2,1939,373.5,-1762.4,257.9,-1616.5
MAR00932,Fonte,Fonte grise,250,222.0,1947,257.9,-1616.5,478.5,-1592.0
MAR00933,Fonte,Fonte ductile,500,142.3,1980,257.9,-1616.5,206.9,-1483.6
MAR00934,Plastique,PVC,250,138.3,1993,206.9,-1483.6,345.1,-1485.3
MAR00935,Fonte,Fonte ductile,125,109.8,1978,206.9,-1483.6,246.0,-1381.1
MAR00936,Fonte,Fonte ductile,250,117.1,2015,246.0,-1381.1,336.8,-1307.1
MAR00937,Acier,Acier,250,214.5,1968,246.0,-1381.1,155.7,-1186.5
MAR00938,Plastique,PEHD,300,154.7,1995,155.7,-1186.5,305.9,-1223.2
MAR00939,Acier,Acier,125,110.9,1950,155.7,-1186.5,72.1,-1113.6
MAR00940,Fonte,Fonte grise,200,111.8,1963,72.1,-1113.6,176.4,-1073.3
MAR00941,Plastique,PVC collé,300,154.7,1960,72.1,-1113.6,43.2,-961.6
MAR00942,Plastique,PVC,500,117.4,1985,43.2,-961.6,153.9,-922.4
MAR00943,Fonte,Fonte grise,600,173.3,1951,43.2,-961.6,-0.6,-793.9
MAR00944,Fonte,Fonte grise,100,91.9,1949,-0.6,-793.9,90.1,-778.8
MAR00945,Fonte,Fonte grise,200,109.0,1930,-0.6,-793.9,-88.5,-729.6
MAR00946,Plastique,PVC collé,250,161.1,1967,-88.5,-729.6,54.8,-656.1
MAR00947,Plastique,PVC collé,100,126.1,1968,-88.5,-729.6,-103.4,-604.4
MAR00948,Plastique,PVC,250,141.1,1980,-103.4,-604.4,-182.0,-487.2
MAR00949,Fonte,Fonte ductile,125,134.0,1976,-182.0,-487.2,-232.1,-362.9
MAR00950,Acier,Acier,300,201.4,1950,-232.1,-362.9,-246.8,-162.1
MAR00951,Fonte,Fonte ductile,400,86.2,1993,-246.8,-162.1,-164.8,-135.7
MAR00952,Plastique,PEHD,125,122.4,2002,-246.8,-162.1,-318.9,-63.2
MAR00953,Acier,Acier,250,125.9,1967,-318.9,-63.2,-224.1,19.7
MAR00954,Fonte,Fonte grise,80,136.4,1930,-318.9,-63.2,-339.1,71.7
MAR00955,Fonte,Fonte grise,80,77.7,1947,-339.1,71.7,-276.3,117.5
MAR00956,Fonte,Fonte ductile,200,187.7,1988,-339.1,71.7,-461.1,214.3
MAR00957,Ciment,Amiante-ciment,125,112.2,1955,-461.1,214.3,-351.4,237.5
MAR00958,Ciment,Amiante-ciment,500,87.9,1955,-461.1,214.3,-509.7,287.6
MAR00959,Fonte,Fonte grise,250,154.9,1930,-509.7,287.6,-372.1,358.8
MAR00960,Fonte,Fonte grise,125,156.7,1945,-509.7,287.6,-575.0,430.0
MAR00961,Plastique,PVC collé,100,154.7,1965,-575.0,430.0,-452.3,524.1
MAR00962,Fonte,Fonte ductile,600,164.0,1970,-575.0,430.0,-582.9,593.8
MAR00963,Fonte,Fonte ductile,250,96.3,1970,-582.9,593.8,-486.8,600.1
MAR00964,Fonte,Fonte grise,300,117.3,1930,-582.9,593.8,-656.0,685.6
MAR00965,Fonte,Fonte ductile,125,137.8,1970,-656.0,685.6,-574.7,796.9
MAR00966,Fonte,Fonte grise,600,149.5,1966,-656.0,685.6,-681.7,832.9
MAR00967,Ciment,Amiante-ciment,125,134.5,1976,-681.7,832.9,-605.4,943.6
MAR00968,Plastique,PVC collé,250,213.4,1982,-681.7,832.9,-735.2,1039.5
MAR00969,Fonte,Fonte ductile,600,115.6,1974,-735.2,1039.5,-619.9,1032.6
MAR00970,Fonte,Fonte ductile,300,98.4,1970,-735.2,1039.5,-802.7,1111.1
MAR00971,Fonte,Fonte ductile,200,118.8,2011,-802.7,1111.1,-699.5,1169.9
MAR00972,Plastique,PVC,250,152.9,1980,-802.7,1111.1,-878.6,1243.8
MAR00973,Plastique,PVC collé,250,106.0,1980,-878.6,1243.8,-776.1,1270.8
MAR00974,Fonte,Fonte ductile,200,181.8,1980,-878.6,1243.8,-896.2,1424.8
MAR00975,Fonte,Fonte ductile,50,143.1,1997,-896.2,1424.8,-753.5,1415.1
MAR00976,Acier,Acier,250,181.0,1950,-896.2,1424.8,-1022.4,1554.5
MAR00977,Acier,Acier,600,211.7,1950,-1022.4,1554.5,-810.7,1552.1
MAR00978,Fonte,Fonte grise,63,134.2,1945,-1022.4,1554.5,-1073.2,1678.7
MAR00979,Fonte,Fonte ductile,80,193.9,2010,-1073.2,1678.7,-886.7,1731.7
MAR00980,Plastique,PVC collé,250,135.5,1964,-1073.2,1678.7,-1100.9,1811.3
MAR00981,Fonte,Fonte ductile,63,150.0,2015,-1100.9,1811.3,-951.7,1826.4
MAR00982,Fonte,Fonte ductile,100,145.4,2003,-1100.9,1811.3,-1164.7,1942.0
MAR00983,Plastique,PEHD,40,173.1,1995,-1164.7,1942.0,-992.7,1922.4
MAR00984,Fonte,Fonte ductile,125,138.9,1998,617.0,-2071.5,755.9,-2068.6
MAR00985,Plastique,PVC,250,101.6,2014,617.0,-2071.5,599.6,-1971.4
MAR00986,Fonte,Fonte ductile,250,142.3,1981,599.6,-1971.4,736.6,-1933.1
MAR00987,Plastique,PVC collé,80,144.3,1979,599.6,-1971.4,505.3,-1862.2
MAR00988,Fonte,Fonte ductile,80,132.3,1987,505.3,-1862.2,602.7,-1772.6
MAR00989,Plastique,PEHD,150,124.2,2002,505.3,-1862.2,510.6,-1738.1
MAR00990,Fonte,Fonte ductile,80,127.8,1998,510.6,-1738.1,586.7,-1635.4
MAR00991,Fonte,Fonte grise,200,149.6,1948,510.6,-1738.1,478.5,-1592.0
MAR00992,Plastique,PVC collé,200,94.2,1971,478.5,-1592.0,510.9,-1503.5
MAR00993,Plastique,PVC,125,170.9,1980,478.5,-1592.0,345.1,-1485.3
MAR00994,Fonte,Fonte ductile,600,214.1,2012,345.1,-1485.3,526.5,-1371.6
MAR00995,Plastique,PVC,600,89.4,2011,336.8,-1307.1,305.9,-1223.2
MAR00996,Fonte,Fonte ductile,150,144.2,2015,305.9,-1223.2,436.2,-1161.4
MAR00997,Ciment,Amiante-ciment,250,198.1,1955,305.9,-1223.2,176.4,-1073.3
MAR00998,Acier,Acier,80,202.6,1976,176.4,-1073.3,350.3,-969.3
MAR00999,Acier,Acier,125,152.6,1950,176.4,-1073.3,153.9,-922.4
MAR01000,Fonte,Fonte grise,100,178.8,1930,153.9,-922.4,303.0,-823.8
MAR01001,Fonte,Fonte ductile,80,157.1,1998,153.9,-922.4,90.1,-778.8
MAR01002,Plastique,PVC,300,99.4,1980,90.1,-778.8,188.3,-763.2
MAR01003,Plastique,PVC,150,127.7,1980,90.1,-778.8,54.8,-656.1
MAR01004,Fonte,Fonte ductile,80,162.9,2000,54.8,-656.1,216.1,-633.7
MAR01005,Fonte,Fonte grise,150,151.0,1930,54.8,-656.1,-39.3,-538.0
MAR01006,Fonte,Fonte ductile,32,179.2,1979,-39.3,-538.0,128.5,-475.4
MAR01007,Fonte,Fonte ductile,50,116.3,1973,-39.3,-538.0,-61.5,-423.8
MAR01008,Fonte,Fonte grise,400,131.7,1950,-61.5,-423.8,64.8,-386.4
MAR01009,Fonte,Fonte ductile,500,161.9,1994,-61.5,-423.8,-102.4,-267.2
MAR01010,Fonte,Fonte ductile,125,119.0,1970,-102.4,-267.2,7.3,-221.0
MAR01011,Ciment,Amiante-ciment,125,103.3,1955,-164.8,-135.7,-82.6,-73.2
MAR01012,Fonte,Fonte ductile,200,166.4,1993,-164.8,-135.7,-224.1,19.7
MAR01013,Fonte,Fonte ductile,100,118.3,1977,-224.1,19.7,-112.4,58.9
MAR01014,Fonte,Fonte ductile,32,110.9,1990,-224.1,19.7,-276.3,117.5
MAR01015,Plastique,PVC,125,206.4,1980,-351.4,237.5,-147.6,270.3
MAR01016,Fonte,Fonte ductile,600,123.1,1970,-351.4,237.5,-372.1,358.8
MAR01017,Fonte,Fonte grise,125,173.8,1932,-372.1,358.8,-234.0,464.3
MAR01018,Fonte,Fonte ductile,150,183.7,1970,-372.1,358.8,-452.3,524.1
MAR01019,Plastique,PEHD,250,171.2,2005,-452.3,524.1,-304.2,610.1
MAR01020,Fonte,Fonte ductile,125,83.5,1981,-452.3,524.1,-486.8,600.1
MAR01021,Fonte,Fonte ductile,125,148.8,1970,-486.8,600.1,-399.5,720.6
MAR01022,Fonte,Fonte ductile,200,215.5,1977,-486.8,600.1,-574.7,796.9
MAR01023,Plastique,PVC,125,162.1,1995,-574.7,796.9,-412.7,788.8
MAR01024,Plastique,PVC collé,100,149.9,1975,-574.7,796.9,-605.4,943.6
MAR01025,Fonte,Fonte ductile,300,199.2,1970,-605.4,943.6,-406.2,946.9
MAR01026,Fonte,Fonte ductile,200,90.1,1970,-605.4,943.6,-619.9,1032.6
MAR01027,Plastique,PVC,200,143.4,1980,-619.9,1032.6,-494.3,1101.8
MAR01028,Plastique,PEHD,100,158.8,2002,-619.9,1032.6,-699.5,1169.9
MAR01029,Plastique,PVC collé,250,107.3,1976,-699.5,1169.9,-619.1,1241.1
MAR01030,Fonte,Fonte ductile,200,126.7,2007,-699.5,1169.9,-776.1,1270.8
MAR01031,Plastique,PVC,200,168.4,1980,-776.1,1270.8,-639.5,1369.3
MAR01032,Fonte,Fonte ductile,63,146.1,2011,-776.1,1270.8,-753.5,1415.1
MAR01033,Plastique,PEHD,50,138.8,2020,-753.5,1415.1,-625.5,1468.9
MAR01034,Fonte,Fonte ductile,600,148.5,1970,-753.5,1415.1,-810.7,1552.1
MAR01035,Fonte,Fonte grise,150,75.6,1930,-810.7,1552.1,-770.1,1615.8
MAR01036,Fonte,Fonte ductile,63,195.0,1970,-810.7,1552.1,-886.7,1731.7
MAR01037,Plastique,PVC,150,73.0,2008,-886.7,1731.7,-814.1,1723.7
MAR01038,Fonte,Fonte ductile,32,114.9,1970,-886.7,1731.7,-951.7,1826.4
MAR01039,Fonte,Fonte ductile,150,177.1,1986,-951.7,1826.4,-783.7,1882.5
MAR01040,Plastique,PVC,300,104.4,2010,-951.7,1826.4,-992.7,1922.4
MAR01041,Plastique,PEHD,250,119.3,1998,-992.7,1922.4,-903.7,2002.0
MAR01042,Fonte,Fonte ductile,400,153.4,1972,755.9,-2068.6,887.6,-1990.0
MAR01043,Fonte,Fonte grise,125,136.9,1975,755.9,-2068.6,736.6,-1933.1
MAR01044,Fonte,Fonte ductile,600,89.1,1974,736.6,-1933.1,812.1,-1885.7
MAR01045,Fonte,Fonte ductile,63,209.1,2015,736.6,-1933.1,602.7,-1772.6
MAR01046,Fonte,Fonte grise,125,197.1,1949,602.7,-1772.6,799.7,-1779.0
MAR01047,Fonte,Fonte ductile,100,138.1,1996,602.7,-1772.6,586.7,-1635.4
MAR01048,Fonte,Fonte ductile,50,137.1,1970,586.7,-1635.4,722.7,-1652.6
MAR01049,Fonte,Fonte ductile,200,152.1,1981,586.7,-1635.4,510.9,-1503.5
MAR01050,Fonte,Fonte ductile,80,198.2,1976,510.9,-1503.5,709.2,-1500.8
MAR01051,Ciment,Amiante-ciment,300,132.8,1974,510.9,-1503.5,526.5,-1371.6
MAR01052,Plastique,PVC collé,200,104.6,1974,526.5,-1371.6,620.8,-1326.3
MAR01053,Fonte,Fonte ductile,63,113.2,1983,526.5,-1371.6,469.6,-1273.8
MAR01054,Plastique,PEHD,200,61.9,1995,469.6,-1273.8,525.2,-1246.4
MAR01055,Fonte,Fonte grise,250,117.2,1943,469.6,-1273.8,436.2,-1161.4
MAR01056,Plastique,PVC,150,139.6,1980,436.2,-1161.4,539.4,-1067.3
MAR01057,Plastique,PVC,150,153.0,1980,350.3,-969.3,303.0,-823.8
MAR01058,Plastique,PEHD,250,51.5,2011,303.0,-823.8,352.0,-807.9
MAR01059,Acier,Acier,100,129.8,1972,303.0,-823.8,188.3,-763.2
MAR01060,Plastique,PEHD,32,146.9,1995,216.1,-633.7,341.8,-557.7
MAR01061,Plastique,PVC,150,180.9,1980,216.1,-633.7,128.5,-475.4
MAR01062,Fonte,Fonte ductile,250,106.1,1975,128.5,-475.4,216.7,-416.4
MAR01063,Plastique,PEHD,125,109.4,1995,128.5,-475.4,64.8,-386.4
MAR01064,Fonte,Fonte grise,125,121.8,1930,64.8,-386.4,154.8,-304.4
MAR01065,Plastique,PVC collé,200,175.1,1964,64.8,-386.4,7.3,-221.0
MAR01066,Plastique,PEHD,80,131.9,1995,7.3,-221.0,110.9,-139.4
MAR01067,Fonte,Fonte ductile,150,173.0,1985,7.3,-221.0,-82.6,-73.2
MAR01068,Plastique,PVC collé,32,163.5,1960,-82.6,-73.2,75.4,-31.3
MAR01069,Fonte,Fonte ductile,250,135.5,2015,-82.6,-73.2,-112.4,58.9
MAR01070,Fonte,Fonte ductile,100,171.3,1983,-112.4,58.9,58.8,54.4
MAR01071,Fonte,Fonte ductile,200,140.5,1970,-112.4,58.9,-132.0,198.1
MAR01072,Acier,Acier,40,73.9,1950,-132.0,198.1,-147.6,270.3
MAR01073,Plastique,PEHD,100,79.8,1995,-147.6,270.3,-114.3,342.9
MAR01074,Fonte,Fonte grise,80,212.4,1930,-147.6,270.3,-234.0,464.3
MAR01075,Fonte,Fonte ductile,300,107.5,1975,-234.0,464.3,-128.4,484.2
MAR01076,Fonte,Fonte ductile,80,161.8,1970,-234.0,464.3,-304.2,610.1
MAR01077,Fonte,Fonte ductile,200,143.7,1993,-304.2,610.1,-160.7,601.3
MAR01078,Plastique,PEHD,600,145.9,1999,-304.2,610.1,-399.5,720.6
MAR01079,Fonte,Fonte ductile,150,180.4,1970,-399.5,720.6,-224.8,765.4
MAR01080,Fonte,Fonte ductile,100,205.6,1983,-412.7,788.8,-248.8,912.9
MAR01081,Ciment,Amiante-ciment,125,158.3,1955,-412.7,788.8,-406.2,946.9
MAR01082,Fonte,Fonte ductile,80,137.7,1972,-494.3,1101.8,-381.2,1180.4
MAR01083,Fonte,Fonte grise,100,187.0,1975,-494.3,1101.8,-619.1,1241.1
MAR01084,Fonte,Fonte ductile,200,233.4,2015,-619.1,1241.1,-385.9,1248.9
MAR01085,Plastique,PVC collé,100,129.9,1985,-619.1,1241.1,-639.5,1369.3
MAR01086,Fonte,Fonte ductile,125,134.7,1970,-639.5,1369.3,-523.0,1436.8
MAR01087,Plastique,PEHD,32,100.5,2005,-639.5,1369.3,-625.5,1468.9
MAR01088,Plastique,PVC collé,250,139.9,1960,-625.5,1468.9,-494.7,1518.5
MAR01089,Plastique,PEHD,250,206.2,1995,-625.5,1468.9,-770.1,1615.8
MAR01090,Fonte,Fonte grise,300,116.5,1931,-770.1,1615.8,-814.1,1723.7
MAR01091,Plastique,PEHD,250,170.2,1995,-814.1,1723.7,-670.5,1815.2
MAR01092,Fonte,Fonte grise,80,161.7,1946,-814.1,1723.7,-783.7,1882.5
MAR01093,Plastique,PVC collé,200,119.1,1960,-783.7,1882.5,-717.4,1981.5
MAR01094,Fonte,Fonte ductile,150,169.3,1973,-783.7,1882.5,-903.7,2002.0
MAR01095,Plastique,PVC,250,147.4,1983,-903.7,2002.0,-797.9,2104.6
MAR01096,Fonte,Fonte grise,100,120.7,1965,887.6,-1990.0,1007.4,-2004.0
MAR01097,Fonte,Fonte grise,150,128.7,1967,887.6,-1990.0,812.1,-1885.7
MAR01098,Plastique,PVC collé,63,182.8,1960,812.1,-1885.7,969.0,-1792.0
MAR01099,Plastique,PEHD,125,154.0,1998,799.7,-1779.0,907.3,-1668.8
MAR01100,Plastique,PVC,32,148.0,1980,799.7,-1779.0,722.7,-1652.6
MAR01101,Fonte,Fonte grise,80,170.2,1930,722.7,-1652.6,867.5,-1563.0
MAR01102,Fonte,Fonte grise,50,128.6,1950,709.2,-1500.8,822.3,-1439.8
MAR01103,Plastique,PVC,125,195.7,1980,709.2,-1500.8,620.8,-1326.3
MAR01104,Fonte,Fonte ductile,100,130.9,1977,620.8,-1326.3,751.5,-1319.2
MAR01105,Fonte,Fonte ductile,125,124.5,1971,620.8,-1326.3,525.2,-1246.4
MAR01106,Plastique,PEHD,200,149.0,1995,525.2,-1246.4,649.5,-1164.3
MAR01107,Fonte,Fonte ductile,125,124.4,1988,539.4,-1067.3,657.4,-1027.9
MAR01108,Plastique,PVC,300,104.3,1984,512.4,-977.0,576.1,-894.5
MAR01109,Fonte,Fonte ductile,125,149.3,1971,352.0,-807.9,499.8,-829.5
MAR01110,Plastique,PVC,80,210.6,1980,321.9,-722.5,525.9,-670.0
MAR01111,Plastique,PEHD,250,166.0,1995,321.9,-722.5,341.8,-557.7
MAR01112,Fonte,Fonte ductile,125,69.4,1970,341.8,-557.7,410.0,-544.3
MAR01113,Plastique,PVC collé,200,188.7,1960,341.8,-557.7,216.7,-416.4
MAR01114,Plastique,PEHD,125,161.9,1995,216.7,-416.4,367.5,-357.3
MAR01115,Fonte,Fonte ductile,200,128.0,1991,216.7,-416.4,154.8,-304.4
MAR01116,Fonte,Fonte ductile,125,135.4,1970,154.8,-304.4,277.9,-247.9
MAR01117,Fonte,Fonte ductile,150,170.7,1970,154.8,-304.4,110.9,-139.4
MAR01118,Acier,Acier,200,141.8,1960,110.9,-139.4,252.3,-128.2
MAR01119,Fonte,Fonte ductile,125,113.8,1970,110.9,-139.4,75.4,-31.3
MAR01120,Plastique,PVC collé,300,127.0,1978,75.4,-31.3,187.7,28.2
MAR01121,Plastique,PVC collé,200,87.2,1967,75.4,-31.3,58.8,54.4
MAR01122,Plastique,PVC collé,250,197.8,1960,58.8,54.4,3.7,244.3
MAR01123,Plastique,PVC collé,250,109.9,1960,3.7,244.3,112.9,256.7
MAR01124,Plastique,PVC,125,153.7,1980,3.7,244.3,-114.3,342.9
MAR01125,Fonte,Fonte ductile,50,187.2,1971,-114.3,342.9,65.4,395.2
MAR01126,Fonte,Fonte grise,250,142.0,1937,-114.3,342.9,-128.4,484.2
MAR01127,Fonte,Fonte grise,300,131.3,1947,-128.4,484.2,-3.2,524.0
MAR01128,Plastique,PVC collé,600,121.5,1966,-128.4,484.2,-160.7,601.3
MAR01129,Plastique,PVC,80,167.1,1980,-160.7,601.3,-3.0,656.6
MAR01130,Fonte,Fonte ductile,150,176.1,1983,-160.7,601.3,-224.8,765.4
MAR01131,Fonte,Fonte ductile,100,111.6,1983,-224.8,765.4,-113.4,772.4
MAR01132,Fonte,Fonte ductile,600,149.4,1975,-224.8,765.4,-248.8,912.9
MAR01133,Plastique,PVC,125,104.3,1980,-248.8,912.9,-145.3,925.9
MAR01134,Plastique,PEHD,150,110.3,2024,-248.8,912.9,-306.5,1006.9
MAR01135,Plastique,PVC collé,250,75.2,1964,-306.5,1006.9,-233.7,1025.9
MAR01136,Plastique,PEHD,125,188.9,1995,-306.5,1006.9,-381.2,1180.4
MAR01137,Acier,Acier,63,118.9,1961,-381.2,1180.4,-262.5,1174.4
MAR01138,Fonte,Fonte ductile,100,75.6,1970,-385.9,1248.9,-318.3,1282.9
MAR01139,Fonte,Fonte ductile,63,232.6,1988,-385.9,1248.9,-523.0,1436.8
MAR01140,Fonte,Fonte grise,63,188.7,1933,-523.0,1436.8,-334.7,1448.8
MAR01141,Plastique,PEHD,150,80.9,2007,-494.7,1518.5,-433.2,1571.1
MAR01142,Fonte,Fonte ductile,150,142.4,2001,-494.7,1518.5,-558.4,1645.9
MAR01143,Fonte,Fonte ductile,250,133.9,2015,-558.4,1645.9,-433.1,1693.1
MAR01144,Fonte,Fonte ductile,50,203.1,1989,-558.4,1645.9,-670.5,1815.2
MAR01145,Fonte,Fonte grise,500,134.0,1942,-670.5,1815.2,-536.7,1809.3
MAR01146,Fonte,Fonte ductile,125,172.7,1989,-670.5,1815.2,-717.4,1981.5
MAR01147,Plastique,PVC,300,157.9,1980,-797.9,2104.6,-641.6,2082.5
MAR01148,Fonte,Fonte ductile,150,155.6,2001,1007.4,-2004.0,1128.5,-1906.3
MAR01149,Fonte,Fonte grise,250,215.5,1948,1007.4,-2004.0,969.0,-1792.0
MAR01150,Plastique,PVC collé,300,136.5,1960,969.0,-1792.0,1102.0,-1761.2
MAR01151,Fonte,Fonte ductile,200,137.8,2012,969.0,-1792.0,907.3,-1668.8
MAR01152,Plastique,PEHD,32,94.6,2018,907.3,-1668.8,990.6,-1624.0
MAR01153,Plastique,PEHD,80,113.1,2024,907.3,-1668.8,867.5,-1563.0
MAR01154,Plastique,PVC,200,126.1,1980,867.5,-1563.0,991.6,-1540.4
MAR01155,Fonte,Fonte grise,150,131.2,1944,867.5,-1563.0,822.3,-1439.8
MAR01156,Plastique,PVC collé,63,69.9,1960,822.3,-1439.8,891.8,-1447.5
MAR01157,Plastique,PVC collé,100,166.2,1960,751.5,-1319.2,887.2,-1223.2
MAR01158,Plastique,PVC collé,80,185.5,1982,751.5,-1319.2,649.5,-1164.3
MAR01159,Plastique,PVC collé,200,136.6,1960,649.5,-1164.3,657.4,-1027.9
MAR01160,Plastique,PVC,40,153.1,1981,657.4,-1027.9,806.8,-994.1
MAR01161,Fonte,Fonte grise,50,156.3,1953,657.4,-1027.9,576.1,-894.5
MAR01162,Fonte,Fonte ductile,32,129.7,1974,576.1,-894.5,703.0,-867.6
MAR01163,Fonte,Fonte grise,300,100.2,1957,576.1,-894.5,499.8,-829.5
MAR01164,Plastique,PVC collé,50,155.6,1960,499.8,-829.5,598.3,-709.1
MAR01165,Plastique,PVC collé,100,123.0,1960,525.9,-670.0,626.1,-598.7
MAR01166,Fonte,Fonte ductile,125,171.0,1987,525.9,-670.0,410.0,-544.3
MAR01167,Plastique,PVC,200,164.2,1982,410.0,-544.3,538.9,-442.5
MAR01168,Fonte,Fonte ductile,250,191.8,1970,410.0,-544.3,367.5,-357.3
MAR01169,Plastique,PVC,80,145.3,1980,367.5,-357.3,510.5,-383.1
MAR01170,Fonte,Fonte grise,150,141.4,1948,367.5,-357.3,277.9,-247.9
MAR01171,Fonte,Fonte ductile,250,158.9,1970,277.9,-247.9,436.5,-257.6
MAR01172,Plastique,PEHD,40,122.4,1999,277.9,-247.9,252.3,-128.2
MAR01173,Fonte,Fonte ductile,80,100.5,1971,252.3,-128.2,350.1,-105.3
MAR01174,Fonte,Fonte ductile,100,169.2,1970,252.3,-128.2,187.7,28.2
MAR01175,Fonte,Fonte ductile,100,184.0,1970,187.7,28.2,370.5,49.5
MAR01176,Plastique,PVC,125,125.1,1980,186.9,184.4,306.5,221.3
MAR01177,Plastique,PEHD,150,103.5,1995,186.9,184.4,112.9,256.7
MAR01178,Plastique,PEHD,600,139.6,1995,112.9,256.7,243.8,305.2
MAR01179,Plastique,PVC collé,150,146.4,1960,112.9,256.7,65.4,395.2
MAR01180,Fonte,Fonte ductile,150,132.5,1970,65.4,395.2,192.0,434.3
MAR01181,Fonte,Fonte grise,80,145.9,1939,65.4,395.2,-3.2,524.0
MAR01182,Plastique,PVC collé,125,173.3,1963,-3.2,524.0,152.2,600.7
MAR01183,Plastique,PVC,250,132.6,1999,-3.2,524.0,-3.0,656.6
MAR01184,Fonte,Fonte grise,125,91.6,1937,-3.0,656.6,72.6,708.2
MAR01185,Fonte,Fonte ductile,150,160.0,1983,-3.0,656.6,-113.4,772.4
MAR01186,Fonte,Fonte ductile,100,190.4,2005,-113.4,772.4,26.7,901.3
MAR01187,Plastique,PEHD,200,156.8,2009,-113.4,772.4,-145.3,925.9
MAR01188,Plastique,PVC,125,134.6,1980,-145.3,925.9,-28.3,992.4
MAR01189,Fonte,Fonte ductile,50,133.4,1995,-145.3,925.9,-233.7,1025.9
MAR01190,Acier,Acier,50,143.6,1988,-233.7,1025.9,-120.1,1113.7
MAR01191,Plastique,PEHD,125,151.3,1995,-233.7,1025.9,-262.5,1174.4
MAR01192,Plastique,PVC collé,100,106.5,1971,-262.5,1174.4,-159.9,1203.1
MAR01193,Ciment,Amiante-ciment,250,122.1,1980,-262.5,1174.4,-318.3,1282.9
MAR01194,Fonte,Fonte ductile,100,119.7,2001,-318.3,1282.9,-239.6,1373.1
MAR01195,Plastique,PEHD,125,135.1,2021,-334.7,1448.8,-209.7,1500.0
MAR01196,Plastique,PVC collé,50,157.0,1960,-334.7,1448.8,-433.2,1571.1
MAR01197,Plastique,PVC collé,300,178.0,1960,-433.2,1571.1,-290.1,1676.8
MAR01198,Plastique,PVC collé,125,122.0,1985,-433.2,1571.1,-433.1,1693.1
MAR01199,Fonte,Fonte ductile,150,155.7,1984,-433.1,1693.1,-536.7,1809.3
MAR01200,Plastique,PEHD,100,190.4,1997,-536.7,1809.3,-608.3,1985.7
MAR01201,Plastique,PEHD,63,145.6,2015,-608.3,1985.7,-467.2,2021.7
MAR01202,Plastique,PEHD,200,102.4,1995,-608.3,1985.7,-641.6,2082.5
MAR01203,Plastique,PVC collé,125,177.3,1982,-641.6,2082.5,-501.3,2190.9
MAR01204,Plastique,PVC,150,100.4,1980,1128.5,-1906.3,1221.4,-1868.2
MAR01205,Plastique,PVC collé,150,147.5,1960,1128.5,-1906.3,1102.0,-1761.2
MAR01206,Plastique,PVC collé,150,73.5,1985,1102.0,-1761.2,1165.1,-1723.5
MAR01207,Fonte,Fonte ductile,80,176.7,1982,1102.0,-1761.2,990.6,-1624.0
MAR01208,Fonte,Fonte grise,200,183.4,1975,990.6,-1624.0,1173.8,-1616.9
MAR01209,Fonte,Fonte grise,125,83.6,1933,990.6,-1624.0,991.6,-1540.4
MAR01210,Fonte,Fonte ductile,40,122.6,1970,991.6,-1540.4,1067.4,-1444.0
MAR01211,Fonte,Fonte ductile,150,136.3,1985,991.6,-1540.4,891.8,-1447.5
MAR01212,Fonte,Fonte ductile,600,183.8,1989,891.8,-1447.5,1061.3,-1376.5
MAR01213,Plastique,PVC,300,224.3,2016,891.8,-1447.5,887.2,-1223.2
MAR01214,Fonte,Fonte ductile,600,111.5,1970,887.2,-1223.2,992.5,-1186.6
MAR01215,Plastique,PVC collé,250,161.8,1960,887.2,-1223.2,811.2,-1080.4
MAR01216,Fonte,Fonte ductile,80,97.8,2001,811.2,-1080.4,907.7,-1064.5
MAR01217,Plastique,PVC collé,32,86.4,1960,811.2,-1080.4,806.8,-994.1
MAR01218,Plastique,PEHD,100,96.4,1995,806.8,-994.1,849.5,-907.6
MAR01219,Fonte,Fonte grise,50,163.6,1930,806.8,-994.1,703.0,-867.6
MAR01220,Plastique,PVC collé,250,190.0,1964,703.0,-867.6,598.3,-709.1
MAR01221,Plastique,PVC,80,221.9,1980,598.3,-709.1,820.2,-712.0
MAR01222,Plastique,PVC collé,150,79.0,1960,626.1,-598.7,698.3,-566.5
MAR01223,Plastique,PVC collé,50,178.9,1981,626.1,-598.7,538.9,-442.5
MAR01224,Fonte,Fonte ductile,150,65.9,1970,538.9,-442.5,510.5,-383.1
MAR01225,Fonte,Fonte ductile,125,162.1,1995,510.5,-383.1,614.2,-258.6
MAR01226,Plastique,PVC,100,145.7,1980,510.5,-383.1,436.5,-257.6
MAR01227,Plastique,PVC collé,250,190.1,1975,436.5,-257.6,557.2,-110.8
MAR01228,Plastique,PVC,32,175.1,1992,436.5,-257.6,350.1,-105.3
MAR01229,Fonte,Fonte grise,150,193.5,1945,350.1,-105.3,523.3,-18.8
MAR01230,Plastique,PVC collé,250,156.1,1960,350.1,-105.3,370.5,49.5
MAR01231,Plastique,PVC collé,250,112.1,1960,370.5,49.5,481.5,64.9
MAR01232,Fonte,Fonte grise,80,183.3,1930,370.5,49.5,306.5,221.3
MAR01233,Acier,Acier,250,104.8,1950,306.5,221.3,243.8,305.2
MAR01234,Fonte,Fonte ductile,200,140.1,1970,243.8,305.2,334.7,411.9
MAR01235,Fonte,Fonte grise,100,139.1,1930,243.8,305.2,192.0,434.3
MAR01236,Plastique,PVC,400,157.8,1980,192.0,434.3,336.3,498.4
MAR01237,Fonte,Fonte grise,100,171.1,1939,192.0,434.3,152.2,600.7
MAR01238,Plastique,PVC,200,60.7,1980,152.2,600.7,201.9,635.6
MAR01239,Plastique,PVC collé,100,133.8,1979,152.2,600.7,72.6,708.2
MAR01240,Fonte,Fonte ductile,250,169.3,1970,72.6,708.2,208.1,809.7
MAR01241,Plastique,PVC collé,500,198.5,1960,72.6,708.2,26.7,901.3
MAR01242,Fonte,Fonte ductile,400,146.2,2001,26.7,901.3,172.8,894.8
MAR01243,Acier,Acier,300,119.7,1953,-28.3,992.4,91.3,995.8
MAR01244,Fonte,Fonte grise,50,152.1,1950,-28.3,992.4,-120.1,1113.7
MAR01245,Fonte,Fonte grise,200,179.5,1960,-120.1,1113.7,47.1,1179.1
MAR01246,Plastique,PVC collé,250,97.9,1973,-120.1,1113.7,-159.9,1203.1
MAR01247,Plastique,PVC collé,250,152.5,1960,-159.9,1203.1,-18.9,1261.2
MAR01248,Fonte,Fonte ductile,200,187.7,2008,-159.9,1203.1,-239.6,1373.1
MAR01249,Fonte,Fonte grise,100,130.4,1940,-239.6,1373.1,-209.7,1500.0
MAR01250,Plastique,PEHD,125,97.2,2005,-209.7,1500.0,-124.0,1545.9
MAR01251,Fonte,Fonte ductile,125,194.2,1991,-209.7,1500.0,-290.1,1676.8
MAR01252,Fonte,Fonte ductile,200,122.8,1970,-290.1,1676.8,-170.8,1647.9
MAR01253,Plastique,PVC,250,117.4,1980,-290.1,1676.8,-375.1,1757.8
MAR01254,Fonte,Fonte ductile,400,122.2,1999,-375.1,1757.8,-254.9,1779.8
MAR01255,Fonte,Fonte ductile,200,156.1,2011,-375.1,1757.8,-453.2,1893.0
MAR01256,Fonte,Fonte ductile,63,174.2,2013,-453.2,1893.0,-308.9,1990.5
MAR01257,Fonte,Fonte grise,80,129.5,1950,-453.2,1893.0,-467.2,2021.7
MAR01258,Fonte,Fonte grise,100,109.6,1933,-501.3,2190.9,-404.6,2242.5
MAR01259,Ciment,Amiante-ciment,125,141.9,1975,1221.4,-1868.2,1363.1,-1876.4
MAR01260,Plastique,PVC,50,155.2,1991,1221.4,-1868.2,1165.1,-1723.5
MAR01261,Fonte,Fonte ductile,50,129.2,1972,1165.1,-1723.5,1294.1,-1729.5
MAR01262,Fonte,Fonte ductile,63,75.5,1993,1173.8,-1616.9,1244.6,-1590.5
MAR01263,Plastique,PEHD,80,132.2,2020,1067.4,-1444.0,1193.5,-1483.6
MAR01264,Fonte,Fonte ductile,250,67.8,1986,1067.4,-1444.0,1061.3,-1376.5
MAR01265,Ciment,Amiante-ciment,125,134.8,1955,1061.3,-1376.5,1162.2,-1287.2
MAR01266,Plastique,PVC,500,202.0,1980,1061.3,-1376.5,992.5,-1186.6
MAR01267,Plastique,PVC collé,250,148.7,1960,992.5,-1186.6,907.7,-1064.5
MAR01268,Plastique,PVC,32,120.9,1980,907.7,-1064.5,1015.5,-1009.8
MAR01269,Fonte,Fonte ductile,100,167.3,1999,907.7,-1064.5,849.5,-907.6
MAR01270,Fonte,Fonte ductile,600,188.0,1989,849.5,-907.6,1033.0,-866.7
MAR01271,Fonte,Fonte ductile,32,129.0,1991,849.5,-907.6,782.3,-797.5
MAR01272,Plastique,PVC,500,208.9,1995,782.3,-797.5,978.8,-726.4
MAR01273,Plastique,PVC,200,189.8,1980,820.2,-712.0,698.3,-566.5
MAR01274,Plastique,PEHD,63,160.7,1995,698.3,-566.5,649.6,-413.4
MAR01275,Acier,Acier,150,114.8,1986,649.6,-413.4,764.1,-422.1
MAR01276,Fonte,Fonte ductile,250,158.9,1975,649.6,-413.4,614.2,-258.6
MAR01277,Acier,Acier,125,123.8,1950,614.2,-258.6,722.7,-198.7
MAR01278,Fonte,Fonte ductile,32,158.3,1987,614.2,-258.6,557.2,-110.8
MAR01279,Fonte,Fonte ductile,80,111.0,1998,557.2,-110.8,657.6,-158.0
MAR01280,Plastique,PVC collé,600,98.1,1971,557.2,-110.8,523.3,-18.8
MAR01281,Plastique,PEHD,600,86.7,1995,523.3,-18.8,599.2,23.0
MAR01282,Acier,Acier,400,93.6,1950,523.3,-18.8,481.5,64.9
MAR01283,Fonte,Fonte ductile,200,155.9,1970,481.5,64.9,562.5,198.1
MAR01284,Fonte,Fonte grise,200,158.4,1947,481.5,64.9,456.8,221.3
MAR01285,Fonte,Fonte ductile,100,100.8,1974,456.8,221.3,490.0,316.5
MAR01286,Fonte,Fonte ductile,125,226.3,1984,456.8,221.3,334.7,411.9
MAR01287,Fonte,Fonte ductile,250,164.9,1970,334.7,411.9,485.9,477.6
MAR01288,Plastique,PEHD,100,86.5,1995,334.7,411.9,336.3,498.4
MAR01289,Plastique,PVC collé,150,192.0,1981,336.3,498.4,201.9,635.6
MAR01290,Fonte,Fonte ductile,150,143.9,1970,201.9,635.6,336.5,686.6
MAR01291,Plastique,PEHD,250,129.6,1995,208.1,809.7,334.8,782.3
MAR01292,Plastique,PEHD,125,92.1,1995,208.1,809.7,172.8,894.8
MAR01293,Fonte,Fonte ductile,40,136.6,1974,172.8,894.8,307.5,917.5
MAR01294,Fonte,Fonte grise,150,129.8,1930,172.8,894.8,91.3,995.8
MAR01295,Fonte,Fonte ductile,150,169.7,1974,91.3,995.8,238.4,1080.4
MAR01296,Fonte,Fonte grise,250,102.5,1943,47.1,1179.1,136.7,1228.8
MAR01297,Fonte,Fonte ductile,80,105.4,2010,47.1,1179.1,-18.9,1261.2
MAR01298,Fonte,Fonte ductile,125,179.3,1981,-18.9,1261.2,106.5,1389.3
MAR01299,Fonte,Fonte grise,300,99.8,1939,-44.5,1408.6,3.8,1495.8
MAR01300,Fonte,Fonte ductile,100,158.7,2015,-44.5,1408.6,-124.0,1545.9
MAR01301,Plastique,PEHD,150,167.4,1995,-124.0,1545.9,28.5,1615.0
MAR01302,Plastique,PVC collé,200,112.2,1960,-124.0,1545.9,-170.8,1647.9
MAR01303,Acier,Acier,50,165.3,1950,-170.8,1647.9,-21.6,1719.4
MAR01304,Fonte,Fonte grise,125,202.9,1953,-254.9,1779.8,-70.0,1863.1
MAR01305,Fonte,Fonte grise,600,217.5,1930,-254.9,1779.8,-308.9,1990.5
MAR01306,Plastique,PEHD,80,185.9,2017,-308.9,1990.5,-123.1,1983.2
MAR01307,Fonte,Fonte ductile,200,104.3,1986,-308.9,1990.5,-367.8,2076.5
MAR01308,Fonte,Fonte ductile,150,172.0,2015,-367.8,2076.5,-207.2,2138.0
MAR01309,Acier,Acier,63,170.0,1973,-367.8,2076.5,-404.6,2242.5
MAR01310,Plastique,PVC,250,142.3,2001,-404.6,2242.5,-270.9,2291.3
MAR01311,Ciment,Amiante-ciment,250,155.4,1955,1363.1,-1876.4,1468.6,-1762.4
MAR01312,Plastique,PVC collé,100,162.3,1960,1363.1,-1876.4,1294.1,-1729.5
MAR01313,Fonte,Fonte ductile,200,142.7,1983,1294.1,-1729.5,1394.4,-1628.0
MAR01314,Plastique,PVC,100,147.6,1984,1294.1,-1729.5,1244.6,-1590.5
MAR01315,Fonte,Fonte grise,100,159.8,1953,1244.6,-1590.5,1383.7,-1511.9
MAR01316,Fonte,Fonte ductile,32,118.5,2006,1244.6,-1590.5,1193.5,-1483.6
MAR01317,Plastique,PVC collé,600,188.6,1960,1193.5,-1483.6,1339.4,-1364.1
MAR01318,Fonte,Fonte ductile,80,198.9,1984,1193.5,-1483.6,1162.2,-1287.2
MAR01319,Plastique,PEHD,150,178.6,1995,1162.2,-1287.2,1307.9,-1183.9
MAR01320,Fonte,Fonte grise,600,106.8,1930,1162.2,-1287.2,1103.7,-1197.8
MAR01321,Fonte,Fonte grise,150,207.6,1951,1103.7,-1197.8,1015.5,-1009.8
MAR01322,Fonte,Fonte ductile,80,183.1,1984,1015.5,-1009.8,1197.2,-987.3
MAR01323,Fonte,Fonte grise,50,150.3,1964,1033.0,-866.7,978.8,-726.4
MAR01324,Plastique,PVC collé,150,115.6,1985,978.8,-726.4,1093.4,-741.3
MAR01325,Fonte,Fonte ductile,600,83.5,1978,978.8,-726.4,925.2,-662.4
MAR01326,Fonte,Fonte ductile,125,100.4,1973,925.2,-662.4,984.8,-581.6
MAR01327,Fonte,Fonte ductile,250,134.1,1970,925.2,-662.4,870.3,-540.0
MAR01328,Fonte,Fonte grise,250,88.1,1930,870.3,-540.0,932.8,-477.9
MAR01329,Fonte,Fonte grise,150,158.7,1932,870.3,-540.0,764.1,-422.1
MAR01330,Fonte,Fonte ductile,125,143.3,2004,764.1,-422.1,861.3,-316.9
MAR01331,Fonte,Fonte ductile,200,227.1,1974,764.1,-422.1,722.7,-198.7
MAR01332,Fonte,Fonte grise,100,76.7,1952,722.7,-198.7,657.6,-158.0
MAR01333,Plastique,PVC collé,500,201.1,1960,657.6,-158.0,837.9,-68.8
MAR01334,Fonte,Fonte grise,80,190.2,1945,657.6,-158.0,599.2,23.0
MAR01335,Plastique,PVC,50,139.9,1980,599.2,23.0,710.1,108.3
MAR01336,Fonte,Fonte ductile,125,179.0,1970,599.2,23.0,562.5,198.1
MAR01337,Plastique,PEHD,50,152.2,2004,562.5,198.1,710.4,162.2
MAR01338,Fonte,Fonte grise,80,138.8,1930,562.5,198.1,490.0,316.5
MAR01339,Fonte,Fonte ductile,32,199.9,1970,490.0,316.5,689.9,315.2
MAR01340,Fonte,Fonte ductile,250,161.2,1984,490.0,316.5,485.9,477.6
MAR01341,Fonte,Fonte ductile,100,147.7,2011,485.9,477.6,633.6,475.1
MAR01342,Plastique,PEHD,125,114.6,2007,485.9,477.6,387.1,535.6
MAR01343,Fonte,Fonte ductile,200,168.1,1975,387.1,535.6,550.6,574.8
MAR01344,Plastique,PEHD,500,159.3,1995,387.1,535.6,336.5,686.6
MAR01345,Fonte,Fonte ductile,40,161.0,1974,336.5,686.6,497.2,696.6
MAR01346,Plastique,PVC,150,95.8,1980,336.5,686.6,334.8,782.3
MAR01347,Ciment,Amiante-ciment,200,137.9,1956,334.8,782.3,307.5,917.5
MAR01348,Plastique,PEHD,250,91.3,2015,307.5,917.5,378.2,975.3
MAR01349,Fonte,Fonte ductile,250,176.9,1987,307.5,917.5,238.4,1080.4
MAR01350,Plastique,PVC,300,119.2,1980,238.4,1080.4,321.1,1166.2
MAR01351,Plastique,PVC collé,63,179.9,1972,238.4,1080.4,136.7,1228.8
MAR01352,Plastique,PVC collé,50,156.1,1975,136.7,1228.8,292.6,1236.8
MAR01353,Fonte,Fonte ductile,150,163.4,1980,136.7,1228.8,106.5,1389.3
MAR01354,Fonte,Fonte ductile,100,123.1,2009,106.5,1389.3,226.1,1418.6
MAR01355,Plastique,PVC,80,147.9,1980,106.5,1389.3,3.8,1495.8
MAR01356,Fonte,Fonte grise,150,167.4,1964,3.8,1495.8,169.1,1522.5
MAR01357,Plastique,PVC,80,121.7,1980,3.8,1495.8,28.5,1615.0
MAR01358,Plastique,PVC,250,122.5,2000,28.5,1615.0,150.9,1619.4
MAR01359,Ciment,Amiante-ciment,200,105.4,1955,-21.6,1719.4,46.7,1799.6
MAR01360,Plastique,PEHD,50,151.7,1999,-21.6,1719.4,-70.0,1863.1
MAR01361,Fonte,Fonte ductile,200,93.0,1997,-70.0,1863.1,-24.7,1944.3
MAR01362,Plastique,PVC,63,131.3,1989,-70.0,1863.1,-123.1,1983.2
MAR01363,Fonte,Fonte grise,600,104.5,1966,-123.1,1983.2,-35.8,2040.6
MAR01364,Plastique,PVC,50,176.2,2005,-123.1,1983.2,-207.2,2138.0
MAR01365,Fonte,Fonte grise,80,162.9,1960,-207.2,2138.0,-47.6,2170.6
MAR01366,Fonte,Fonte ductile,80,165.9,1975,-207.2,2138.0,-270.9,2291.3
MAR01367,Plastique,PVC collé,200,149.4,1960,-270.9,2291.3,-122.3,2306.1
MAR01368,Plastique,PEHD,200,136.8,1995,1468.6,-1762.4,1591.9,-1703.0
MAR01369,Fonte,Fonte ductile,400,153.5,1988,1468.6,-1762.4,1394.4,-1628.0
MAR01370,Fonte,Fonte ductile,500,116.6,1986,1394.4,-1628.0,1383.7,-1511.9
MAR01371,Acier,Acier,63,184.1,1950,1383.7,-1511.9,1528.0,-1397.5
MAR01372,Plastique,PVC collé,63,154.3,1960,1383.7,-1511.9,1339.4,-1364.1
MAR01373,Plastique,PVC collé,32,165.8,1985,1339.4,-1364.1,1501.2,-1327.6
MAR01374,Fonte,Fonte ductile,32,182.9,2005,1339.4,-1364.1,1307.9,-1183.9
MAR01375,Plastique,PEHD,125,83.9,1995,1307.9,-1183.9,1391.8,-1180.9
MAR01376,Fonte,Fonte grise,63,75.3,1934,1307.9,-1183.9,1247.5,-1139.0
MAR01377,Plastique,PVC collé,150,106.1,1960,1247.5,-1139.0,1308.6,-1052.2
MAR01378,Acier,Acier,500,159.8,1950,1247.5,-1139.0,1197.2,-987.3
MAR01379,Fonte,Fonte ductile,200,89.8,1970,1197.2,-987.3,1276.1,-944.4
MAR01380,Plastique,PEHD,250,178.9,1996,1197.2,-987.3,1106.9,-832.8
MAR01381,Fonte,Fonte grise,100,92.4,1955,1106.9,-832.8,1093.4,-741.3
MAR01382,Plastique,PVC,200,126.2,1980,1093.4,-741.3,1180.6,-650.0
MAR01383,Plastique,PVC,150,193.2,1980,1093.4,-741.3,984.8,-581.6
MAR01384,Plastique,PVC collé,150,138.0,1967,984.8,-581.6,1122.8,-578.4
MAR01385,Fonte,Fonte ductile,250,116.0,1971,984.8,-581.6,932.8,-477.9
MAR01386,Plastique,PVC,80,180.7,1980,932.8,-477.9,1075.1,-366.6
MAR01387,Plastique,PVC collé,200,176.2,1968,932.8,-477.9,861.3,-316.9
MAR01388,Ciment,Amiante-ciment,32,219.7,1955,861.3,-316.9,1072.4,-256.2
MAR01389,Fonte,Fonte grise,63,165.5,1930,861.3,-316.9,805.9,-160.9
MAR01390,Fonte,Fonte ductile,100,136.3,1998,805.9,-160.9,937.3,-124.2
MAR01391,Fonte,Fonte ductile,250,97.4,1977,805.9,-160.9,837.9,-68.8
MAR01392,Fonte,Fonte ductile,100,100.1,1970,837.9,-68.8,926.2,-21.8
MAR01393,Plastique,PVC,150,218.4,1989,837.9,-68.8,710.1,108.3
MAR01394,Plastique,PEHD,200,177.4,1995,710.1,108.3,887.2,98.4
MAR01395,Acier,Acier,125,53.9,1950,710.1,108.3,710.4,162.2
MAR01396,Fonte,Fonte grise,300,106.6,1930,710.4,162.2,779.6,243.4
MAR01397,Fonte,Fonte ductile,125,154.3,1979,710.4,162.2,689.9,315.2
MAR01398,Plastique,PEHD,40,84.3,1995,689.9,315.2,724.1,392.3
MAR01399,Fonte,Fonte grise,125,169.5,1941,689.9,315.2,633.6,475.1
MAR01400,Fonte,Fonte ductile,100,64.8,1970,633.6,475.1,696.8,489.5
MAR01401,Plastique,PVC,32,129.7,2006,633.6,475.1,550.6,574.8
MAR01402,Acier,Acier,150,177.0,1964,550.6,574.8,719.9,626.5
MAR01403,Fonte,Fonte ductile,32,133.0,1976,550.6,574.8,497.2,696.6
MAR01404,Fonte,Fonte ductile,200,109.5,1977,497.2,696.6,598.5,738.3
MAR01405,Plastique,PVC collé,50,193.1,1960,497.2,696.6,463.3,886.7
MAR01406,Plastique,PEHD,50,79.7,2017,463.3,886.7,512.9,949.1
MAR01407,Fonte,Fonte ductile,100,122.8,1970,463.3,886.7,378.2,975.3
MAR01408,Plastique,PEHD,200,134.5,2012,378.2,975.3,504.9,1020.3
MAR01409,Plastique,PVC,600,199.4,1980,378.2,975.3,321.1,1166.2
MAR01410,Acier,Acier,250,167.2,1990,321.1,1166.2,472.1,1237.9
MAR01411,Plastique,PVC,63,76.1,1986,321.1,1166.2,292.6,1236.8
MAR01412,Plastique,PVC,250,106.4,1980,292.6,1236.8,344.5,1329.6
MAR01413,Plastique,PEHD,150,193.6,1995,292.6,1236.8,226.1,1418.6
MAR01414,Plastique,PVC collé,600,127.2,1960,226.1,1418.6,352.1,1436.2
MAR01415,Fonte,Fonte ductile,80,118.5,2010,226.1,1418.6,169.1,1522.5
MAR01416,Fonte,Fonte ductile,125,112.3,1976,169.1,1522.5,279.2,1544.5
MAR01417,Plastique,PVC,150,145.2,1980,150.9,1619.4,224.0,1744.8
MAR01418,Fonte,Fonte grise,80,208.2,1934,150.9,1619.4,46.7,1799.6
MAR01419,Plastique,PVC collé,80,122.8,1960,46.7,1799.6,162.0,1841.9
MAR01420,Plastique,PVC,125,161.3,1980,46.7,1799.6,-24.7,1944.3
MAR01421,Plastique,PVC,200,96.9,1980,-24.7,1944.3,-35.8,2040.6
MAR01422,Plastique,PEHD,125,133.5,2006,-35.8,2040.6,69.1,2123.2
MAR01423,Plastique,PVC collé,150,130.5,1960,-35.8,2040.6,-47.6,2170.6
MAR01424,Plastique,PVC collé,300,82.9,1985,-47.6,2170.6,9.9,2230.3
MAR01425,Fonte,Fonte grise,200,154.7,1932,-47.6,2170.6,-122.3,2306.1
MAR01426,Plastique,PVC,80,75.2,2011,-122.3,2306.1,-53.8,2337.1
MAR01427,Plastique,PEHD,80,113.5,2018,1591.9,-1703.0,1695.4,-1656.7
MAR01428,Plastique,PVC collé,250,135.6,1985,1591.9,-1703.0,1522.6,-1586.4
MAR01429,Fonte,Fonte ductile,80,155.6,1970,1522.6,-1586.4,1678.2,-1588.8
MAR01430,Plastique,PEHD,250,104.4,1995,1528.0,-1397.5,1618.5,-1449.4
MAR01431,Fonte,Fonte ductile,250,74.8,2003,1528.0,-1397.5,1501.2,-1327.6
MAR01432,Fonte,Fonte grise,80,183.0,1975,1501.2,-1327.6,1391.8,-1180.9
MAR01433,Plastique,PVC,50,126.0,1980,1391.8,-1180.9,1516.3,-1200.3
MAR01434,Fonte,Fonte grise,125,153.2,1949,1391.8,-1180.9,1308.6,-1052.2
MAR01435,Fonte,Fonte grise,125,151.5,1930,1308.6,-1052.2,1454.2,-1010.2
MAR01436,Plastique,PEHD,32,112.6,2024,1308.6,-1052.2,1276.1,-944.4
MAR01437,Plastique,PVC,125,147.0,1980,1276.1,-944.4,1420.8,-918.4
MAR01438,Acier,Acier,150,127.1,1969,1276.1,-944.4,1278.7,-817.3
MAR01439,Fonte,Fonte grise,250,194.0,1930,1278.7,-817.3,1180.6,-650.0
MAR01440,Plastique,PVC collé,600,92.1,1960,1180.6,-650.0,1122.8,-578.4
MAR01441,Plastique,PVC collé,50,198.2,1960,1122.8,-578.4,1283.1,-461.9
MAR01442,Fonte,Fonte ductile,250,217.1,1997,1122.8,-578.4,1075.1,-366.6
MAR01443,Plastique,PVC collé,80,152.7,1960,1075.1,-366.6,1224.2,-333.5
MAR01444,Fonte,Fonte grise,125,110.4,1953,1075.1,-366.6,1072.4,-256.2
MAR01445,Fonte,Fonte ductile,150,101.2,2002,1072.4,-256.2,1152.7,-194.5
MAR01446,Acier,Acier,100,188.9,1950,1072.4,-256.2,937.3,-124.2
MAR01447,Fonte,Fonte grise,80,128.4,1957,937.3,-124.2,1049.2,-61.4
MAR01448,Plastique,PVC,125,103.0,1980,937.3,-124.2,926.2,-21.8
MAR01449,Plastique,PEHD,100,126.3,1995,926.2,-21.8,887.2,98.4
MAR01450,Fonte,Fonte ductile,500,86.4,1987,887.2,98.4,959.2,146.3
MAR01451,Fonte,Fonte ductile,200,180.6,1978,887.2,98.4,779.6,243.4
MAR01452,Fonte,Fonte ductile,200,177.4,1970,779.6,243.4,953.3,279.3
MAR01453,Plastique,PEHD,80,163.7,2007,724.1,392.3,883.9,427.4
MAR01454,Plastique,PVC collé,50,101.0,1960,724.1,392.3,696.8,489.5
MAR01455,Fonte,Fonte grise,125,203.9,1957,696.8,489.5,867.5,601.0
MAR01456,Plastique,PVC collé,100,138.9,1960,696.8,489.5,719.9,626.5
MAR01457,Fonte,Fonte grise,250,132.8,1930,719.9,626.5,820.3,713.3
MAR01458,Fonte,Fonte grise,500,165.0,1946,719.9,626.5,598.5,738.3
MAR01459,Fonte,Fonte grise,200,160.3,1930,598.5,738.3,699.8,862.4
MAR01460,Ciment,Amiante-ciment,300,227.5,1967,598.5,738.3,512.9,949.1
MAR01461,Plastique,PVC collé,150,172.8,1960,512.9,949.1,674.3,1010.9
MAR01462,Plastique,PVC,125,71.6,1985,512.9,949.1,504.9,1020.3
MAR01463,Acier,Acier,100,173.4,1950,504.9,1020.3,666.3,1083.9
MAR01464,Fonte,Fonte ductile,125,220.1,1975,504.9,1020.3,472.1,1237.9
MAR01465,Fonte,Fonte grise,150,63.4,1938,472.1,1237.9,532.5,1257.3
MAR01466,Plastique,PVC collé,200,193.8,1985,344.5,1329.6,536.6,1356.0
MAR01467,Fonte,Fonte grise,150,106.9,1931,344.5,1329.6,352.1,1436.2
MAR01468,Ciment,Amiante-ciment,100,136.3,1961,352.1,1436.2,482.3,1476.5
MAR01469,Fonte,Fonte ductile,50,130.6,2009,352.1,1436.2,279.2,1544.5
MAR01470,Plastique,PVC collé,80,114.8,1960,279.2,1544.5,372.4,1611.6
MAR01471,Fonte,Fonte ductile,200,207.7,1993,279.2,1544.5,224.0,1744.8
MAR01472,Fonte,Fonte grise,125,153.6,1948,224.0,1744.8,377.4,1750.9
MAR01473,Ciment,Amiante-ciment,50,115.2,1955,224.0,1744.8,162.0,1841.9
MAR01474,Fonte,Fonte ductile,63,147.6,2015,162.0,1841.9,306.2,1873.3
MAR01475,Fonte,Fonte ductile,80,173.4,2015,162.0,1841.9,85.0,1997.2
MAR01476,Fonte,Fonte grise,125,160.8,1968,85.0,1997.2,245.2,1984.1
MAR01477,Fonte,Fonte ductile,250,127.0,1971,85.0,1997.2,69.1,2123.2
MAR01478,Fonte,Fonte ductile,125,149.6,1994,69.1,2123.2,218.6,2127.8
MAR01479,Plastique,PEHD,150,122.3,2011,69.1,2123.2,9.9,2230.3
MAR01480,Fonte,Fonte grise,300,191.1,1975,9.9,2230.3,194.1,2281.3
MAR01481,Ciment,Amiante-ciment,80,124.4,1955,9.9,2230.3,-53.8,2337.1
MAR01482,Fonte,Fonte grise,400,139.6,1956,1695.4,-1656.7,1817.7,-1589.1
MAR01483,Plastique,PVC,40,70.0,2014,1695.4,-1656.7,1678.2,-1588.8
MAR01484,Plastique,PVC collé,150,158.7,1968,1678.2,-1588.8,1771.7,-1460.6
MAR01485,Fonte,Fonte grise,250,151.7,1943,1678.2,-1588.8,1618.5,-1449.4
MAR01486,Fonte,Fonte grise,200,165.5,1940,1618.5,-1449.4,1745.3,-1343.0
MAR01487,Plastique,PVC collé,80,81.7,1960,1612.7,-1250.3,1672.6,-1194.8
MAR01488,Fonte,Fonte ductile,50,108.6,1999,1612.7,-1250.3,1516.3,-1200.3
MAR01489,Plastique,PEHD,200,207.3,1995,1516.3,-1200.3,1661.0,-1051.8
MAR01490,Ciment,Amiante-ciment,250,199.9,1980,1516.3,-1200.3,1454.2,-1010.2
MAR01491,Plastique,PEHD,250,197.6,1995,1454.2,-1010.2,1635.6,-932.0
MAR01492,Plastique,PVC collé,500,97.7,1960,1454.2,-1010.2,1420.8,-918.4
MAR01493,Fonte,Fonte ductile,250,181.7,1994,1420.8,-918.4,1570.5,-815.5
MAR01494,Fonte,Fonte ductile,100,204.0,1994,1420.8,-918.4,1330.7,-735.3
MAR01495,Fonte,Fonte ductile,100,143.9,1970,1330.7,-735.3,1466.2,-686.9
MAR01496,Acier,Acier,200,111.4,1950,1330.7,-735.3,1351.1,-625.8
MAR01497,Plastique,PVC,125,127.1,1980,1351.1,-625.8,1439.5,-534.6
MAR01498,Fonte,Fonte grise,250,177.4,1930,1351.1,-625.8,1283.1,-461.9
MAR01499,Fonte,Fonte ductile,250,101.3,1988,1283.1,-461.9,1362.3,-398.7
MAR01500,Fonte,Fonte ductile,500,141.3,1970,1283.1,-461.9,1224.2,-333.5
MAR01501,Fonte,Fonte grise,150,100.8,1949,1224.2,-333.5,1316.9,-293.8
MAR01502,Fonte,Fonte ductile,125,156.2,2010,1224.2,-333.5,1152.7,-194.5
MAR01503,Plastique,PVC collé,125,168.7,1960,1152.7,-194.5,1049.2,-61.4
MAR01504,Plastique,PVC collé,200,127.5,1968,1049.2,-61.4,1068.2,64.7
MAR01505,Fonte,Fonte ductile,40,93.9,1981,1068.2,64.7,1161.2,51.2
MAR01506,Fonte,Fonte ductile,200,136.2,1996,1068.2,64.7,959.2,146.3
MAR01507,Acier,Acier,100,160.8,1950,959.2,146.3,1114.7,187.6
MAR01508,Plastique,PVC collé,300,133.1,1981,959.2,146.3,953.3,279.3
MAR01509,Fonte,Fonte ductile,100,144.0,1972,953.3,279.3,1081.8,344.1
MAR01510,Plastique,PVC,250,163.6,1980,953.3,279.3,883.9,427.4
MAR01511,Fonte,Fonte ductile,500,107.8,1983,883.9,427.4,980.5,475.4
MAR01512,Plastique,PVC collé,125,174.4,1960,883.9,427.4,867.5,601.0
MAR01513,Fonte,Fonte grise,63,121.8,1937,867.5,601.0,820.3,713.3
MAR01514,Fonte,Fonte grise,100,97.2,1930,820.3,713.3,881.3,789.1
MAR01515,Fonte,Fonte grise,500,191.7,1930,820.3,713.3,699.8,862.4
MAR01516,Fonte,Fonte grise,100,125.5,1940,699.8,862.4,822.9,886.9
MAR01517,Fonte,Fonte grise,250,150.6,1930,699.8,862.4,674.3,1010.9
MAR01518,Fonte,Fonte grise,200,112.3,1975,674.3,1010.9,779.3,1050.8
MAR01519,Plastique,PVC,200,73.5,1980,674.3,1010.9,666.3,1083.9
MAR01520,Fonte,Fonte grise,40,117.8,1949,666.3,1083.9,773.1,1133.5
MAR01521,Fonte,Fonte grise,500,219.0,1936,666.3,1083.9,532.5,1257.3
MAR01522,Fonte,Fonte ductile,250,98.8,2008,532.5,1257.3,536.6,1356.0
MAR01523,Plastique,PEHD,500,132.2,2014,536.6,1356.0,482.3,1476.5
MAR01524,Fonte,Fonte ductile,200,174.1,1970,482.3,1476.5,372.4,1611.6
MAR01525,Plastique,PVC collé,32,212.7,1978,372.4,1611.6,574.1,1679.0
MAR01526,Fonte,Fonte ductile,200,139.4,1982,372.4,1611.6,377.4,1750.9
MAR01527,Fonte,Fonte ductile,125,150.9,1999,377.4,1750.9,511.3,1820.5
MAR01528,Fonte,Fonte ductile,80,122.3,2005,306.2,1873.3,426.0,1897.9
MAR01529,Fonte,Fonte grise,32,126.5,1953,306.2,1873.3,245.2,1984.1
MAR01530,Acier,Acier,250,146.1,1988,245.2,1984.1,343.2,2092.6
MAR01531,Plastique,PEHD,80,146.1,1995,245.2,1984.1,218.6,2127.8
MAR01532,Fonte,Fonte ductile,250,145.2,2006,218.6,2127.8,326.0,2225.5
MAR01533,Plastique,PVC collé,100,155.4,1985,218.6,2127.8,194.1,2281.3
MAR01534,Fonte,Fonte ductile,100,91.8,1991,194.1,2281.3,276.5,2321.6
MAR01535,Fonte,Fonte ductile,150,210.3,2015,1817.7,-1589.1,2027.3,-1605.9
MAR01536,Fonte,Fonte grise,125,136.5,1940,1817.7,-1589.1,1771.7,-1460.6
MAR01537,Fonte,Fonte grise,40,135.8,1944,1771.7,-1460.6,1906.9,-1447.3
MAR01538,Fonte,Fonte grise,125,136.1,1951,1745.3,-1343.0,1877.8,-1311.7
MAR01539,Fonte,Fonte ductile,250,165.0,1978,1745.3,-1343.0,1672.6,-1194.8
MAR01540,Plastique,PVC collé,150,143.4,1985,1672.6,-1194.8,1661.0,-1051.8
MAR01541,Plastique,PVC collé,150,99.6,1960,1661.0,-1051.8,1760.2,-1060.8
MAR01542,Plastique,PVC,40,122.5,1999,1661.0,-1051.8,1635.6,-932.0
MAR01543,Plastique,PVC,150,114.9,1980,1635.6,-932.0,1745.3,-897.5
MAR01544,Fonte,Fonte grise,40,133.4,1975,1635.6,-932.0,1570.5,-815.5
MAR01545,Fonte,Fonte grise,500,62.3,1930,1570.5,-815.5,1615.7,-772.5
MAR01546,Fonte,Fonte grise,80,165.6,1930,1570.5,-815.5,1466.2,-686.9
MAR01547,Plastique,PEHD,150,154.4,1995,1466.2,-686.9,1618.4,-660.5
MAR01548,Fonte,Fonte ductile,100,154.6,1978,1466.2,-686.9,1439.5,-534.6
MAR01549,Plastique,PVC collé,200,146.3,1966,1439.5,-534.6,1568.6,-465.8
MAR01550,Plastique,PVC,200,156.3,1986,1439.5,-534.6,1362.3,-398.7
MAR01551,Fonte,Fonte ductile,200,129.0,1994,1362.3,-398.7,1489.8,-378.9
MAR01552,Plastique,PVC,150,114.2,2002,1362.3,-398.7,1316.9,-293.8
MAR01553,Plastique,PEHD,250,175.8,1995,1316.9,-293.8,1469.4,-206.4
MAR01554,Plastique,PVC collé,80,181.0,1985,1316.9,-293.8,1297.5,-113.9
MAR01555,Fonte,Fonte grise,250,107.7,1946,1297.5,-113.9,1405.2,-113.7
MAR01556,Plastique,PVC,80,183.2,1980,1206.9,-53.9,1375.3,18.3
MAR01557,Fonte,Fonte ductile,100,114.6,1983,1206.9,-53.9,1161.2,51.2
MAR01558,Fonte,Fonte grise,63,177.2,1971,1161.2,51.2,1309.3,148.5
MAR01559,Fonte,Fonte ductile,32,144.1,1999,1161.2,51.2,1114.7,187.6
MAR01560,Plastique,PVC collé,150,140.9,1972,1114.7,187.6,1246.0,238.6
MAR01561,Plastique,PVC,32,159.9,1980,1114.7,187.6,1081.8,344.1
MAR01562,Fonte,Fonte ductile,150,93.5,1977,1081.8,344.1,1160.4,394.7
MAR01563,Plastique,PVC,125,165.8,1980,1081.8,344.1,980.5,475.4
MAR01564,Plastique,PVC,400,177.0,1980,980.5,475.4,1124.1,578.9
MAR01565,Fonte,Fonte ductile,100,97.6,1973,957.2,620.5,1028.0,687.6
MAR01566,Ciment,Amiante-ciment,125,184.9,1974,957.2,620.5,881.3,789.1
MAR01567,Fonte,Fonte grise,250,151.1,1930,881.3,789.1,1032.0,778.0
MAR01568,Plastique,PVC collé,50,113.9,1960,881.3,789.1,822.9,886.9
MAR01569,Fonte,Fonte ductile,300,169.6,1980,822.9,886.9,779.3,1050.8
MAR01570,Fonte,Fonte grise,50,186.5,1942,779.3,1050.8,965.6,1044.2
MAR01571,Fonte,Fonte grise,125,83.0,1930,779.3,1050.8,773.1,1133.5
MAR01572,Fonte,Fonte ductile,80,149.5,1988,773.1,1133.5,907.1,1199.8
MAR01573,Fonte,Fonte grise,50,149.2,1930,773.1,1133.5,668.0,1239.4
MAR01574,Acier,Acier,80,136.3,1959,668.0,1239.4,791.8,1296.4
MAR01575,Plastique,PVC,80,122.1,1999,668.0,1239.4,638.1,1357.8
MAR01576,Plastique,PVC,250,195.7,2020,638.1,1357.8,779.5,1493.1
MAR01577,Plastique,PVC collé,150,161.7,1960,638.1,1357.8,571.9,1505.3
MAR01578,Fonte,Fonte grise,100,173.7,1956,571.9,1505.3,574.1,1679.0
MAR01579,Acier,Acier,150,117.3,1950,574.1,1679.0,676.6,1736.0
MAR01580,Fonte,Fonte grise,200,133.0,1946,511.3,1820.5,642.6,1841.6
MAR01581,Plastique,PVC collé,40,115.2,1985,511.3,1820.5,426.0,1897.9
MAR01582,Plastique,PVC collé,80,183.0,1971,426.0,1897.9,571.0,2009.6
MAR01583,Plastique,PVC collé,250,211.6,1981,426.0,1897.9,343.2,2092.6
MAR01584,Fonte,Fonte ductile,200,134.0,1970,343.2,2092.6,326.0,2225.5
MAR01585,Fonte,Fonte ductile,100,157.2,1985,326.0,2225.5,473.8,2279.1
MAR01586,Plastique,PVC collé,125,108.1,1960,326.0,2225.5,276.5,2321.6
MAR01587,Plastique,PVC,150,132.6,1989,276.5,2321.6,393.0,2385.1
MAR01588,Fonte,Fonte ductile,200,148.5,1981,276.5,2321.6,252.6,2468.2
MAR01589,Plastique,PVC,125,113.1,1995,252.6,2468.2,362.1,2496.8
MAR01590,Plastique,PVC collé,150,86.2,1980,2027.3,-1605.9,2073.8,-1533.3
MAR01591,Fonte,Fonte ductile,250,199.1,2006,2027.3,-1605.9,1906.9,-1447.3
MAR01592,Plastique,PVC,32,207.2,1988,1906.9,-1447.3,2087.6,-1345.9
MAR01593,Fonte,Fonte grise,100,138.7,1960,1906.9,-1447.3,1877.8,-1311.7
MAR01594,Plastique,PVC,32,156.2,1980,1877.8,-1311.7,2024.1,-1257.2
MAR01595,Plastique,PEHD,50,158.1,2024,1877.8,-1311.7,1793.3,-1178.1
MAR01596,Plastique,PVC collé,200,121.8,1985,1793.3,-1178.1,1760.2,-1060.8
MAR01597,Plastique,PVC collé,80,130.9,1960,1760.2,-1060.8,1849.1,-964.8
MAR01598,Fonte,Fonte grise,200,164.0,1945,1760.2,-1060.8,1745.3,-897.5
MAR01599,Fonte,Fonte ductile,80,84.8,2004,1745.3,-897.5,1815.5,-850.0
MAR01600,Plastique,PVC collé,50,180.0,1960,1745.3,-897.5,1615.7,-772.5
MAR01601,Plastique,PEHD,100,190.8,1995,1615.7,-772.5,1788.3,-691.3
MAR01602,Plastique,PVC collé,50,112.1,1976,1615.7,-772.5,1618.4,-660.5
MAR01603,Fonte,Fonte ductile,400,166.2,1972,1618.4,-660.5,1776.1,-608.1
MAR01604,Fonte,Fonte ductile,125,201.0,2010,1618.4,-660.5,1568.6,-465.8
MAR01605,Plastique,PVC,200,134.3,1994,1568.6,-465.8,1702.8,-459.5
MAR01606,Plastique,PVC,100,117.4,1980,1568.6,-465.8,1489.8,-378.9
MAR01607,Fonte,Fonte grise,125,169.5,1939,1489.8,-378.9,1633.7,-289.3
MAR01608,Fonte,Fonte ductile,200,173.7,1985,1489.8,-378.9,1469.4,-206.4
MAR01609,Plastique,PVC collé,250,70.6,1962,1469.4,-206.4,1539.6,-199.3
MAR01610,Fonte,Fonte ductile,150,112.8,1977,1469.4,-206.4,1405.2,-113.7
MAR01611,Fonte,Fonte grise,63,155.8,1966,1405.2,-113.7,1558.8,-87.3
MAR01612,Fonte,Fonte ductile,100,135.4,1988,1405.2,-113.7,1375.3,18.3
MAR01613,Plastique,PVC,80,134.5,1980,1375.3,18.3,1496.1,77.4
MAR01614,Ciment,Amiante-ciment,200,145.9,1955,1375.3,18.3,1309.3,148.5
MAR01615,Plastique,PVC collé,250,110.6,1960,1309.3,148.5,1403.1,207.2
MAR01616,Plastique,PVC,125,110.1,2005,1309.3,148.5,1246.0,238.6
MAR01617,Plastique,PVC,50,113.3,1984,1246.0,238.6,1341.6,299.5
MAR01618,Fonte,Fonte ductile,80,178.0,1975,1246.0,238.6,1160.4,394.7
MAR01619,Plastique,PVC,200,198.8,1980,1160.4,394.7,1341.2,477.5
MAR01620,Plastique,PVC collé,200,187.7,1960,1160.4,394.7,1124.1,578.9
MAR01621,Plastique,PEHD,100,172.1,1995,1124.1,578.9,1294.7,556.4
MAR01622,Plastique,PEHD,600,145.1,1995,1124.1,578.9,1028.0,687.6
MAR01623,Fonte,Fonte grise,200,90.4,1946,1028.0,687.6,1032.0,778.0
MAR01624,Acier,Acier,150,130.1,1978,1032.0,778.0,1151.4,829.6
MAR01625,Fonte,Fonte grise,500,113.4,1932,1032.0,778.0,1002.0,887.3
MAR01626,Fonte,Fonte grise,200,166.4,1948,1002.0,887.3,1151.0,961.5
MAR01627,Plastique,PVC collé,250,161.0,1960,1002.0,887.3,965.6,1044.2
MAR01628,Plastique,PVC collé,250,129.8,1977,965.6,1044.2,1068.9,1122.8
MAR01629,Plastique,PVC collé,63,166.3,1973,965.6,1044.2,907.1,1199.8
MAR01630,Fonte,Fonte grise,80,150.4,1959,907.1,1199.8,791.8,1296.4
MAR01631,Fonte,Fonte grise,100,192.8,1936,791.8,1296.4,955.6,1398.2
MAR01632,Fonte,Fonte ductile,32,149.6,1973,779.5,1493.1,917.1,1551.6
MAR01633,Acier,Acier,250,125.3,1950,678.2,1580.7,796.6,1622.0
MAR01634,Plastique,PVC,200,155.3,1980,678.2,1580.7,676.6,1736.0
MAR01635,Fonte,Fonte grise,150,78.7,1940,676.6,1736.0,735.6,1788.1
MAR01636,Ciment,Amiante-ciment,200,110.9,1955,676.6,1736.0,642.6,1841.6
MAR01637,Ciment,Amiante-ciment,32,95.6,1958,642.6,1841.6,728.6,1883.4
MAR01638,Plastique,PVC collé,200,106.4,1985,571.0,2009.6,520.1,2103.0
MAR01639,Fonte,Fonte ductile,100,111.1,2015,520.1,2103.0,579.4,2197.0
MAR01640,Fonte,Fonte ductile,32,182.1,1997,520.1,2103.0,473.8,2279.1
MAR01641,Fonte,Fonte ductile,200,74.4,1970,473.8,2279.1,546.8,2264.7
MAR01642,Fonte,Fonte ductile,125,133.3,1979,473.8,2279.1,393.0,2385.1
MAR01643,Fonte,Fonte ductile,63,149.5,1995,393.0,2385.1,539.3,2415.6
MAR01644,Fonte,Fonte grise,80,104.6,1975,362.1,2496.8,444.9,2560.7
MAR01645,Fonte,Fonte ductile,80,151.3,2015,2073.8,-1533.3,2224.1,-1516.8
MAR01646,Fonte,Fonte grise,80,187.9,1959,2073.8,-1533.3,2087.6,-1345.9
MAR01647,Plastique,PVC,100,135.1,1980,2087.6,-1345.9,2222.7,-1346.7
MAR01648,Plastique,PEHD,125,109.1,2024,2087.6,-1345.9,2024.1,-1257.2
MAR01649,Plastique,PVC collé,100,115.8,1985,2024.1,-1257.2,2139.9,-1254.3
MAR01650,Fonte,Fonte grise,32,202.7,1966,2024.1,-1257.2,1893.9,-1101.8
MAR01651,Plastique,PVC,100,156.2,2001,1893.9,-1101.8,2049.3,-1118.0
MAR01652,Plastique,PVC collé,125,144.2,1965,1893.9,-1101.8,1849.1,-964.8
MAR01653,Plastique,PEHD,600,123.3,2021,1849.1,-964.8,1967.2,-929.5
MAR01654,Plastique,PVC,80,119.6,1980,1849.1,-964.8,1815.5,-850.0
MAR01655,Plastique,PVC collé,200,184.7,1961,1815.5,-850.0,2000.2,-852.4
MAR01656,Plastique,PVC collé,50,160.9,1972,1815.5,-850.0,1788.3,-691.3
MAR01657,Ciment,Amiante-ciment,125,124.9,1955,1788.3,-691.3,1912.7,-703.2
MAR01658,Plastique,PEHD,150,84.2,2013,1788.3,-691.3,1776.1,-608.1
MAR01659,Plastique,PVC,125,165.7,2000,1776.1,-608.1,1702.8,-459.5
MAR01660,Fonte,Fonte ductile,125,119.5,1993,1702.8,-459.5,1813.6,-414.6
MAR01661,Plastique,PEHD,150,117.3,1995,1633.7,-289.3,1741.6,-335.4
MAR01662,Fonte,Fonte ductile,150,152.9,1974,1539.6,-199.3,1678.6,-135.7
MAR01663,Fonte,Fonte grise,100,113.6,1942,1539.6,-199.3,1558.8,-87.3
MAR01664,Plastique,PEHD,80,84.3,2016,1558.8,-87.3,1639.9,-64.1
MAR01665,Fonte,Fonte ductile,200,176.2,1983,1558.8,-87.3,1496.1,77.4
MAR01666,Plastique,PEHD,250,93.0,2006,1496.1,77.4,1581.0,115.3
MAR01667,Plastique,PVC collé,100,159.7,1983,1496.1,77.4,1403.1,207.2
MAR01668,Fonte,Fonte ductile,250,182.0,1983,1403.1,207.2,1571.7,275.7
MAR01669,Plastique,PEHD,100,111.0,1995,1403.1,207.2,1341.6,299.5
MAR01670,Plastique,PEHD,100,173.5,2000,1341.6,299.5,1483.6,399.2
MAR01671,Acier,Acier,250,178.0,1950,1341.6,299.5,1341.2,477.5
MAR01672,Plastique,PVC,150,129.6,1980,1341.2,477.5,1447.6,551.4
MAR01673,Fonte,Fonte ductile,250,91.6,1976,1341.2,477.5,1294.7,556.4
MAR01674,Acier,Acier,100,150.7,1973,1294.7,556.4,1402.9,661.3
MAR01675,Plastique,PVC,80,186.5,2011,1294.7,556.4,1239.4,734.5
MAR01676,Plastique,PVC,100,104.0,1980,1239.4,734.5,1341.0,756.3
MAR01677,Plastique,PEHD,200,129.5,1995,1239.4,734.5,1151.4,829.6
MAR01678,Plastique,PVC collé,400,105.5,1967,1151.4,829.6,1251.8,862.0
MAR01679,Plastique,PVC collé,32,131.9,1962,1151.4,829.6,1151.0,961.5
MAR01680,Plastique,PVC,63,181.1,1980,1151.0,961.5,1068.9,1122.8
MAR01681,Plastique,PVC collé,200,152.2,1965,1068.9,1122.8,987.1,1251.2
MAR01682,Plastique,PEHD,600,150.3,2024,987.1,1251.2,955.6,1398.2
MAR01683,Fonte,Fonte ductile,150,96.1,2015,955.6,1398.2,1026.4,1463.1
MAR01684,Plastique,PVC,400,158.2,1980,955.6,1398.2,917.1,1551.6
MAR01685,Fonte,Fonte grise,80,123.6,1946,917.1,1551.6,1040.6,1546.4
MAR01686,Fonte,Fonte ductile,200,139.6,1970,917.1,1551.6,796.6,1622.0
MAR01687,Fonte,Fonte ductile,150,164.1,2012,796.6,1622.0,939.5,1702.5
MAR01688,Plastique,PVC collé,300,176.9,1960,796.6,1622.0,735.6,1788.1
MAR01689,Fonte,Fonte ductile,80,155.4,2004,735.6,1788.1,891.0,1786.8
MAR01690,Plastique,PEHD,150,95.6,2024,735.6,1788.1,728.6,1883.4
MAR01691,Fonte,Fonte ductile,200,146.9,1979,728.6,1883.4,867.2,1932.0
MAR01692,Fonte,Fonte grise,125,190.3,1949,728.6,1883.4,653.4,2058.2
MAR01693,Plastique,PVC collé,250,141.8,1970,653.4,2058.2,794.2,2075.1
MAR01694,Plastique,PVC collé,50,157.3,1972,653.4,2058.2,579.4,2197.0
MAR01695,Plastique,PVC collé,100,156.3,1960,579.4,2197.0,733.1,2224.9
MAR01696,Plastique,PEHD,32,146.7,1999,546.8,2264.7,658.9,2359.4
MAR01697,Plastique,PVC collé,150,151.0,1985,546.8,2264.7,539.3,2415.6
MAR01698,Fonte,Fonte ductile,400,108.9,1980,539.3,2415.6,592.2,2510.8
MAR01699,Plastique,PVC,250,173.1,1980,539.3,2415.6,444.9,2560.7
MAR01700,Fonte,Fonte grise,150,198.1,1956,2224.1,-1516.8,2357.9,-1370.7
MAR01701,Acier,Acier,125,170.1,1960,2224.1,-1516.8,2222.7,-1346.7
MAR01702,Fonte,Fonte ductile,150,63.0,2005,2222.7,-1346.7,2257.5,-1294.2
MAR01703,Plastique,PEHD,200,124.1,1995,2222.7,-1346.7,2139.9,-1254.3
MAR01704,Fonte,Fonte ductile,300,106.0,1982,2139.9,-1254.3,2221.0,-1186.0
MAR01705,Fonte,Fonte ductile,32,163.6,1976,2139.9,-1254.3,2049.3,-1118.0
MAR01706,Plastique,PEHD,100,149.3,1995,2049.3,-1118.0,2181.3,-1048.1
MAR01707,Fonte,Fonte grise,100,205.6,1972,2049.3,-1118.0,1967.2,-929.5
MAR01708,Plastique,PVC collé,200,221.8,1975,1967.2,-929.5,2188.2,-910.8
MAR01709,Fonte,Fonte grise,40,83.9,1937,1967.2,-929.5,2000.2,-852.4
MAR01710,Fonte,Fonte grise,150,173.1,1949,2000.2,-852.4,1912.7,-703.2
MAR01711,Plastique,PVC,100,165.1,1980,1912.7,-703.2,2045.7,-605.5
MAR01712,Fonte,Fonte grise,250,175.4,1958,1912.7,-703.2,1876.7,-531.5
MAR01713,Fonte,Fonte ductile,150,157.8,1980,1876.7,-531.5,2034.2,-521.8
MAR01714,Fonte,Fonte grise,400,132.8,1975,1876.7,-531.5,1813.6,-414.6
MAR01715,Acier,Acier,125,106.9,1960,1813.6,-414.6,1920.0,-424.2
MAR01716,Acier,Acier,150,107.1,1962,1813.6,-414.6,1741.6,-335.4
MAR01717,Plastique,PVC collé,200,139.4,1971,1741.6,-335.4,1842.6,-239.2
MAR01718,Fonte,Fonte ductile,100,209.4,1994,1741.6,-335.4,1678.6,-135.7
MAR01719,Fonte,Fonte ductile,125,183.1,1970,1678.6,-135.7,1839.1,-47.5
MAR01720,Plastique,PVC collé,63,188.8,1978,1639.9,-64.1,1581.0,115.3
MAR01721,Ciment,Amiante-ciment,250,155.1,1977,1581.0,115.3,1729.1,161.4
MAR01722,Fonte,Fonte ductile,150,160.7,1985,1581.0,115.3,1571.7,275.7
MAR01723,Acier,Acier,50,118.9,1963,1571.7,275.7,1688.4,298.8
MAR01724,Fonte,Fonte grise,200,151.6,1937,1571.7,275.7,1483.6,399.2
MAR01725,Fonte,Fonte ductile,80,157.3,1998,1483.6,399.2,1640.9,404.6
MAR01726,Fonte,Fonte ductile,300,156.4,2009,1483.6,399.2,1447.6,551.4
MAR01727,Plastique,PEHD,40,102.9,1995,1447.6,551.4,1544.4,516.7
MAR01728,Fonte,Fonte grise,80,118.6,1949,1447.6,551.4,1402.9,661.3
MAR01729,Acier,Acier,125,132.4,1986,1402.9,661.3,1535.1,653.1
MAR01730,Fonte,Fonte ductile,125,113.4,1987,1402.9,661.3,1341.0,756.3
MAR01731,Plastique,PVC collé,80,152.4,1981,1341.0,756.3,1461.3,849.9
MAR01732,Fonte,Fonte grise,80,138.3,1969,1341.0,756.3,1251.8,862.0
MAR01733,Acier,Acier,250,170.1,1950,1251.8,862.0,1399.7,946.3
MAR01734,Plastique,PVC collé,100,134.1,1960,1251.8,862.0,1249.6,996.1
MAR01735,Plastique,PEHD,250,154.5,1995,1249.6,996.1,1336.8,1123.7
MAR01736,Plastique,PVC,125,161.6,1987,1185.7,1136.6,1306.2,1244.3
MAR01737,Fonte,Fonte ductile,63,163.8,1986,1185.7,1136.6,1148.6,1296.1
MAR01738,Fonte,Fonte grise,80,105.9,1975,1148.6,1296.1,1220.9,1373.5
MAR01739,Plastique,PVC collé,40,206.9,1985,1148.6,1296.1,1026.4,1463.1
MAR01740,Fonte,Fonte ductile,150,193.7,2007,1026.4,1463.1,1217.8,1492.9
MAR01741,Ciment,Amiante-ciment,150,84.5,1955,1026.4,1463.1,1040.6,1546.4
MAR01742,Plastique,PVC collé,250,136.6,1960,1040.6,1546.4,1164.5,1603.9
MAR01743,Fonte,Fonte ductile,100,186.0,1985,1040.6,1546.4,939.5,1702.5
MAR01744,Fonte,Fonte grise,150,129.3,1974,939.5,1702.5,1068.7,1701.7
MAR01745,Fonte,Fonte grise,200,142.5,1943,891.0,1786.8,1025.1,1835.0
MAR01746,Fonte,Fonte ductile,40,147.1,2002,891.0,1786.8,867.2,1932.0
MAR01747,Plastique,PVC collé,63,103.7,1985,867.2,1932.0,912.4,2025.3
MAR01748,Fonte,Fonte grise,125,160.7,1954,867.2,1932.0,794.2,2075.1
MAR01749,Fonte,Fonte ductile,200,174.7,1980,794.2,2075.1,960.8,2128.0
MAR01750,Plastique,PEHD,100,161.7,2022,794.2,2075.1,733.1,2224.9
MAR01751,Plastique,PVC,80,154.4,1980,733.1,2224.9,886.4,2243.8
MAR01752,Fonte,Fonte grise,40,153.7,1930,733.1,2224.9,658.9,2359.4
MAR01753,Fonte,Fonte grise,40,140.8,1975,658.9,2359.4,790.9,2408.2
MAR01754,Plastique,PVC collé,125,162.8,1976,592.2,2510.8,749.2,2553.7
MAR01755,Fonte,Fonte ductile,80,94.8,1984,592.2,2510.8,554.7,2597.9
MAR01756,Plastique,PVC,150,181.1,2001,554.7,2597.9,733.2,2628.5
MAR01757,Fonte,Fonte grise,250,143.7,1948,2357.9,-1370.7,2496.6,-1333.0
MAR01758,Acier,Acier,100,126.2,1969,2357.9,-1370.7,2257.5,-1294.2
MAR01759,Fonte,Fonte ductile,150,186.2,2015,2257.5,-1294.2,2441.7,-1266.5
MAR01760,Plastique,PEHD,500,114.2,2008,2257.5,-1294.2,2221.0,-1186.0
MAR01761,Fonte,Fonte grise,200,174.6,1930,2221.0,-1186.0,2364.9,-1087.2
MAR01762,Fonte,Fonte grise,32,143.5,1939,2221.0,-1186.0,2181.3,-1048.1
MAR01763,Plastique,PEHD,100,128.8,2003,2181.3,-1048.1,2267.0,-952.1
MAR01764,Plastique,PVC,150,137.5,1980,2181.3,-1048.1,2188.2,-910.8
MAR01765,Plastique,PEHD,300,138.8,1997,2188.2,-910.8,2282.0,-808.5
MAR01766,Fonte,Fonte grise,250,189.9,1940,2188.2,-910.8,2104.6,-740.3
MAR01767,Plastique,PEHD,100,76.7,2024,2104.6,-740.3,2181.0,-733.1
MAR01768,Plastique,PEHD,80,147.1,2017,2104.6,-740.3,2045.7,-605.5
MAR01769,Acier,Acier,100,146.6,1983,2045.7,-605.5,2188.4,-571.5
MAR01770,Fonte,Fonte grise,100,84.6,1944,2045.7,-605.5,2034.2,-521.8
MAR01771,Plastique,PEHD,150,141.1,2024,2034.2,-521.8,2109.0,-402.1
MAR01772,Plastique,PVC,500,150.2,2018,2034.2,-521.8,1920.0,-424.2
MAR01773,Plastique,PVC,125,200.5,1989,1920.0,-424.2,1842.6,-239.2
MAR01774,Ciment,Amiante-ciment,32,198.1,1955,1842.6,-239.2,2033.6,-186.7
MAR01775,Fonte,Fonte ductile,250,191.7,2015,1842.6,-239.2,1839.1,-47.5
MAR01776,Fonte,Fonte grise,40,107.5,1975,1839.1,-47.5,1945.2,-64.9
MAR01777,Fonte,Fonte ductile,80,112.4,2015,1743.9,53.6,1856.4,52.6
MAR01778,Fonte,Fonte ductile,63,108.8,1970,1743.9,53.6,1729.1,161.4
MAR01779,Fonte,Fonte ductile,200,81.1,2000,1729.1,161.4,1808.9,175.9
MAR01780,Plastique,PVC collé,63,143.2,1960,1729.1,161.4,1688.4,298.8
MAR01781,Acier,Acier,200,130.7,1980,1688.4,298.8,1810.6,345.2
MAR01782,Fonte,Fonte ductile,250,116.0,1970,1688.4,298.8,1640.9,404.6
MAR01783,Fonte,Fonte ductile,400,133.4,1975,1640.9,404.6,1763.0,458.4
MAR01784,Plastique,PVC,300,147.8,1980,1640.9,404.6,1544.4,516.7
MAR01785,Plastique,PEHD,150,136.3,1996,1544.4,516.7,1672.3,563.8
MAR01786,Fonte,Fonte grise,150,136.7,1951,1544.4,516.7,1535.1,653.1
MAR01787,Fonte,Fonte grise,200,157.0,1930,1535.1,653.1,1682.4,707.3
MAR01788,Plastique,PEHD,200,210.3,2007,1535.1,653.1,1461.3,849.9
MAR01789,Fonte,Fonte grise,100,69.9,1963,1461.3,849.9,1530.2,861.3
MAR01790,Plastique,PEHD,250,114.4,1995,1461.3,849.9,1399.7,946.3
MAR01791,Fonte,Fonte ductile,100,95.2,1977,1399.7,946.3,1493.8,960.4
MAR01792,Plastique,PEHD,500,188.2,1995,1399.7,946.3,1336.8,1123.7
MAR01793,Fonte,Fonte ductile,125,127.4,1981,1336.8,1123.7,1463.9,1114.7
MAR01794,Plastique,PEHD,40,124.4,2001,1336.8,1123.7,1306.2,1244.3
MAR01795,Fonte,Fonte ductile,80,105.2,2015,1306.2,1244.3,1410.5,1231.1
MAR01796,Fonte,Fonte ductile,80,154.8,2009,1306.2,1244.3,1220.9,1373.5
MAR01797,Plastique,PEHD,100,157.2,2024,1220.9,1373.5,1365.4,1435.5
MAR01798,Acier,Acier,600,119.4,1952,1220.9,1373.5,1217.8,1492.9
MAR01799,Plastique,PVC,50,140.3,1980,1217.8,1492.9,1355.4,1520.5
MAR01800,Fonte,Fonte ductile,100,123.2,1976,1217.8,1492.9,1164.5,1603.9
MAR01801,Fonte,Fonte ductile,600,127.3,1993,1164.5,1603.9,1290.8,1619.8
MAR01802,Fonte,Fonte ductile,125,127.8,1976,1068.7,1701.7,1192.4,1734.0
MAR01803,Fonte,Fonte ductile,32,147.5,2008,1025.1,1835.0,1161.3,1891.6
MAR01804,Fonte,Fonte grise,80,221.2,1956,1025.1,1835.0,912.4,2025.3
MAR01805,Acier,Acier,80,113.5,1980,912.4,2025.3,960.8,2128.0
MAR01806,Fonte,Fonte ductile,100,138.9,1976,960.8,2128.0,1093.8,2167.9
MAR01807,Fonte,Fonte ductile,32,152.5,2004,886.4,2243.8,997.8,2347.9
MAR01808,Fonte,Fonte ductile,200,190.1,1970,886.4,2243.8,790.9,2408.2
MAR01809,Fonte,Fonte grise,50,147.5,1973,790.9,2408.2,930.4,2456.1
MAR01810,Plastique,PEHD,63,151.4,1997,790.9,2408.2,749.2,2553.7
MAR01811,Fonte,Fonte ductile,63,183.3,2015,749.2,2553.7,932.3,2562.1
MAR01812,Acier,Acier,200,76.5,1977,749.2,2553.7,733.2,2628.5
MAR01813,Fonte,Fonte grise,250,141.1,1963,733.2,2628.5,852.6,2703.6
MAR01814,Fonte,Fonte grise,100,66.3,1969,2496.6,-1333.0,2559.6,-1312.5
MAR01815,Fonte,Fonte ductile,50,86.2,1971,2496.6,-1333.0,2441.7,-1266.5
MAR01816,Plastique,PEHD,50,148.5,1995,2441.7,-1266.5,2531.1,-1147.9
MAR01817,Fonte,Fonte ductile,100,195.0,2015,2441.7,-1266.5,2364.9,-1087.2
MAR01818,Plastique,PEHD,50,141.9,2010,2364.9,-1087.2,2506.8,-1091.1
MAR01819,Plastique,PEHD,250,166.8,2003,2364.9,-1087.2,2267.0,-952.1
MAR01820,Fonte,Fonte ductile,100,160.1,2006,2267.0,-952.1,2424.5,-923.1
MAR01821,Plastique,PVC collé,125,144.4,1973,2267.0,-952.1,2282.0,-808.5
MAR01822,Fonte,Fonte ductile,63,147.4,1976,2282.0,-808.5,2427.9,-828.7
MAR01823,Fonte,Fonte ductile,40,126.0,2015,2282.0,-808.5,2181.0,-733.1
MAR01824,Fonte,Fonte grise,200,196.8,1932,2181.0,-733.1,2336.1,-611.8
MAR01825,Plastique,PVC,80,161.7,1980,2181.0,-733.1,2188.4,-571.5
MAR01826,Plastique,PVC,125,95.4,1980,2188.4,-571.5,2283.0,-559.7
MAR01827,Plastique,PEHD,600,187.1,1998,2188.4,-571.5,2109.0,-402.1
MAR01828,Plastique,PEHD,100,159.6,2023,2109.0,-402.1,2266.2,-430.1
MAR01829,Fonte,Fonte grise,100,68.7,1948,2109.0,-402.1,2105.5,-333.4
MAR01830,Acier,Acier,150,119.8,1990,2105.5,-333.4,2192.2,-250.8
MAR01831,Fonte,Fonte ductile,600,163.4,2007,2105.5,-333.4,2033.6,-186.7
MAR01832,Fonte,Fonte ductile,250,75.9,1977,2033.6,-186.7,2103.2,-156.3
MAR01833,Fonte,Fonte ductile,125,150.5,1997,2033.6,-186.7,1945.2,-64.9
MAR01834,Plastique,PVC collé,125,146.5,1967,1945.2,-64.9,2085.2,-21.9
MAR01835,Fonte,Fonte grise,80,147.3,1950,1945.2,-64.9,1856.4,52.6
MAR01836,Fonte,Fonte ductile,100,150.4,1970,1856.4,52.6,1999.5,99.0
MAR01837,Acier,Acier,125,132.1,1964,1856.4,52.6,1808.9,175.9
MAR01838,Fonte,Fonte ductile,250,209.1,1996,1808.9,175.9,1970.3,308.8
MAR01839,Fonte,Fonte ductile,600,169.3,1977,1808.9,175.9,1810.6,345.2
MAR01840,Plastique,PVC,200,79.7,2002,1810.6,345.2,1872.6,395.2
MAR01841,Fonte,Fonte grise,150,122.8,1959,1810.6,345.2,1763.0,458.4
MAR01842,Fonte,Fonte grise,32,72.5,1966,1763.0,458.4,1817.2,506.5
MAR01843,Fonte,Fonte ductile,125,139.0,2014,1763.0,458.4,1672.3,563.8
MAR01844,Acier,Acier,200,161.8,1969,1672.3,563.8,1810.3,648.3
MAR01845,Plastique,PEHD,125,143.8,1995,1672.3,563.8,1682.4,707.3
MAR01846,Fonte,Fonte ductile,200,142.9,1979,1682.4,707.3,1761.5,826.3
MAR01847,Plastique,PEHD,250,216.6,1998,1682.4,707.3,1530.2,861.3
MAR01848,Fonte,Fonte ductile,150,171.9,2008,1530.2,861.3,1700.8,882.6
MAR01849,Fonte,Fonte grise,125,105.5,1945,1530.2,861.3,1493.8,960.4
MAR01850,Fonte,Fonte grise,80,145.9,1940,1493.8,960.4,1600.3,1060.2
MAR01851,Plastique,PVC,80,157.2,1980,1493.8,960.4,1463.9,1114.7
MAR01852,Fonte,Fonte ductile,80,132.1,1974,1463.9,1114.7,1587.1,1162.4
MAR01853,Plastique,PVC collé,80,128.1,1960,1463.9,1114.7,1410.5,1231.1
MAR01854,Fonte,Fonte grise,100,148.4,1954,1410.5,1231.1,1517.4,1334.0
MAR01855,Acier,Acier,150,209.3,1961,1410.5,1231.1,1365.4,1435.5
MAR01856,Fonte,Fonte ductile,600,85.6,2011,1365.4,1435.5,1355.4,1520.5
MAR01857,Fonte,Fonte grise,150,73.5,1930,1355.4,1520.5,1423.4,1548.4
MAR01858,Fonte,Fonte grise,32,118.4,1975,1355.4,1520.5,1290.8,1619.8
MAR01859,Plastique,PVC,200,158.6,2020,1290.8,1619.8,1409.1,1725.4
MAR01860,Plastique,PVC,32,150.7,1986,1290.8,1619.8,1192.4,1734.0
MAR01861,Plastique,PVC collé,80,136.3,1964,1192.4,1734.0,1289.8,1829.2
MAR01862,Fonte,Fonte grise,250,160.7,1957,1192.4,1734.0,1161.3,1891.6
MAR01863,Plastique,PEHD,150,133.7,2012,1161.3,1891.6,1286.8,1937.5
MAR01864,Plastique,PVC,150,138.2,1980,1161.3,1891.6,1119.2,2023.2
MAR01865,Plastique,PVC collé,600,115.1,1978,1119.2,2023.2,1207.8,2096.6
MAR01866,Fonte,Fonte ductile,32,146.9,1974,1119.2,2023.2,1093.8,2167.9
MAR01867,Plastique,PVC,200,45.3,1980,1093.8,2167.9,1138.8,2172.9
MAR01868,Plastique,PVC,80,204.0,2003,1093.8,2167.9,997.8,2347.9
MAR01869,Fonte,Fonte grise,50,127.5,1962,997.8,2347.9,930.4,2456.1
MAR01870,Fonte,Fonte grise,50,106.1,1964,930.4,2456.1,932.3,2562.1
MAR01871,Plastique,PVC collé,150,92.7,1960,932.3,2562.1,1021.6,2587.0
MAR01872,Fonte,Fonte grise,32,162.4,1975,932.3,2562.1,852.6,2703.6
MAR01873,Plastique,PVC,150,145.8,2020,852.6,2703.6,981.1,2772.6
MAR01874,Fonte,Fonte grise,80,167.0,1962,2559.6,-1312.5,2531.1,-1147.9
MAR01875,Acier,Acier,125,116.8,1961,2531.1,-1147.9,2641.9,-1184.5
MAR01876,Plastique,PVC,100,61.8,1982,2531.1,-1147.9,2506.8,-1091.1
MAR01877,Fonte,Fonte ductile,200,155.9,2011,2506.8,-1091.1,2642.9,-1015.1
MAR01878,Fonte,Fonte ductile,80,187.1,1970,2506.8,-1091.1,2424.5,-923.1
MAR01879,Plastique,PVC collé,250,143.1,1974,2424.5,-923.1,2567.5,-924.6
MAR01880,Fonte,Fonte grise,40,94.4,1972,2424.5,-923.1,2427.9,-828.7
MAR01881,Fonte,Fonte grise,80,235.5,1946,2427.9,-828.7,2336.1,-611.8
MAR01882,Fonte,Fonte grise,200,136.8,1970,2336.1,-611.8,2471.8,-628.5
MAR01883,Acier,Acier,500,74.4,1978,2336.1,-611.8,2283.0,-559.7
MAR01884,Plastique,PEHD,500,130.7,1995,2283.0,-559.7,2266.2,-430.1
MAR01885,Plastique,PVC collé,250,120.3,1985,2266.2,-430.1,2364.1,-360.1
MAR01886,Fonte,Fonte grise,40,193.9,1940,2266.2,-430.1,2192.2,-250.8
MAR01887,Fonte,Fonte grise,100,137.7,1953,2192.2,-250.8,2307.8,-176.0
MAR01888,Fonte,Fonte ductile,150,129.8,1989,2192.2,-250.8,2103.2,-156.3
MAR01889,Fonte,Fonte ductile,500,147.3,1989,2103.2,-156.3,2226.7,-76.2
MAR01890,Fonte,Fonte ductile,250,109.9,2014,2085.2,-21.9,2158.5,60.0
MAR01891,Fonte,Fonte ductile,250,148.3,1999,2085.2,-21.9,1999.5,99.0
MAR01892,Plastique,PVC collé,500,201.4,1960,1999.5,99.0,2157.7,223.6
MAR01893,Plastique,PVC collé,50,211.8,1967,1999.5,99.0,1970.3,308.8
MAR01894,Plastique,PVC,100,117.6,1995,1970.3,308.8,2078.5,354.8
MAR01895,Fonte,Fonte ductile,80,168.7,1996,1872.6,395.2,2035.5,438.9
MAR01896,Plastique,PEHD,100,124.4,2022,1872.6,395.2,1817.2,506.5
MAR01897,Plastique,PEHD,32,143.5,1995,1817.2,506.5,1960.6,512.3
MAR01898,Fonte,Fonte grise,250,142.0,1951,1817.2,506.5,1810.3,648.3
MAR01899,Acier,Acier,32,184.6,1967,1810.3,648.3,1761.5,826.3
MAR01900,Fonte,Fonte ductile,400,124.0,2000,1761.5,826.3,1883.0,851.0
MAR01901,Plastique,PEHD,100,82.8,1995,1761.5,826.3,1700.8,882.6
MAR01902,Fonte,Fonte ductile,600,125.9,1994,1700.8,882.6,1769.0,988.4
MAR01903,Plastique,PVC collé,125,204.1,1960,1700.8,882.6,1600.3,1060.2
MAR01904,Fonte,Fonte ductile,100,182.1,1977,1600.3,1060.2,1767.1,1133.1
MAR01905,Fonte,Fonte ductile,150,103.0,1987,1600.3,1060.2,1587.1,1162.4
MAR01906,Plastique,PVC,100,128.9,1980,1587.1,1162.4,1702.3,1220.0
MAR01907,Plastique,PEHD,150,185.3,2019,1587.1,1162.4,1517.4,1334.0
MAR01908,Plastique,PVC collé,400,154.5,1960,1517.4,1334.0,1654.1,1406.0
MAR01909,Plastique,PVC collé,150,69.5,1960,1517.4,1334.0,1471.5,1386.2
MAR01910,Plastique,PEHD,200,130.8,1995,1471.5,1386.2,1583.6,1453.7
MAR01911,Fonte,Fonte ductile,125,169.2,2013,1471.5,1386.2,1423.4,1548.4
MAR01912,Fonte,Fonte grise,150,154.3,1953,1423.4,1548.4,1574.2,1581.0
MAR01913,Plastique,PEHD,150,177.6,2005,1423.4,1548.4,1409.1,1725.4
MAR01914,Plastique,PVC,80,135.4,1980,1409.1,1725.4,1541.5,1753.9
MAR01915,Fonte,Fonte grise,80,158.2,1931,1409.1,1725.4,1289.8,1829.2
MAR01916,Acier,Acier,100,108.3,1990,1289.8,1829.2,1286.8,1937.5
MAR01917,Plastique,PEHD,600,116.0,2007,1286.8,1937.5,1392.6,1985.1
MAR01918,Fonte,Fonte grise,100,177.6,1975,1286.8,1937.5,1207.8,2096.6
MAR01919,Fonte,Fonte grise,125,152.5,1964,1207.8,2096.6,1351.2,2148.2
MAR01920,Fonte,Fonte ductile,40,102.9,1992,1207.8,2096.6,1138.8,2172.9
MAR01921,Fonte,Fonte grise,50,206.4,1975,1138.8,2172.9,1323.1,2266.1
MAR01922,Fonte,Fonte grise,125,190.6,1954,1138.8,2172.9,1096.7,2358.9
MAR01923,Plastique,PVC collé,250,179.7,1983,1096.7,2358.9,1255.6,2443.0
MAR01924,Acier,Acier,250,94.0,1961,1096.7,2358.9,1073.3,2449.9
MAR01925,Fonte,Fonte ductile,32,105.2,2001,1073.3,2449.9,1152.6,2519.0
MAR01926,Plastique,PEHD,250,146.4,2007,1073.3,2449.9,1021.6,2587.0
MAR01927,Fonte,Fonte grise,50,175.8,1953,1021.6,2587.0,1170.3,2680.8
MAR01928,Plastique,PVC collé,250,190.0,1967,1021.6,2587.0,981.1,2772.6
MAR01929,Fonte,Fonte ductile,50,60.5,1997,981.1,2772.6,1041.5,2771.5
MAR01930,Fonte,Fonte ductile,125,115.3,1976,2760.2,-1272.2,2864.8,-1223.6
MAR01931,Fonte,Fonte grise,100,147.3,1975,2760.2,-1272.2,2641.9,-1184.5
MAR01932,Fonte,Fonte ductile,125,151.3,1981,2641.9,-1184.5,2747.9,-1076.5
MAR01933,Fonte,Fonte grise,400,169.4,1949,2641.9,-1184.5,2642.9,-1015.1
MAR01934,Plastique,PVC collé,40,131.3,1982,2642.9,-1015.1,2763.6,-963.3
MAR01935,Fonte,Fonte ductile,32,117.8,2000,2642.9,-1015.1,2567.5,-924.6
MAR01936,Fonte,Fonte ductile,80,157.2,2001,2567.5,-924.6,2713.5,-866.4
MAR01937,Fonte,Fonte grise,100,166.0,1935,2567.5,-924.6,2535.5,-761.7
MAR01938,Ciment,Amiante-ciment,250,157.1,1962,2535.5,-761.7,2686.8,-719.3
MAR01939,Plastique,PVC,50,147.7,1980,2535.5,-761.7,2471.8,-628.5
MAR01940,Fonte,Fonte ductile,40,117.7,1983,2471.8,-628.5,2583.5,-591.2
MAR01941,Acier,Acier,80,202.7,1990,2471.8,-628.5,2381.3,-447.1
MAR01942,Fonte,Fonte ductile,100,88.7,1987,2381.3,-447.1,2364.1,-360.1
MAR01943,Fonte,Fonte ductile,63,139.9,1994,2364.1,-360.1,2486.3,-292.0
MAR01944,Plastique,PVC collé,40,192.6,1964,2364.1,-360.1,2307.8,-176.0
MAR01945,Plastique,PVC collé,40,91.2,1965,2307.8,-176.0,2396.0,-199.0
MAR01946,Plastique,PEHD,200,146.8,2001,2226.7,-76.2,2351.9,0.6
MAR01947,Plastique,PVC collé,250,152.3,1960,2226.7,-76.2,2158.5,60.0
MAR01948,Fonte,Fonte ductile,63,198.9,1986,2158.5,60.0,2336.3,149.1
MAR01949,Plastique,PVC collé,300,163.7,1960,2158.5,60.0,2157.7,223.6
MAR01950,Plastique,PVC collé,125,142.4,1969,2157.7,223.6,2298.8,243.0
MAR01951,Plastique,PVC,150,153.2,1980,2157.7,223.6,2078.5,354.8
MAR01952,Fonte,Fonte grise,500,120.3,1930,2078.5,354.8,2188.8,306.8
MAR01953,Plastique,PVC collé,100,94.4,1973,2078.5,354.8,2035.5,438.9
MAR01954,Fonte,Fonte ductile,600,119.4,1984,2035.5,438.9,2126.1,516.8
MAR01955,Fonte,Fonte ductile,250,104.9,1998,2035.5,438.9,1960.6,512.3
MAR01956,Fonte,Fonte ductile,200,182.3,1979,1960.6,512.3,1904.8,685.8
MAR01957,Fonte,Fonte grise,125,181.6,1972,1904.8,685.8,2069.8,761.6
MAR01958,Fonte,Fonte ductile,150,166.6,1988,1904.8,685.8,1883.0,851.0
MAR01959,Fonte,Fonte grise,100,135.6,1975,1883.0,851.0,2015.3,880.8
MAR01960,Plastique,PEHD,80,178.5,2001,1883.0,851.0,1769.0,988.4
MAR01961,Fonte,Fonte ductile,250,194.3,1979,1769.0,988.4,1947.6,1064.9
MAR01962,Fonte,Fonte ductile,63,144.7,1970,1769.0,988.4,1767.1,1133.1
MAR01963,Plastique,PEHD,300,96.8,2004,1767.1,1133.1,1861.4,1111.3
MAR01964,Fonte,Fonte ductile,125,108.3,2012,1767.1,1133.1,1702.3,1220.0
MAR01965,Acier,Acier,250,192.1,1960,1702.3,1220.0,1654.1,1406.0
MAR01966,Plastique,PVC,250,84.3,2020,1654.1,1406.0,1738.4,1409.5
MAR01967,Fonte,Fonte ductile,200,85.2,1997,1654.1,1406.0,1583.6,1453.7
MAR01968,Fonte,Fonte grise,80,198.4,1945,1583.6,1453.7,1745.7,1568.0
MAR01969,Plastique,PVC,250,127.6,1980,1583.6,1453.7,1574.2,1581.0
MAR01970,Fonte,Fonte grise,250,164.5,1963,1574.2,1581.0,1685.3,1702.4
MAR01971,Fonte,Fonte ductile,100,176.0,1983,1574.2,1581.0,1541.5,1753.9
MAR01972,Fonte,Fonte ductile,250,138.0,2009,1541.5,1753.9,1666.6,1812.2
MAR01973,Fonte,Fonte ductile,200,135.7,1979,1426.3,1853.6,1392.6,1985.1
MAR01974,Fonte,Fonte ductile,500,141.9,1986,1392.6,1985.1,1472.4,2102.4
MAR01975,Plastique,PEHD,300,168.2,2004,1392.6,1985.1,1351.2,2148.2
MAR01976,Plastique,PVC,150,116.7,1998,1351.2,2148.2,1441.4,2222.3
MAR01977,Ciment,Amiante-ciment,150,121.3,1966,1351.2,2148.2,1323.1,2266.1
MAR01978,Plastique,PEHD,125,111.0,2016,1323.1,2266.1,1402.8,2343.3
MAR01979,Fonte,Fonte grise,250,189.3,1969,1323.1,2266.1,1255.6,2443.0
MAR01980,Plastique,PEHD,125,128.0,2019,1255.6,2443.0,1152.6,2519.0
MAR01981,Fonte,Fonte ductile,125,162.2,2015,1152.6,2519.0,1302.9,2580.2
MAR01982,Fonte,Fonte grise,400,62.2,1952,1170.3,2680.8,1213.6,2725.5
MAR01983,Fonte,Fonte grise,100,157.4,1975,1170.3,2680.8,1041.5,2771.5
MAR01984,Plastique,PVC collé,200,187.3,1985,1041.5,2771.5,1191.3,2883.9
MAR01985,Plastique,PVC collé,200,79.6,1981,2864.8,-1223.6,2926.5,-1173.2
MAR01986,Fonte,Fonte ductile,100,187.9,2006,2864.8,-1223.6,2747.9,-1076.5
MAR01987,Fonte,Fonte ductile,50,114.3,1972,2747.9,-1076.5,2763.6,-963.3
MAR01988,Plastique,PEHD,150,141.0,2024,2763.6,-963.3,2869.2,-869.9
MAR01989,Fonte,Fonte ductile,200,109.0,1993,2763.6,-963.3,2713.5,-866.4
MAR01990,Fonte,Fonte ductile,200,129.7,2010,2713.5,-866.4,2807.2,-776.7
MAR01991,Plastique,PEHD,50,149.6,1995,2713.5,-866.4,2686.8,-719.3
MAR01992,Fonte,Fonte ductile,100,98.2,1995,2686.8,-719.3,2738.6,-635.9
MAR01993,Fonte,Fonte grise,80,164.5,1975,2686.8,-719.3,2583.5,-591.2
MAR01994,Plastique,PVC collé,400,158.7,1975,2583.5,-591.2,2731.3,-533.6
MAR01995,Plastique,PEHD,100,145.3,2002,2583.5,-591.2,2502.6,-470.4
MAR01996,Plastique,PVC collé,63,179.1,1977,2502.6,-470.4,2486.3,-292.0
MAR01997,Plastique,PVC collé,40,101.1,1960,2486.3,-292.0,2576.0,-245.4
MAR01998,Fonte,Fonte grise,200,129.6,1941,2486.3,-292.0,2396.0,-199.0
MAR01999,Plastique,PVC collé,200,130.3,1964,2396.0,-199.0,2521.6,-164.6
MAR02000,Fonte,Fonte ductile,250,204.4,1990,2396.0,-199.0,2351.9,0.6
MAR02001,Plastique,PEHD,100,151.3,2015,2351.9,0.6,2500.1,-29.5
MAR02002,Ciment,Amiante-ciment,150,149.3,1955,2351.9,0.6,2336.3,149.1
MAR02003,Fonte,Fonte ductile,150,99.5,1993,2336.3,149.1,2430.9,118.3
MAR02004,Fonte,Fonte ductile,100,101.1,2015,2336.3,149.1,2298.8,243.0
MAR02005,Plastique,PVC,200,120.2,1980,2298.8,243.0,2400.7,306.7
MAR02006,Fonte,Fonte ductile,125,127.2,1998,2298.8,243.0,2188.8,306.8
MAR02007,Plastique,PVC,150,172.9,1996,2188.8,306.8,2310.0,430.1
MAR02008,Ciment,Amiante-ciment,250,219.1,1973,2188.8,306.8,2126.1,516.8
MAR02009,Acier,Acier,100,173.0,1958,2126.1,516.8,2292.3,565.0
MAR02010,Acier,Acier,125,63.9,1981,2126.1,516.8,2128.5,580.6
MAR02011,Fonte,Fonte ductile,200,77.5,1994,2128.5,580.6,2197.4,616.2
MAR02012,Ciment,Amiante-ciment,400,190.3,1965,2128.5,580.6,2069.8,761.6
MAR02013,Acier,Acier,250,119.7,1971,2069.8,761.6,2184.6,795.7
MAR02014,Plastique,PVC collé,63,131.1,1963,2069.8,761.6,2015.3,880.8
MAR02015,Plastique,PEHD,125,136.4,2024,2015.3,880.8,2122.3,965.3
MAR02016,Fonte,Fonte grise,250,196.2,1940,2015.3,880.8,1947.6,1064.9
MAR02017,Fonte,Fonte ductile,40,121.2,2015,1947.6,1064.9,2068.8,1062.2
MAR02018,Plastique,PVC collé,80,170.7,1960,1861.4,1111.3,2013.8,1188.3
MAR02019,Acier,Acier,50,116.8,1975,1849.1,1267.9,1932.8,1349.3
MAR02020,Acier,Acier,200,179.8,1975,1849.1,1267.9,1738.4,1409.5
MAR02021,Fonte,Fonte grise,300,158.7,1938,1738.4,1409.5,1745.7,1568.0
MAR02022,Fonte,Fonte grise,50,63.8,1930,1745.7,1568.0,1809.2,1573.9
MAR02023,Plastique,PEHD,80,147.3,2016,1745.7,1568.0,1685.3,1702.4
MAR02024,Fonte,Fonte ductile,100,164.7,2015,1685.3,1702.4,1849.9,1698.1
MAR02025,Fonte,Fonte ductile,32,111.5,1999,1685.3,1702.4,1666.6,1812.2
MAR02026,Fonte,Fonte ductile,250,62.2,1982,1666.6,1812.2,1711.5,1855.4
MAR02027,Fonte,Fonte ductile,125,158.8,1998,1666.6,1812.2,1581.2,1946.1
MAR02028,Fonte,Fonte grise,200,157.1,1975,1581.2,1946.1,1722.7,2014.3
MAR02029,Plastique,PVC,80,190.4,1983,1581.2,1946.1,1472.4,2102.4
MAR02030,Plastique,PVC,200,176.0,2018,1472.4,2102.4,1646.7,2078.3
MAR02031,Fonte,Fonte grise,400,123.9,1937,1472.4,2102.4,1441.4,2222.3
MAR02032,Fonte,Fonte grise,32,147.9,1965,1441.4,2222.3,1580.4,2272.8
MAR02033,Fonte,Fonte grise,200,127.0,1969,1441.4,2222.3,1402.8,2343.3
MAR02034,Plastique,PVC collé,50,161.9,1985,1402.8,2343.3,1552.4,2405.5
MAR02035,Fonte,Fonte ductile,150,149.8,1999,1402.8,2343.3,1372.7,2490.1
MAR02036,Fonte,Fonte ductile,200,70.9,1974,1372.7,2490.1,1434.7,2524.5
MAR02037,Fonte,Fonte grise,600,124.8,1975,1302.9,2580.2,1389.2,2670.2
MAR02038,Plastique,PVC,125,170.5,1986,1302.9,2580.2,1213.6,2725.5
MAR02039,Plastique,PEHD,32,177.5,1995,1213.6,2725.5,1388.5,2756.2
MAR02040,Plastique,PEHD,125,160.0,2024,1213.6,2725.5,1191.3,2883.9
MAR02041,Acier,Acier,150,171.2,1986,1191.3,2883.9,1359.6,2915.7
MAR02042,Fonte,Fonte ductile,50,207.9,2001,2926.5,-1173.2,3125.4,-1113.1
MAR02043,Plastique,PVC collé,200,132.2,1985,2926.5,-1173.2,2946.5,-1042.5
MAR02044,Ciment,Amiante-ciment,63,98.6,1980,2946.5,-1042.5,3030.5,-990.7
MAR02045,Plastique,PVC,250,189.1,1980,2946.5,-1042.5,2869.2,-869.9
MAR02046,Fonte,Fonte grise,100,140.0,1965,2869.2,-869.9,3006.8,-843.9
MAR02047,Fonte,Fonte grise,125,111.9,1934,2869.2,-869.9,2807.2,-776.7
MAR02048,Fonte,Fonte ductile,50,161.2,2015,2807.2,-776.7,2960.5,-726.9
MAR02049,Fonte,Fonte grise,150,156.6,1959,2807.2,-776.7,2738.6,-635.9
MAR02050,Plastique,PVC collé,100,171.3,1985,2738.6,-635.9,2905.8,-598.5
MAR02051,Plastique,PVC,125,119.4,2001,2731.3,-533.6,2800.6,-436.3
MAR02052,Fonte,Fonte grise,32,90.1,1974,2679.0,-386.4,2768.6,-376.4
MAR02053,Plastique,PVC collé,250,174.7,1985,2679.0,-386.4,2576.0,-245.4
MAR02054,Fonte,Fonte ductile,100,97.4,1970,2576.0,-245.4,2521.6,-164.6
MAR02055,Fonte,Fonte grise,125,169.2,1970,2521.6,-164.6,2670.4,-84.1
MAR02056,Plastique,PVC collé,80,136.8,1985,2521.6,-164.6,2500.1,-29.5
MAR02057,Plastique,PVC collé,100,163.2,1963,2500.1,-29.5,2430.9,118.3
MAR02058,Acier,Acier,63,127.2,1974,2430.9,118.3,2513.5,215.0
MAR02059,Ciment,Amiante-ciment,125,190.9,1955,2430.9,118.3,2400.7,306.7
MAR02060,Fonte,Fonte grise,125,153.1,1936,2400.7,306.7,2310.0,430.1
MAR02061,Plastique,PVC,100,139.6,1980,2310.0,430.1,2441.5,476.8
MAR02062,Plastique,PVC collé,150,136.0,1963,2310.0,430.1,2292.3,565.0
MAR02063,Fonte,Fonte ductile,80,127.1,1988,2292.3,565.0,2399.3,633.6
MAR02064,Fonte,Fonte grise,100,219.2,1966,2197.4,616.2,2381.9,734.5
MAR02065,Fonte,Fonte grise,200,180.0,1938,2197.4,616.2,2184.6,795.7
MAR02066,Plastique,PVC,80,92.1,2009,2184.6,795.7,2251.9,858.5
MAR02067,Plastique,PVC,150,180.7,1993,2184.6,795.7,2122.3,965.3
MAR02068,Plastique,PVC collé,200,140.9,1965,2122.3,965.3,2258.7,1000.8
MAR02069,Fonte,Fonte ductile,40,110.7,2015,2122.3,965.3,2068.8,1062.2
MAR02070,Plastique,PVC,100,122.2,1991,2068.8,1062.2,2160.8,1142.6
MAR02071,Fonte,Fonte grise,80,137.6,1930,2068.8,1062.2,2013.8,1188.3
MAR02072,Fonte,Fonte ductile,150,169.5,2010,2013.8,1188.3,2149.5,1289.9
MAR02073,Plastique,PVC collé,400,180.3,1973,2013.8,1188.3,1932.8,1349.3
MAR02074,Plastique,PEHD,63,167.2,2021,1932.8,1349.3,2097.3,1379.5
MAR02075,Fonte,Fonte ductile,250,144.4,1970,1932.8,1349.3,1854.8,1470.8
MAR02076,Fonte,Fonte grise,100,192.8,1944,1854.8,1470.8,2034.2,1541.3
MAR02077,Fonte,Fonte ductile,250,112.7,2015,1854.8,1470.8,1809.2,1573.9
MAR02078,Plastique,PVC,80,175.9,1984,1809.2,1573.9,1981.8,1607.7
MAR02079,Plastique,PVC collé,100,130.7,1985,1809.2,1573.9,1849.9,1698.1
MAR02080,Acier,Acier,63,142.0,1985,1849.9,1698.1,1945.3,1803.3
MAR02081,Plastique,PVC,80,160.7,2012,1711.5,1855.4,1871.3,1872.0
MAR02082,Plastique,PVC,150,159.3,1983,1711.5,1855.4,1722.7,2014.3
MAR02083,Fonte,Fonte grise,100,99.4,1967,1722.7,2014.3,1646.7,2078.3
MAR02084,Plastique,PEHD,250,121.2,2024,1646.7,2078.3,1705.1,2184.6
MAR02085,Fonte,Fonte ductile,40,205.4,1975,1646.7,2078.3,1580.4,2272.8
MAR02086,Fonte,Fonte ductile,100,121.8,2007,1580.4,2272.8,1682.7,2338.8
MAR02087,Fonte,Fonte grise,150,135.6,1961,1580.4,2272.8,1552.4,2405.5
MAR02088,Plastique,PVC,125,134.3,1980,1552.4,2405.5,1676.9,2455.8
MAR02089,Plastique,PEHD,250,186.1,1995,1434.7,2524.5,1619.3,2547.9
MAR02090,Acier,Acier,100,152.7,1950,1434.7,2524.5,1389.2,2670.2
MAR02091,Fonte,Fonte ductile,32,185.1,2005,1389.2,2670.2,1564.0,2731.0
MAR02092,Plastique,PVC collé,125,85.9,1975,1389.2,2670.2,1388.5,2756.2
MAR02093,Plastique,PEHD,150,117.2,2018,1388.5,2756.2,1502.6,2782.7
MAR02094,Fonte,Fonte grise,250,162.1,1960,1388.5,2756.2,1359.6,2915.7
MAR02095,Plastique,PVC,32,61.3,2003,1359.6,2915.7,1401.7,2960.2
MAR02096,Acier,Acier,32,49.3,1963,3125.4,-1113.1,3166.4,-1085.8
MAR02097,Fonte,Fonte ductile,125,154.9,1970,3125.4,-1113.1,3030.5,-990.7
MAR02098,Plastique,PVC collé,200,102.9,1978,3030.5,-990.7,3132.7,-1002.7
MAR02099,Fonte,Fonte ductile,125,148.7,1996,3030.5,-990.7,3006.8,-843.9
MAR02100,Fonte,Fonte ductile,80,146.2,2015,2960.5,-726.9,3096.1,-672.2
MAR02101,Fonte,Fonte ductile,125,139.6,1994,2960.5,-726.9,2905.8,-598.5
MAR02102,Fonte,Fonte grise,80,120.3,1975,2905.8,-598.5,3010.6,-539.5
MAR02103,Acier,Acier,40,193.3,1950,2905.8,-598.5,2800.6,-436.3
MAR02104,Fonte,Fonte grise,32,185.4,1958,2800.6,-436.3,2982.8,-402.2
MAR02105,Plastique,PVC,250,68.0,1988,2800.6,-436.3,2768.6,-376.4
MAR02106,Plastique,PVC,200,176.9,2013,2768.6,-376.4,2913.9,-275.5
MAR02107,Plastique,PEHD,150,149.1,1995,2768.6,-376.4,2701.3,-243.4
MAR02108,Plastique,PVC collé,80,199.2,1979,2701.3,-243.4,2863.5,-127.8
MAR02109,Fonte,Fonte ductile,100,162.3,2015,2701.3,-243.4,2670.4,-84.1
MAR02110,Fonte,Fonte grise,63,106.9,1937,2670.4,-84.1,2735.1,1.1
MAR02111,Fonte,Fonte grise,63,162.6,1959,2670.4,-84.1,2584.4,53.8
MAR02112,Fonte,Fonte grise,250,190.1,1959,2584.4,53.8,2756.3,134.9
MAR02113,Fonte,Fonte grise,100,176.0,1973,2584.4,53.8,2513.5,215.0
MAR02114,Fonte,Fonte ductile,150,205.9,1970,2513.5,215.0,2719.4,210.7
MAR02115,Plastique,PVC,300,104.8,1980,2513.5,215.0,2526.0,319.1
MAR02116,Plastique,PVC,100,105.9,2020,2526.0,319.1,2619.6,368.4
MAR02117,Fonte,Fonte ductile,500,178.9,1995,2526.0,319.1,2441.5,476.8
MAR02118,Fonte,Fonte grise,250,135.9,1935,2441.5,476.8,2562.3,539.2
MAR02119,Plastique,PVC,100,162.4,2020,2441.5,476.8,2399.3,633.6
MAR02120,Fonte,Fonte ductile,125,161.8,1993,2399.3,633.6,2559.7,612.5
MAR02121,Plastique,PVC collé,80,69.9,1960,2381.9,734.5,2450.6,721.9
MAR02122,Plastique,PEHD,40,179.6,1995,2381.9,734.5,2251.9,858.5
MAR02123,Fonte,Fonte ductile,40,206.5,1975,2251.9,858.5,2436.6,950.8
MAR02124,Plastique,PVC,500,76.1,2002,2258.7,1000.8,2315.5,1051.4
MAR02125,Plastique,PVC,200,172.3,1980,2258.7,1000.8,2160.8,1142.6
MAR02126,Fonte,Fonte grise,100,147.8,1959,2160.8,1142.6,2149.5,1289.9
MAR02127,Plastique,PVC,125,144.1,1980,2149.5,1289.9,2289.1,1254.3
MAR02128,Fonte,Fonte grise,125,103.7,1930,2149.5,1289.9,2097.3,1379.5
MAR02129,Plastique,PEHD,100,101.1,2003,2097.3,1379.5,2198.1,1387.4
MAR02130,Plastique,PVC,125,173.6,1980,2097.3,1379.5,2034.2,1541.3
MAR02131,Fonte,Fonte ductile,125,84.6,1994,2034.2,1541.3,1981.8,1607.7
MAR02132,Acier,Acier,32,199.0,1974,1981.8,1607.7,1945.3,1803.3
MAR02133,Acier,Acier,100,134.4,1990,1945.3,1803.3,2077.6,1826.8
MAR02134,Plastique,PVC,150,101.0,1980,1945.3,1803.3,1871.3,1872.0
MAR02135,Plastique,PVC,300,168.8,1980,1871.3,1872.0,1988.4,1993.5
MAR02136,Plastique,PVC,150,216.2,1980,1871.3,1872.0,1761.1,2058.1
MAR02137,Fonte,Fonte grise,100,177.9,1941,1761.1,2058.1,1928.9,2117.2
MAR02138,Fonte,Fonte grise,50,138.3,1973,1761.1,2058.1,1705.1,2184.6
MAR02139,Fonte,Fonte grise,80,230.8,1975,1705.1,2184.6,1935.4,2200.1
MAR02140,Fonte,Fonte ductile,200,171.3,2008,1682.7,2338.8,1850.5,2304.4
MAR02141,Plastique,PVC,150,117.1,2020,1682.7,2338.8,1676.9,2455.8
MAR02142,Plastique,PVC collé,50,74.3,1971,1676.9,2455.8,1751.2,2453.3
MAR02143,Fonte,Fonte ductile,250,108.6,2011,1676.9,2455.8,1619.3,2547.9
MAR02144,Plastique,PVC collé,250,172.2,1982,1619.3,2547.9,1751.7,2658.1
MAR02145,Fonte,Fonte ductile,32,191.2,2005,1619.3,2547.9,1564.0,2731.0
MAR02146,Fonte,Fonte ductile,80,96.4,1971,1564.0,2731.0,1660.4,2733.7
MAR02147,Fonte,Fonte ductile,250,80.3,2011,1564.0,2731.0,1502.6,2782.7
MAR02148,Plastique,PEHD,200,188.9,1995,1502.6,2782.7,1639.4,2913.0
MAR02149,Fonte,Fonte ductile,50,204.1,1995,1502.6,2782.7,1401.7,2960.2
MAR02150,Plastique,PEHD,150,145.6,2024,1401.7,2960.2,1546.2,2978.0
MAR02151,Fonte,Fonte ductile,100,89.7,2015,3166.4,-1085.8,3132.7,-1002.7
MAR02152,Plastique,PVC collé,250,222.6,1976,3132.7,-1002.7,3090.4,-784.2
MAR02153,Fonte,Fonte ductile,63,157.9,1986,3096.1,-672.2,3010.6,-539.5
MAR02154,Fonte,Fonte grise,150,140.0,1969,3010.6,-539.5,2982.8,-402.2
MAR02155,Fonte,Fonte ductile,80,144.3,1986,2982.8,-402.2,2913.9,-275.5
MAR02156,Fonte,Fonte grise,63,156.1,1972,2913.9,-275.5,2863.5,-127.8
MAR02157,Plastique,PVC,400,181.9,1980,2863.5,-127.8,2735.1,1.1
MAR02158,Plastique,PEHD,250,135.5,2020,2735.1,1.1,2756.3,134.9
MAR02159,Fonte,Fonte ductile,200,84.3,1998,2756.3,134.9,2719.4,210.7
MAR02160,Fonte,Fonte grise,250,186.6,1930,2719.4,210.7,2619.6,368.4
MAR02161,Plastique,PVC,125,180.1,1990,2619.6,368.4,2562.3,539.2
MAR02162,Fonte,Fonte ductile,150,73.3,2015,2562.3,539.2,2559.7,612.5
MAR02163,Plastique,PVC collé,32,154.5,1985,2559.7,612.5,2450.6,721.9
MAR02164,Plastique,PVC,600,229.4,1980,2450.6,721.9,2436.6,950.8
MAR02165,Plastique,PVC collé,100,157.4,1960,2436.6,950.8,2315.5,1051.4
MAR02166,Plastique,PVC,200,68.5,2018,2315.5,1051.4,2289.5,1114.8
MAR02167,Fonte,Fonte ductile,600,139.5,1997,2289.5,1114.8,2289.1,1254.3
MAR02168,Plastique,PVC,100,161.2,2015,2289.1,1254.3,2198.1,1387.4
MAR02169,Fonte,Fonte grise,300,147.4,1957,2198.1,1387.4,2135.1,1520.6
MAR02170,Fonte,Fonte ductile,40,184.7,1970,2135.1,1520.6,2117.7,1704.4
MAR02171,Plastique,PEHD,100,128.8,2024,2117.7,1704.4,2077.6,1826.8
MAR02172,Fonte,Fonte ductile,400,189.1,1972,2077.6,1826.8,1988.4,1993.5
MAR02173,Fonte,Fonte ductile,100,137.2,2006,1988.4,1993.5,1928.9,2117.2
MAR02174,Plastique,PVC collé,80,83.1,1970,1928.9,2117.2,1935.4,2200.1
MAR02175,Plastique,PEHD,250,134.5,2008,1935.4,2200.1,1850.5,2304.4
MAR02176,Fonte,Fonte grise,80,179.0,1960,1850.5,2304.4,1751.2,2453.3
MAR02177,Fonte,Fonte ductile,150,204.7,2002,1751.2,2453.3,1751.7,2658.1
MAR02178,Acier,Acier,40,180.5,1963,1660.4,2733.7,1639.4,2913.0
MAR02179,Fonte,Fonte grise,300,113.6,1961,1639.4,2913.0,1546.2,2978.0
